id,materia,titulo,recomendacao,gravidade,achados,limites
fis-termologia-calor,Física,"Calor, temperatura e mudanças de estado",ajustar,media,"Curva de aquecimento distingue rampas e patamares, mas o capítulo centraliza temperatura versus calor, escalas e transferência. A prancha de calorimetria abre outro recorte; acrescentar mecanismos de condução/convecção/irradiação e distinção de grandezas.","Inspeção visual restrita ao SVG/artefato central em claro 390 e 1440 px; não aprova composição editorial integral, inspetor e todos os controles. | Harness mede 390/768/1440 px nos dois temas e percorre três modos/primeiro botão; não comprova todos os parâmetros, diagnóstico, teclado, drag-and-drop ou movimento completo. | Capturas mobile podem incluir .crivo-mobile-toolbar sobre o rodapé; essa sobreposição de recorte não foi classificada como bug do aplicativo. | Tema escuro foi medido no navegador, sem captura visual individual nesta rodada."
summary-fisica-cinematica-escalar-conceitos-fundamentais,Física,Cinemática Escalar. Conceitos Fundamentais,ajustar,media,"O gráfico v×t tem eixos e área legíveis, mas substitui conceitos fundamentais de referencial, posição, deslocamento e distância por comparação MRU/MRUV; falta cena de referencial e percurso.","Inspeção visual restrita ao SVG/artefato central em claro 390 e 1440 px; não aprova composição editorial integral, inspetor e todos os controles. | Harness mede 390/768/1440 px nos dois temas e percorre três modos/primeiro botão; não comprova todos os parâmetros, diagnóstico, teclado, drag-and-drop ou movimento completo. | Capturas mobile podem incluir .crivo-mobile-toolbar sobre o rodapé; essa sobreposição de recorte não foi classificada como bug do aplicativo. | Tema escuro foi medido no navegador, sem captura visual individual nesta rodada."
summary-fisica-movimento-uniforme,Física,Movimento Uniforme,manter,nenhuma,Reta s×t crescente e s₀ identificam posição inicial e velocidade constante; o desenho corresponde ao modelo do capítulo.,"Inspeção visual restrita ao SVG/artefato central em claro 390 e 1440 px; não aprova composição editorial integral, inspetor e todos os controles. | Harness mede 390/768/1440 px nos dois temas e percorre três modos/primeiro botão; não comprova todos os parâmetros, diagnóstico, teclado, drag-and-drop ou movimento completo. | Capturas mobile podem incluir .crivo-mobile-toolbar sobre o rodapé; essa sobreposição de recorte não foi classificada como bug do aplicativo. | Tema escuro foi medido no navegador, sem captura visual individual nesta rodada."
summary-fisica-movimento-uniformemente-variado,Física,Movimento Uniformemente Variado,manter,nenhuma,Parábola s×t e indicação de aceleração constante partindo do repouso distinguem MUV de MU; os eixos preservam a relação correta.,"Inspeção visual restrita ao SVG/artefato central em claro 390 e 1440 px; não aprova composição editorial integral, inspetor e todos os controles. | Harness mede 390/768/1440 px nos dois temas e percorre três modos/primeiro botão; não comprova todos os parâmetros, diagnóstico, teclado, drag-and-drop ou movimento completo. | Capturas mobile podem incluir .crivo-mobile-toolbar sobre o rodapé; essa sobreposição de recorte não foi classificada como bug do aplicativo. | Tema escuro foi medido no navegador, sem captura visual individual nesta rodada."
summary-fisica-o-movimento-circular,Física,O Movimento Circular,manter,nenhuma,"Duas polias com correia tangente, raios e velocidades angulares diferentes explicam acoplamento por mesma velocidade linear.","Inspeção visual restrita ao SVG/artefato central em claro 390 e 1440 px; não aprova composição editorial integral, inspetor e todos os controles. | Harness mede 390/768/1440 px nos dois temas e percorre três modos/primeiro botão; não comprova todos os parâmetros, diagnóstico, teclado, drag-and-drop ou movimento completo. | Capturas mobile podem incluir .crivo-mobile-toolbar sobre o rodapé; essa sobreposição de recorte não foi classificada como bug do aplicativo. | Tema escuro foi medido no navegador, sem captura visual individual nesta rodada."
summary-fisica-grandezas-fisicas-e-operacoes-com-vetores,Física,Grandezas Físicas e Operações com Vetores,manter,nenhuma,"Componentes perpendiculares 4 e 3 e resultante 5 desenham soma vetorial geometricamente coerente, com projeções identificadas.","Inspeção visual restrita ao SVG/artefato central em claro 390 e 1440 px; não aprova composição editorial integral, inspetor e todos os controles. | Harness mede 390/768/1440 px nos dois temas e percorre três modos/primeiro botão; não comprova todos os parâmetros, diagnóstico, teclado, drag-and-drop ou movimento completo. | Capturas mobile podem incluir .crivo-mobile-toolbar sobre o rodapé; essa sobreposição de recorte não foi classificada como bug do aplicativo. | Tema escuro foi medido no navegador, sem captura visual individual nesta rodada."
summary-fisica-velocidade-vetorial,Física,Velocidade Vetorial,manter,nenhuma,"Vetor inteiro versus componentes e rapidez de 5 m/s distinguem módulo, direção e sentido; origem e projeções são reconhecíveis.","Inspeção visual restrita ao SVG/artefato central em claro 390 e 1440 px; não aprova composição editorial integral, inspetor e todos os controles. | Harness mede 390/768/1440 px nos dois temas e percorre três modos/primeiro botão; não comprova todos os parâmetros, diagnóstico, teclado, drag-and-drop ou movimento completo. | Capturas mobile podem incluir .crivo-mobile-toolbar sobre o rodapé; essa sobreposição de recorte não foi classificada como bug do aplicativo. | Tema escuro foi medido no navegador, sem captura visual individual nesta rodada."
summary-fisica-composicao-de-movimentos,Física,Composição de Movimentos,manter,nenhuma,"Margens do rio, correnteza e percurso diagonal articulam composição independente e chegada rio abaixo; os dois movimentos têm sentidos visíveis.","Inspeção visual restrita ao SVG/artefato central em claro 390 e 1440 px; não aprova composição editorial integral, inspetor e todos os controles. | Harness mede 390/768/1440 px nos dois temas e percorre três modos/primeiro botão; não comprova todos os parâmetros, diagnóstico, teclado, drag-and-drop ou movimento completo. | Capturas mobile podem incluir .crivo-mobile-toolbar sobre o rodapé; essa sobreposição de recorte não foi classificada como bug do aplicativo. | Tema escuro foi medido no navegador, sem captura visual individual nesta rodada."
summary-fisica-aceleracao-vetorial,Física,Aceleração Vetorial,redesenhar,media,"Matriz MCU/MCUV/MRU/MRUV apenas classifica acelerações nulas ou não nulas; não mostra velocidade tangente, aceleração radial nem mudança de módulo, mecanismo central do capítulo.","Inspeção visual restrita ao SVG/artefato central em claro 390 e 1440 px; não aprova composição editorial integral, inspetor e todos os controles. | Harness mede 390/768/1440 px nos dois temas e percorre três modos/primeiro botão; não comprova todos os parâmetros, diagnóstico, teclado, drag-and-drop ou movimento completo. | Capturas mobile podem incluir .crivo-mobile-toolbar sobre o rodapé; essa sobreposição de recorte não foi classificada como bug do aplicativo. | Tema escuro foi medido no navegador, sem captura visual individual nesta rodada."
summary-fisica-forca-e-seus-tipos,Física,Força e seus Tipos,ajustar,media,"Corpo livre é específico, mas normal, tração, atrito e mola aparecem muito esmaecidos enquanto peso domina; seleção precisa preservar legibilidade do sistema de forças necessário à comparação.","Inspeção visual restrita ao SVG/artefato central em claro 390 e 1440 px; não aprova composição editorial integral, inspetor e todos os controles. | Harness mede 390/768/1440 px nos dois temas e percorre três modos/primeiro botão; não comprova todos os parâmetros, diagnóstico, teclado, drag-and-drop ou movimento completo. | Capturas mobile podem incluir .crivo-mobile-toolbar sobre o rodapé; essa sobreposição de recorte não foi classificada como bug do aplicativo. | Tema escuro foi medido no navegador, sem captura visual individual nesta rodada."
summary-fisica-resultante-de-um-sistema-de-forcas,Física,Resultante de um Sistema de Forças,manter,nenhuma,Forças opostas 6 N e 8 N e resultante 2 N para direita deixam claro o efeito líquido sobre o bloco.,"Inspeção visual restrita ao SVG/artefato central em claro 390 e 1440 px; não aprova composição editorial integral, inspetor e todos os controles. | Harness mede 390/768/1440 px nos dois temas e percorre três modos/primeiro botão; não comprova todos os parâmetros, diagnóstico, teclado, drag-and-drop ou movimento completo. | Capturas mobile podem incluir .crivo-mobile-toolbar sobre o rodapé; essa sobreposição de recorte não foi classificada como bug do aplicativo. | Tema escuro foi medido no navegador, sem captura visual individual nesta rodada."
summary-fisica-as-leis-de-newton,Física,As Leis de Newton,ajustar,media,"Mobile mostra síntese de três leis; desktop foi recortado no SVG auxiliar do carrinho, sem as relações da prancha central. Inspeção central desktop incompleta; revisar captura integral antes de aprovar.","Inspeção visual restrita ao SVG/artefato central em claro 390 e 1440 px; não aprova composição editorial integral, inspetor e todos os controles. | Harness mede 390/768/1440 px nos dois temas e percorre três modos/primeiro botão; não comprova todos os parâmetros, diagnóstico, teclado, drag-and-drop ou movimento completo. | Capturas mobile podem incluir .crivo-mobile-toolbar sobre o rodapé; essa sobreposição de recorte não foi classificada como bug do aplicativo. | Tema escuro foi medido no navegador, sem captura visual individual nesta rodada. | Desktop: algoritmo escolheu SVG auxiliar mais largo; cena principal desktop não foi verificada."
summary-fisica-a-forca-de-contato,Física,A Força de Contato,manter,nenhuma,Normal perpendicular e atrito paralelo ao contato têm direções identificadas; aplicada e resultante horizontal correspondem à diferença dos módulos.,"Inspeção visual restrita ao SVG/artefato central em claro 390 e 1440 px; não aprova composição editorial integral, inspetor e todos os controles. | Harness mede 390/768/1440 px nos dois temas e percorre três modos/primeiro botão; não comprova todos os parâmetros, diagnóstico, teclado, drag-and-drop ou movimento completo. | Capturas mobile podem incluir .crivo-mobile-toolbar sobre o rodapé; essa sobreposição de recorte não foi classificada como bug do aplicativo. | Tema escuro foi medido no navegador, sem captura visual individual nesta rodada."
summary-fisica-sistema-de-corpos-interagindo-e-os-elementos-transmissores-de-forca,Física,Sistema de Corpos Interagindo e os Elementos Transmissores de Força,ajustar,media,"Dois blocos e fio mostram trações opostas, mas a frase ação e reação em corpos diferentes junto às duas trações sugere que elas formam o par de terceira lei. São forças do mesmo fio sobre corpos diferentes; seus pares atuam no fio.","Inspeção visual restrita ao SVG/artefato central em claro 390 e 1440 px; não aprova composição editorial integral, inspetor e todos os controles. | Harness mede 390/768/1440 px nos dois temas e percorre três modos/primeiro botão; não comprova todos os parâmetros, diagnóstico, teclado, drag-and-drop ou movimento completo. | Capturas mobile podem incluir .crivo-mobile-toolbar sobre o rodapé; essa sobreposição de recorte não foi classificada como bug do aplicativo. | Tema escuro foi medido no navegador, sem captura visual individual nesta rodada."
summary-fisica-plano-inclinado,Física,Plano Inclinado,manter,nenhuma,"Peso vertical e componentes paralela/perpendicular ao plano são proporcionais ao ângulo de 30° e têm módulos 5 e 8,7 N coerentes.","Inspeção visual restrita ao SVG/artefato central em claro 390 e 1440 px; não aprova composição editorial integral, inspetor e todos os controles. | Harness mede 390/768/1440 px nos dois temas e percorre três modos/primeiro botão; não comprova todos os parâmetros, diagnóstico, teclado, drag-and-drop ou movimento completo. | Capturas mobile podem incluir .crivo-mobile-toolbar sobre o rodapé; essa sobreposição de recorte não foi classificada como bug do aplicativo. | Tema escuro foi medido no navegador, sem captura visual individual nesta rodada."
summary-fisica-leis-da-gravitacao,Física,Leis da Gravitação,manter,nenhuma,"Distâncias em múltiplos de R e barras de força evidenciam decaimento 1/r², com comparação explícita de dobrar distância.","Inspeção visual restrita ao SVG/artefato central em claro 390 e 1440 px; não aprova composição editorial integral, inspetor e todos os controles. | Harness mede 390/768/1440 px nos dois temas e percorre três modos/primeiro botão; não comprova todos os parâmetros, diagnóstico, teclado, drag-and-drop ou movimento completo. | Capturas mobile podem incluir .crivo-mobile-toolbar sobre o rodapé; essa sobreposição de recorte não foi classificada como bug do aplicativo. | Tema escuro foi medido no navegador, sem captura visual individual nesta rodada."
summary-fisica-dinamica-do-movimento-circular,Física,Dinâmica do Movimento Circular,manter,nenhuma,Velocidade tangente e força radial separam a direção do movimento da direção da aceleração centrípeta.,"Inspeção visual restrita ao SVG/artefato central em claro 390 e 1440 px; não aprova composição editorial integral, inspetor e todos os controles. | Harness mede 390/768/1440 px nos dois temas e percorre três modos/primeiro botão; não comprova todos os parâmetros, diagnóstico, teclado, drag-and-drop ou movimento completo. | Capturas mobile podem incluir .crivo-mobile-toolbar sobre o rodapé; essa sobreposição de recorte não foi classificada como bug do aplicativo. | Tema escuro foi medido no navegador, sem captura visual individual nesta rodada."
summary-fisica-analisando-movimentos-contidos-em-um-plano-vertical,Física,Analisando Movimentos Contidos em um Plano Vertical,ajustar,media,"Círculo e mg+N no topo identificam o caso vertical, mas não comparam fundo e topo nem explicitam setas distintas do peso e normal; o critério N≥0 fica desconectado da configuração.","Inspeção visual restrita ao SVG/artefato central em claro 390 e 1440 px; não aprova composição editorial integral, inspetor e todos os controles. | Harness mede 390/768/1440 px nos dois temas e percorre três modos/primeiro botão; não comprova todos os parâmetros, diagnóstico, teclado, drag-and-drop ou movimento completo. | Capturas mobile podem incluir .crivo-mobile-toolbar sobre o rodapé; essa sobreposição de recorte não foi classificada como bug do aplicativo. | Tema escuro foi medido no navegador, sem captura visual individual nesta rodada."
summary-fisica-orbitas,Física,Órbitas,manter,nenhuma,"Planeta, satélite, velocidade tangente e gravidade para o centro organizam a cena orbital; a igualdade Fg=Fc é contextualizada.","Inspeção visual restrita ao SVG/artefato central em claro 390 e 1440 px; não aprova composição editorial integral, inspetor e todos os controles. | Harness mede 390/768/1440 px nos dois temas e percorre três modos/primeiro botão; não comprova todos os parâmetros, diagnóstico, teclado, drag-and-drop ou movimento completo. | Capturas mobile podem incluir .crivo-mobile-toolbar sobre o rodapé; essa sobreposição de recorte não foi classificada como bug do aplicativo. | Tema escuro foi medido no navegador, sem captura visual individual nesta rodada."
summary-fisica-balistica,Física,Balística,manter,nenhuma,"Pontos ao longo da parábola, Vx constante e Vy que reduz/zera/inverte explicam os dois movimentos da balística.","Inspeção visual restrita ao SVG/artefato central em claro 390 e 1440 px; não aprova composição editorial integral, inspetor e todos os controles. | Harness mede 390/768/1440 px nos dois temas e percorre três modos/primeiro botão; não comprova todos os parâmetros, diagnóstico, teclado, drag-and-drop ou movimento completo. | Capturas mobile podem incluir .crivo-mobile-toolbar sobre o rodapé; essa sobreposição de recorte não foi classificada como bug do aplicativo. | Tema escuro foi medido no navegador, sem captura visual individual nesta rodada."
summary-fisica-movimento-harmonico-simples-mhs,Física,Movimento Harmônico Simples (MHS),ajustar,media,"Mola e bloco deslocado ilustram o objeto, porém não há força restauradora apontando para equilíbrio, velocidade ou extremos; a indicação equilíbrio x=0 não explica a causalidade do MHS.","Inspeção visual restrita ao SVG/artefato central em claro 390 e 1440 px; não aprova composição editorial integral, inspetor e todos os controles. | Harness mede 390/768/1440 px nos dois temas e percorre três modos/primeiro botão; não comprova todos os parâmetros, diagnóstico, teclado, drag-and-drop ou movimento completo. | Capturas mobile podem incluir .crivo-mobile-toolbar sobre o rodapé; essa sobreposição de recorte não foi classificada como bug do aplicativo. | Tema escuro foi medido no navegador, sem captura visual individual nesta rodada."
summary-fisica-impulso-e-quantidade-de-movimento,Física,Impulso e Quantidade de Movimento,manter,nenhuma,Área retangular F×t com 4 N durante 2 s produz 8 N·s; o teorema do impulso fica ancorado no gráfico.,"Inspeção visual restrita ao SVG/artefato central em claro 390 e 1440 px; não aprova composição editorial integral, inspetor e todos os controles. | Harness mede 390/768/1440 px nos dois temas e percorre três modos/primeiro botão; não comprova todos os parâmetros, diagnóstico, teclado, drag-and-drop ou movimento completo. | Capturas mobile podem incluir .crivo-mobile-toolbar sobre o rodapé; essa sobreposição de recorte não foi classificada como bug do aplicativo. | Tema escuro foi medido no navegador, sem captura visual individual nesta rodada."
summary-fisica-sistemas-isolados-e-a-conservacao-da-quantidade-de-movimento,Física,Sistemas Isolados e a Conservação da Quantidade de Movimento,manter,nenhuma,"Antes e depois grudados mantêm p=6 kg·m/s e mostram mudança de velocidade, representando colisão inelástica em sistema isolado.","Inspeção visual restrita ao SVG/artefato central em claro 390 e 1440 px; não aprova composição editorial integral, inspetor e todos os controles. | Harness mede 390/768/1440 px nos dois temas e percorre três modos/primeiro botão; não comprova todos os parâmetros, diagnóstico, teclado, drag-and-drop ou movimento completo. | Capturas mobile podem incluir .crivo-mobile-toolbar sobre o rodapé; essa sobreposição de recorte não foi classificada como bug do aplicativo. | Tema escuro foi medido no navegador, sem captura visual individual nesta rodada."
summary-fisica-colisoes,Física,Colisões,manter,nenhuma,Dois corpos antes/depois e vetores de velocidade ilustram a colisão elástica selecionada e distinguem conservação de momento e energia cinética.,"Inspeção visual restrita ao SVG/artefato central em claro 390 e 1440 px; não aprova composição editorial integral, inspetor e todos os controles. | Harness mede 390/768/1440 px nos dois temas e percorre três modos/primeiro botão; não comprova todos os parâmetros, diagnóstico, teclado, drag-and-drop ou movimento completo. | Capturas mobile podem incluir .crivo-mobile-toolbar sobre o rodapé; essa sobreposição de recorte não foi classificada como bug do aplicativo. | Tema escuro foi medido no navegador, sem captura visual individual nesta rodada."
summary-fisica-trabalho-e-energia-trabalho-de-uma-forca,Física,Trabalho e Energia: Trabalho de uma Força,manter,nenhuma,"Bloco deslocado 5 m, força e área F×d ligam transferência de energia ao trabalho de 20 J.","Inspeção visual restrita ao SVG/artefato central em claro 390 e 1440 px; não aprova composição editorial integral, inspetor e todos os controles. | Harness mede 390/768/1440 px nos dois temas e percorre três modos/primeiro botão; não comprova todos os parâmetros, diagnóstico, teclado, drag-and-drop ou movimento completo. | Capturas mobile podem incluir .crivo-mobile-toolbar sobre o rodapé; essa sobreposição de recorte não foi classificada como bug do aplicativo. | Tema escuro foi medido no navegador, sem captura visual individual nesta rodada."
summary-fisica-trabalho-e-energia-teorema-da-energia-cinetica,Física,Trabalho e Energia: Teorema da Energia Cinética,manter,nenhuma,"Curva Ec×v compara 4 m/s e 8 m/s com 16 J e 64 J, evidenciando dependência quadrática.","Inspeção visual restrita ao SVG/artefato central em claro 390 e 1440 px; não aprova composição editorial integral, inspetor e todos os controles. | Harness mede 390/768/1440 px nos dois temas e percorre três modos/primeiro botão; não comprova todos os parâmetros, diagnóstico, teclado, drag-and-drop ou movimento completo. | Capturas mobile podem incluir .crivo-mobile-toolbar sobre o rodapé; essa sobreposição de recorte não foi classificada como bug do aplicativo. | Tema escuro foi medido no navegador, sem captura visual individual nesta rodada."
summary-fisica-trabalho-e-energia-o-teorema-da-energia-potencial,Física,Trabalho e Energia: o Teorema da Energia Potencial,ajustar,media,"Rampa e altura h aparecem, mas bloco flutua à direita abaixo da rampa; não há posição inicial/final, peso ou conversão de energia que explique trabalho conservativo e energia potencial.","Inspeção visual restrita ao SVG/artefato central em claro 390 e 1440 px; não aprova composição editorial integral, inspetor e todos os controles. | Harness mede 390/768/1440 px nos dois temas e percorre três modos/primeiro botão; não comprova todos os parâmetros, diagnóstico, teclado, drag-and-drop ou movimento completo. | Capturas mobile podem incluir .crivo-mobile-toolbar sobre o rodapé; essa sobreposição de recorte não foi classificada como bug do aplicativo. | Tema escuro foi medido no navegador, sem captura visual individual nesta rodada."
summary-fisica-sistemas-conservativos-e-sistemas-nao-conservativos,Física,Sistemas Conservativos e Sistemas Não Conservativos,ajustar,media,"Atrito aparece como traço sem ponta sobre bloco parado; 12 J viram energia interna, mas não há deslocamento/força em oposição nem comparação visual com conservação de energia mecânica.","Inspeção visual restrita ao SVG/artefato central em claro 390 e 1440 px; não aprova composição editorial integral, inspetor e todos os controles. | Harness mede 390/768/1440 px nos dois temas e percorre três modos/primeiro botão; não comprova todos os parâmetros, diagnóstico, teclado, drag-and-drop ou movimento completo. | Capturas mobile podem incluir .crivo-mobile-toolbar sobre o rodapé; essa sobreposição de recorte não foi classificada como bug do aplicativo. | Tema escuro foi medido no navegador, sem captura visual individual nesta rodada."
summary-fisica-potencia-maquina-e-rendimento,Física,"Potência, Máquina e Rendimento",manter,nenhuma,"Gráfico W×t compara o mesmo trabalho em tempos diferentes e associa inclinação a potência, correspondendo à leitura de taxa.","Inspeção visual restrita ao SVG/artefato central em claro 390 e 1440 px; não aprova composição editorial integral, inspetor e todos os controles. | Harness mede 390/768/1440 px nos dois temas e percorre três modos/primeiro botão; não comprova todos os parâmetros, diagnóstico, teclado, drag-and-drop ou movimento completo. | Capturas mobile podem incluir .crivo-mobile-toolbar sobre o rodapé; essa sobreposição de recorte não foi classificada como bug do aplicativo. | Tema escuro foi medido no navegador, sem captura visual individual nesta rodada."
summary-fisica-a-fisica-por-tras-da-obtencao-de-energia-eletrica-das-quedas-d-agua-aos-reatores-nucleares,Física,"A Física por trás da Obtenção de Energia Elétrica, das Quedas-d'Água aos Reatores Nucleares",ajustar,media,"Cadeia queda d’água→turbina/gerador→corrente é coerente para hidrelétrica, porém reduz objetos a círculos e exclui visualmente calor/vapor, reator e conversão fotovoltaica do capítulo; criar comparação de mecanismos.","Inspeção visual restrita ao SVG/artefato central em claro 390 e 1440 px; não aprova composição editorial integral, inspetor e todos os controles. | Harness mede 390/768/1440 px nos dois temas e percorre três modos/primeiro botão; não comprova todos os parâmetros, diagnóstico, teclado, drag-and-drop ou movimento completo. | Capturas mobile podem incluir .crivo-mobile-toolbar sobre o rodapé; essa sobreposição de recorte não foi classificada como bug do aplicativo. | Tema escuro foi medido no navegador, sem captura visual individual nesta rodada."
summary-fisica-equivalencia-massa-energia,Física,Equivalência Massa-Energia,manter,nenhuma,Balança compara núcleons separados com núcleo formado e explicita defeito de massa convertido em energia; a cena é própria do mecanismo nuclear.,"Inspeção visual restrita ao SVG/artefato central em claro 390 e 1440 px; não aprova composição editorial integral, inspetor e todos os controles. | Harness mede 390/768/1440 px nos dois temas e percorre três modos/primeiro botão; não comprova todos os parâmetros, diagnóstico, teclado, drag-and-drop ou movimento completo. | Capturas mobile podem incluir .crivo-mobile-toolbar sobre o rodapé; essa sobreposição de recorte não foi classificada como bug do aplicativo. | Tema escuro foi medido no navegador, sem captura visual individual nesta rodada."
summary-fisica-estatica,Física,Estática,ajustar,media,Translação tem forças legíveis; rotação e contraexemplo ficam tão esmaecidos que braços e torques perdem leitura no estado inicial. Preservar a comparação simultânea das duas condições de equilíbrio.,"Inspeção visual restrita ao SVG/artefato central em claro 390 e 1440 px; não aprova composição editorial integral, inspetor e todos os controles. | Harness mede 390/768/1440 px nos dois temas e percorre três modos/primeiro botão; não comprova todos os parâmetros, diagnóstico, teclado, drag-and-drop ou movimento completo. | Capturas mobile podem incluir .crivo-mobile-toolbar sobre o rodapé; essa sobreposição de recorte não foi classificada como bug do aplicativo. | Tema escuro foi medido no navegador, sem captura visual individual nesta rodada."
summary-fisica-hidrostatica-densidade-e-pressao,Física,Hidrostática: Densidade e Pressão,manter,nenhuma,"Coluna de líquido, pressão com profundidade e corpos de densidades diferentes organizam hidrostática e condição de flutuação.","Inspeção visual restrita ao SVG/artefato central em claro 390 e 1440 px; não aprova composição editorial integral, inspetor e todos os controles. | Harness mede 390/768/1440 px nos dois temas e percorre três modos/primeiro botão; não comprova todos os parâmetros, diagnóstico, teclado, drag-and-drop ou movimento completo. | Capturas mobile podem incluir .crivo-mobile-toolbar sobre o rodapé; essa sobreposição de recorte não foi classificada como bug do aplicativo. | Tema escuro foi medido no navegador, sem captura visual individual nesta rodada."
summary-fisica-dilatacao-ou-contracao-termica-dos-solidos-e-liquidos,Física,Dilatação ou Contração Térmica dos Sólidos e Líquidos,redesenhar,media,"Três barras empilhadas com nomes Linear/Superficial/Volumétrica substituem dilatação real; nenhuma dimensão inicial/final, aquecimento ou recipiente explica expansão de sólidos/líquidos.","Inspeção visual restrita ao SVG/artefato central em claro 390 e 1440 px; não aprova composição editorial integral, inspetor e todos os controles. | Harness mede 390/768/1440 px nos dois temas e percorre três modos/primeiro botão; não comprova todos os parâmetros, diagnóstico, teclado, drag-and-drop ou movimento completo. | Capturas mobile podem incluir .crivo-mobile-toolbar sobre o rodapé; essa sobreposição de recorte não foi classificada como bug do aplicativo. | Tema escuro foi medido no navegador, sem captura visual individual nesta rodada."
summary-fisica-calor-sensivel-e-calor-latente,Física,Calor Sensível e Calor Latente,manter,nenhuma,"Curva com rampas e patamares de fusão/ebulição distingue calor sensível de latente, com Q=m·c·ΔT nas rampas.","Inspeção visual restrita ao SVG/artefato central em claro 390 e 1440 px; não aprova composição editorial integral, inspetor e todos os controles. | Harness mede 390/768/1440 px nos dois temas e percorre três modos/primeiro botão; não comprova todos os parâmetros, diagnóstico, teclado, drag-and-drop ou movimento completo. | Capturas mobile podem incluir .crivo-mobile-toolbar sobre o rodapé; essa sobreposição de recorte não foi classificada como bug do aplicativo. | Tema escuro foi medido no navegador, sem captura visual individual nesta rodada."
summary-fisica-gases-ideais-variaveis-de-estado-e-as-transformacoes-gasosas,Física,Gases Ideais: Variáveis de Estado e as Transformações Gasosas,manter,nenhuma,"Hipérbole P×V e T constante representam corretamente a transformação isotérmica selecionada, com eixos explícitos.","Inspeção visual restrita ao SVG/artefato central em claro 390 e 1440 px; não aprova composição editorial integral, inspetor e todos os controles. | Harness mede 390/768/1440 px nos dois temas e percorre três modos/primeiro botão; não comprova todos os parâmetros, diagnóstico, teclado, drag-and-drop ou movimento completo. | Capturas mobile podem incluir .crivo-mobile-toolbar sobre o rodapé; essa sobreposição de recorte não foi classificada como bug do aplicativo. | Tema escuro foi medido no navegador, sem captura visual individual nesta rodada."
summary-fisica-trabalho-da-forca-de-pressao-do-gas,Física,Trabalho da Força de Pressão do Gás,redesenhar,alta,"Retângulo preenchido flutua acima e à direita da origem sem curva p(V), eixos p/V nem limites de volume. A área desenhada não é a região sob p(V) até o eixo V que mede trabalho.","Inspeção visual restrita ao SVG/artefato central em claro 390 e 1440 px; não aprova composição editorial integral, inspetor e todos os controles. | Harness mede 390/768/1440 px nos dois temas e percorre três modos/primeiro botão; não comprova todos os parâmetros, diagnóstico, teclado, drag-and-drop ou movimento completo. | Capturas mobile podem incluir .crivo-mobile-toolbar sobre o rodapé; essa sobreposição de recorte não foi classificada como bug do aplicativo. | Tema escuro foi medido no navegador, sem captura visual individual nesta rodada."
summary-fisica-primeira-lei-da-termodinamica,Física,Primeira Lei da Termodinâmica,ajustar,media,Círculo com ΔU e segmentos Q/W sem pontas não identifica entrada/saída de energia; é um balanço numérico sem mecanismo nem convenção visual dos sinais.,"Inspeção visual restrita ao SVG/artefato central em claro 390 e 1440 px; não aprova composição editorial integral, inspetor e todos os controles. | Harness mede 390/768/1440 px nos dois temas e percorre três modos/primeiro botão; não comprova todos os parâmetros, diagnóstico, teclado, drag-and-drop ou movimento completo. | Capturas mobile podem incluir .crivo-mobile-toolbar sobre o rodapé; essa sobreposição de recorte não foi classificada como bug do aplicativo. | Tema escuro foi medido no navegador, sem captura visual individual nesta rodada."
summary-fisica-primeira-lei-da-termodinamica-aplicada-a-algumas-transformacoes-particulares,Física,Primeira Lei da Termodinâmica Aplicada a Algumas Transformações Particulares,manter,nenhuma,"Cilindro, êmbolo, partículas e parede isolante formam uma cena física específica de adiabática, consistente com o caso selecionado da primeira lei.","Inspeção visual restrita ao SVG/artefato central em claro 390 e 1440 px; não aprova composição editorial integral, inspetor e todos os controles. | Harness mede 390/768/1440 px nos dois temas e percorre três modos/primeiro botão; não comprova todos os parâmetros, diagnóstico, teclado, drag-and-drop ou movimento completo. | Capturas mobile podem incluir .crivo-mobile-toolbar sobre o rodapé; essa sobreposição de recorte não foi classificada como bug do aplicativo. | Tema escuro foi medido no navegador, sem captura visual individual nesta rodada."
summary-fisica-maquinas-termicas-e-ciclo-de-carnot,Física,Máquinas Térmicas e Ciclo de Carnot,redesenhar,media,"Fontes quente/fria ligadas por segmento e W solto não mostram máquina, fluxos Qq/Qf, trabalho saindo ou etapas do ciclo de Carnot; o mecanismo térmico fica ausente.","Inspeção visual restrita ao SVG/artefato central em claro 390 e 1440 px; não aprova composição editorial integral, inspetor e todos os controles. | Harness mede 390/768/1440 px nos dois temas e percorre três modos/primeiro botão; não comprova todos os parâmetros, diagnóstico, teclado, drag-and-drop ou movimento completo. | Capturas mobile podem incluir .crivo-mobile-toolbar sobre o rodapé; essa sobreposição de recorte não foi classificada como bug do aplicativo. | Tema escuro foi medido no navegador, sem captura visual individual nesta rodada."
summary-fisica-eletrostatica-processos-de-eletrizacao-e-aplicacoes,Física,Eletrostática: Processos de Eletrização e Aplicações,ajustar,media,"Esferas e seta de elétrons ilustram redistribuição, mas estado escolhido declara atrito sem contato/rubrica de transferência no material; diferenciar visualmente atrito, contato e indução.","Inspeção visual restrita ao SVG/artefato central em claro 390 e 1440 px; não aprova composição editorial integral, inspetor e todos os controles. | Harness mede 390/768/1440 px nos dois temas e percorre três modos/primeiro botão; não comprova todos os parâmetros, diagnóstico, teclado, drag-and-drop ou movimento completo. | Capturas mobile podem incluir .crivo-mobile-toolbar sobre o rodapé; essa sobreposição de recorte não foi classificada como bug do aplicativo. | Tema escuro foi medido no navegador, sem captura visual individual nesta rodada."
summary-fisica-forca-eletrica-lei-de-coulomb,Física,Força Elétrica: Lei de Coulomb,ajustar,media,"Cargas +/− e distância visual são específicas, mas segmento entre elas não tem setas de forças iguais/opostas nem r marcado; atração aparece só no rodapé.","Inspeção visual restrita ao SVG/artefato central em claro 390 e 1440 px; não aprova composição editorial integral, inspetor e todos os controles. | Harness mede 390/768/1440 px nos dois temas e percorre três modos/primeiro botão; não comprova todos os parâmetros, diagnóstico, teclado, drag-and-drop ou movimento completo. | Capturas mobile podem incluir .crivo-mobile-toolbar sobre o rodapé; essa sobreposição de recorte não foi classificada como bug do aplicativo. | Tema escuro foi medido no navegador, sem captura visual individual nesta rodada."
summary-fisica-campo-eletrico,Física,Campo Elétrico,ajustar,media,"Seis raios sem pontas saem de carga positiva; o sentido de E, conceito principal, depende exclusivamente da frase linhas saem de +Q.","Inspeção visual restrita ao SVG/artefato central em claro 390 e 1440 px; não aprova composição editorial integral, inspetor e todos os controles. | Harness mede 390/768/1440 px nos dois temas e percorre três modos/primeiro botão; não comprova todos os parâmetros, diagnóstico, teclado, drag-and-drop ou movimento completo. | Capturas mobile podem incluir .crivo-mobile-toolbar sobre o rodapé; essa sobreposição de recorte não foi classificada como bug do aplicativo. | Tema escuro foi medido no navegador, sem captura visual individual nesta rodada."
summary-fisica-energia-potencial-e-potencial-eletrico,Física,Energia Potencial e Potencial Elétrico,ajustar,media,"Equipotenciais concêntricas são reconhecíveis, mas círculos excedem a borda esquerda e não há valores de V/r nem trabalho/deslocamento; a distinção energia potencial versus potencial permanece só textual.","Inspeção visual restrita ao SVG/artefato central em claro 390 e 1440 px; não aprova composição editorial integral, inspetor e todos os controles. | Harness mede 390/768/1440 px nos dois temas e percorre três modos/primeiro botão; não comprova todos os parâmetros, diagnóstico, teclado, drag-and-drop ou movimento completo. | Capturas mobile podem incluir .crivo-mobile-toolbar sobre o rodapé; essa sobreposição de recorte não foi classificada como bug do aplicativo. | Tema escuro foi medido no navegador, sem captura visual individual nesta rodada."
summary-fisica-mapeamento-do-campo-eletrico-linhas-de-forca-e-superficies-equipotenciais,Física,Mapeamento do Campo Elétrico: Linhas de Força e Superfícies Equipotenciais,manter,nenhuma,"Linhas radiais com pontas, equipotenciais circulares e vetor E no ponto de teste evidenciam perpendicularidade campo/equipotencial.","Inspeção visual restrita ao SVG/artefato central em claro 390 e 1440 px; não aprova composição editorial integral, inspetor e todos os controles. | Harness mede 390/768/1440 px nos dois temas e percorre três modos/primeiro botão; não comprova todos os parâmetros, diagnóstico, teclado, drag-and-drop ou movimento completo. | Capturas mobile podem incluir .crivo-mobile-toolbar sobre o rodapé; essa sobreposição de recorte não foi classificada como bug do aplicativo. | Tema escuro foi medido no navegador, sem captura visual individual nesta rodada."
summary-fisica-campo-eletrico-uniforme-abordagem-escalar-e-abordagem-vetorial,Física,Campo Elétrico Uniforme: Abordagem Escalar e Abordagem Vetorial,ajustar,media,"Placas + e − delimitam campo uniforme, mas linhas horizontais não têm pontas e carga de teste não tem sinal/vetor de força; a abordagem vetorial perde sentido visual.","Inspeção visual restrita ao SVG/artefato central em claro 390 e 1440 px; não aprova composição editorial integral, inspetor e todos os controles. | Harness mede 390/768/1440 px nos dois temas e percorre três modos/primeiro botão; não comprova todos os parâmetros, diagnóstico, teclado, drag-and-drop ou movimento completo. | Capturas mobile podem incluir .crivo-mobile-toolbar sobre o rodapé; essa sobreposição de recorte não foi classificada como bug do aplicativo. | Tema escuro foi medido no navegador, sem captura visual individual nesta rodada."
summary-fisica-dinamica-das-cargas-eletricas,Física,Dinâmica das Cargas Elétricas,ajustar,media,"Carga positiva numa seta com F=qE não distingue força, campo, velocidade ou aceleração; precisa mostrar relação entre aceleração e carga/massa para ensinar a dinâmica.","Inspeção visual restrita ao SVG/artefato central em claro 390 e 1440 px; não aprova composição editorial integral, inspetor e todos os controles. | Harness mede 390/768/1440 px nos dois temas e percorre três modos/primeiro botão; não comprova todos os parâmetros, diagnóstico, teclado, drag-and-drop ou movimento completo. | Capturas mobile podem incluir .crivo-mobile-toolbar sobre o rodapé; essa sobreposição de recorte não foi classificada como bug do aplicativo. | Tema escuro foi medido no navegador, sem captura visual individual nesta rodada."
summary-fisica-corrente-eletrica,Física,Corrente Elétrica,redesenhar,media,"Quatro pontos estáticos numa linha e frase cargas cruzam a seção não mostram seção, deslocamento, tempo nem sentidos convencional/eletrônico; a cena não explica corrente como fluxo.","Inspeção visual restrita ao SVG/artefato central em claro 390 e 1440 px; não aprova composição editorial integral, inspetor e todos os controles. | Harness mede 390/768/1440 px nos dois temas e percorre três modos/primeiro botão; não comprova todos os parâmetros, diagnóstico, teclado, drag-and-drop ou movimento completo. | Capturas mobile podem incluir .crivo-mobile-toolbar sobre o rodapé; essa sobreposição de recorte não foi classificada como bug do aplicativo. | Tema escuro foi medido no navegador, sem captura visual individual nesta rodada."
summary-fisica-potencia-eletrica,Física,Potência Elétrica,redesenhar,media,"Caixa com 36 W e dois segmentos é um recipiente genérico de número; não mostra tensão, corrente, consumo ao longo do tempo ou conversão de energia no aparelho.","Inspeção visual restrita ao SVG/artefato central em claro 390 e 1440 px; não aprova composição editorial integral, inspetor e todos os controles. | Harness mede 390/768/1440 px nos dois temas e percorre três modos/primeiro botão; não comprova todos os parâmetros, diagnóstico, teclado, drag-and-drop ou movimento completo. | Capturas mobile podem incluir .crivo-mobile-toolbar sobre o rodapé; essa sobreposição de recorte não foi classificada como bug do aplicativo. | Tema escuro foi medido no navegador, sem captura visual individual nesta rodada."
summary-fisica-resistores,Física,Resistores,ajustar,media,"Resistor tem símbolo reconhecível, mas barra solta sem nome/escala não identifica corrente; o sentido mais R→menos i aparece apenas no texto.","Inspeção visual restrita ao SVG/artefato central em claro 390 e 1440 px; não aprova composição editorial integral, inspetor e todos os controles. | Harness mede 390/768/1440 px nos dois temas e percorre três modos/primeiro botão; não comprova todos os parâmetros, diagnóstico, teclado, drag-and-drop ou movimento completo. | Capturas mobile podem incluir .crivo-mobile-toolbar sobre o rodapé; essa sobreposição de recorte não foi classificada como bug do aplicativo. | Tema escuro foi medido no navegador, sem captura visual individual nesta rodada."
summary-fisica-medidores-eletricos,Física,Medidores Elétricos,manter,nenhuma,"Amperímetro A ligado em série com resistor e fonte representa a configuração selecionada e condição Ra≈0, sem confundir a ligação.","Inspeção visual restrita ao SVG/artefato central em claro 390 e 1440 px; não aprova composição editorial integral, inspetor e todos os controles. | Harness mede 390/768/1440 px nos dois temas e percorre três modos/primeiro botão; não comprova todos os parâmetros, diagnóstico, teclado, drag-and-drop ou movimento completo. | Capturas mobile podem incluir .crivo-mobile-toolbar sobre o rodapé; essa sobreposição de recorte não foi classificada como bug do aplicativo. | Tema escuro foi medido no navegador, sem captura visual individual nesta rodada."
summary-fisica-geradores,Física,Geradores,ajustar,media,"Curva U×I decrescente é pertinente, mas cartão fonte entrega ao circuito atravessa a reta e mistura anotação com gráfico; reduzir sobreposição e identificar ponto de operação no próprio gráfico.","Inspeção visual restrita ao SVG/artefato central em claro 390 e 1440 px; não aprova composição editorial integral, inspetor e todos os controles. | Harness mede 390/768/1440 px nos dois temas e percorre três modos/primeiro botão; não comprova todos os parâmetros, diagnóstico, teclado, drag-and-drop ou movimento completo. | Capturas mobile podem incluir .crivo-mobile-toolbar sobre o rodapé; essa sobreposição de recorte não foi classificada como bug do aplicativo. | Tema escuro foi medido no navegador, sem captura visual individual nesta rodada."
summary-fisica-receptores,Física,Receptores,ajustar,media,"Curva U×I crescente é pertinente, mas cartão motor recebe do circuito atravessa a reta, e o marcador horizontal não chega ao ponto indicado U=110 V.","Inspeção visual restrita ao SVG/artefato central em claro 390 e 1440 px; não aprova composição editorial integral, inspetor e todos os controles. | Harness mede 390/768/1440 px nos dois temas e percorre três modos/primeiro botão; não comprova todos os parâmetros, diagnóstico, teclado, drag-and-drop ou movimento completo. | Capturas mobile podem incluir .crivo-mobile-toolbar sobre o rodapé; essa sobreposição de recorte não foi classificada como bug do aplicativo. | Tema escuro foi medido no navegador, sem captura visual individual nesta rodada."
summary-fisica-circuitos-de-malha-unica,Física,Circuitos de Malha Única,manter,nenhuma,"Uma única malha com fonte e R₁/R₂ deixa claro o caminho único e soma de quedas de tensão, coerente com série selecionada.","Inspeção visual restrita ao SVG/artefato central em claro 390 e 1440 px; não aprova composição editorial integral, inspetor e todos os controles. | Harness mede 390/768/1440 px nos dois temas e percorre três modos/primeiro botão; não comprova todos os parâmetros, diagnóstico, teclado, drag-and-drop ou movimento completo. | Capturas mobile podem incluir .crivo-mobile-toolbar sobre o rodapé; essa sobreposição de recorte não foi classificada como bug do aplicativo. | Tema escuro foi medido no navegador, sem captura visual individual nesta rodada."
summary-fisica-eletrodinamica-as-leis-de-kirchhoff,Física,Eletrodinâmica: as Leis de Kirchhoff,ajustar,media,"Nó com 7/2/5 A ilustra igualdade escalar, mas ramos sem setas não indicam entradas e saídas; falta também malha de tensão para a segunda lei de Kirchhoff.","Inspeção visual restrita ao SVG/artefato central em claro 390 e 1440 px; não aprova composição editorial integral, inspetor e todos os controles. | Harness mede 390/768/1440 px nos dois temas e percorre três modos/primeiro botão; não comprova todos os parâmetros, diagnóstico, teclado, drag-and-drop ou movimento completo. | Capturas mobile podem incluir .crivo-mobile-toolbar sobre o rodapé; essa sobreposição de recorte não foi classificada como bug do aplicativo. | Tema escuro foi medido no navegador, sem captura visual individual nesta rodada."
summary-fisica-capacitores,Física,Capacitores,ajustar,media,"Placas e dois pontos representam capacitor, porém pontos não têm +/− e não existe campo/dielétrico; cargas opostas dependem somente da legenda.","Inspeção visual restrita ao SVG/artefato central em claro 390 e 1440 px; não aprova composição editorial integral, inspetor e todos os controles. | Harness mede 390/768/1440 px nos dois temas e percorre três modos/primeiro botão; não comprova todos os parâmetros, diagnóstico, teclado, drag-and-drop ou movimento completo. | Capturas mobile podem incluir .crivo-mobile-toolbar sobre o rodapé; essa sobreposição de recorte não foi classificada como bug do aplicativo. | Tema escuro foi medido no navegador, sem captura visual individual nesta rodada."
summary-fisica-imas-campo-de-inducao-magnetico-devido-a-imas-e-campo-magnetico-terrestre,Física,"Ímãs, Campo de Indução Magnético devido a Ímãs e Campo Magnético Terrestre",ajustar,media,"Ímã e bússola são reconhecíveis, mas barra não mostra N/S e linhas não têm pontas; fora N→S/dentro S→N fica só textual e campo terrestre não aparece.","Inspeção visual restrita ao SVG/artefato central em claro 390 e 1440 px; não aprova composição editorial integral, inspetor e todos os controles. | Harness mede 390/768/1440 px nos dois temas e percorre três modos/primeiro botão; não comprova todos os parâmetros, diagnóstico, teclado, drag-and-drop ou movimento completo. | Capturas mobile podem incluir .crivo-mobile-toolbar sobre o rodapé; essa sobreposição de recorte não foi classificada como bug do aplicativo. | Tema escuro foi medido no navegador, sem captura visual individual nesta rodada."
summary-fisica-campo-magnetico-devido-a-corrente-em-fio-reto-e-espira-descricao-vetorial-e-aplicacoes,Física,Campo Magnético devido à Corrente em Fio Reto e Espira: Descrição Vetorial e Aplicações,ajustar,media,Círculos e linha vertical sobrepostos não esclarecem perspectiva do fio atravessando o plano; faltam símbolo de corrente e pontas de B para aplicar mão direita e comparar espira.,"Inspeção visual restrita ao SVG/artefato central em claro 390 e 1440 px; não aprova composição editorial integral, inspetor e todos os controles. | Harness mede 390/768/1440 px nos dois temas e percorre três modos/primeiro botão; não comprova todos os parâmetros, diagnóstico, teclado, drag-and-drop ou movimento completo. | Capturas mobile podem incluir .crivo-mobile-toolbar sobre o rodapé; essa sobreposição de recorte não foi classificada como bug do aplicativo. | Tema escuro foi medido no navegador, sem captura visual individual nesta rodada."
summary-fisica-forca-magnetica-e-analise-de-lancamentos-de-cargas-em-um-campo-magnetico-uniforme,Física,Força Magnética e Análise de Lançamentos de Cargas em um Campo Magnético Uniforme,redesenhar,alta,"Trajetória em S entra reta, muda concavidade e termina reta apesar de B uniforme entrando; para carga perpendicular a B uniforme espera-se arco circular, sem inflexão. Segmento preto não explicita v ou F.","Inspeção visual restrita ao SVG/artefato central em claro 390 e 1440 px; não aprova composição editorial integral, inspetor e todos os controles. | Harness mede 390/768/1440 px nos dois temas e percorre três modos/primeiro botão; não comprova todos os parâmetros, diagnóstico, teclado, drag-and-drop ou movimento completo. | Capturas mobile podem incluir .crivo-mobile-toolbar sobre o rodapé; essa sobreposição de recorte não foi classificada como bug do aplicativo. | Tema escuro foi medido no navegador, sem captura visual individual nesta rodada."
summary-fisica-analise-de-forca-magnetica-em-fios-percorridos-por-correntes-continuas,Física,Análise de Força Magnética em Fios Percorridos por Correntes Contínuas,ajustar,media,"Duas correntes ↑ são identificadas, mas só uma seta entre fios representa atração; falta força oposta sobre o segundo fio e identificação inequívoca de qual corpo recebe a força.","Inspeção visual restrita ao SVG/artefato central em claro 390 e 1440 px; não aprova composição editorial integral, inspetor e todos os controles. | Harness mede 390/768/1440 px nos dois temas e percorre três modos/primeiro botão; não comprova todos os parâmetros, diagnóstico, teclado, drag-and-drop ou movimento completo. | Capturas mobile podem incluir .crivo-mobile-toolbar sobre o rodapé; essa sobreposição de recorte não foi classificada como bug do aplicativo. | Tema escuro foi medido no navegador, sem captura visual individual nesta rodada."
summary-fisica-inducao-eletromagnetica-lei-de-lenz,Física,Indução Eletromagnética: Lei de Lenz,redesenhar,media,"Ímã N e espira com seta horizontal não indicam aproximação/afastamento do ímã, sentido de corrente induzida nem campo que se opõe à variação; a lei de Lenz não é demonstrada.","Inspeção visual restrita ao SVG/artefato central em claro 390 e 1440 px; não aprova composição editorial integral, inspetor e todos os controles. | Harness mede 390/768/1440 px nos dois temas e percorre três modos/primeiro botão; não comprova todos os parâmetros, diagnóstico, teclado, drag-and-drop ou movimento completo. | Capturas mobile podem incluir .crivo-mobile-toolbar sobre o rodapé; essa sobreposição de recorte não foi classificada como bug do aplicativo. | Tema escuro foi medido no navegador, sem captura visual individual nesta rodada."
summary-fisica-inducao-eletromagnetica-analise-da-corrente-induzida-em-geradores,Física,Indução Eletromagnética: Análise da Corrente Induzida em Geradores,ajustar,media,"Polos N/S e espira dão contexto físico à rotação, mas não há sentido de B, corrente induzida ou curva de fluxo/fem que explique inversão periódica.","Inspeção visual restrita ao SVG/artefato central em claro 390 e 1440 px; não aprova composição editorial integral, inspetor e todos os controles. | Harness mede 390/768/1440 px nos dois temas e percorre três modos/primeiro botão; não comprova todos os parâmetros, diagnóstico, teclado, drag-and-drop ou movimento completo. | Capturas mobile podem incluir .crivo-mobile-toolbar sobre o rodapé; essa sobreposição de recorte não foi classificada como bug do aplicativo. | Tema escuro foi medido no navegador, sem captura visual individual nesta rodada."
summary-fisica-fundamentos-da-optica-geometrica,Física,Fundamentos da Óptica Geométrica,manter,nenhuma,"Fonte, obstáculo, raios tangentes e tela organizam formação de sombra por propagação retilínea de luz.","Inspeção visual restrita ao SVG/artefato central em claro 390 e 1440 px; não aprova composição editorial integral, inspetor e todos os controles. | Harness mede 390/768/1440 px nos dois temas e percorre três modos/primeiro botão; não comprova todos os parâmetros, diagnóstico, teclado, drag-and-drop ou movimento completo. | Capturas mobile podem incluir .crivo-mobile-toolbar sobre o rodapé; essa sobreposição de recorte não foi classificada como bug do aplicativo. | Tema escuro foi medido no navegador, sem captura visual individual nesta rodada."
summary-fisica-reflexao-em-superficies-planas,Física,Reflexão em Superfícies Planas,redesenhar,alta,"Espelho vertical e normal horizontal aparecem com raios nos lados opostos da superfície, ambos acima do ponto. O refletido atravessa o espelho em vez de permanecer no meio incidente; os 35° são construídos em relação à vertical, não à normal desenhada.","Inspeção visual restrita ao SVG/artefato central em claro 390 e 1440 px; não aprova composição editorial integral, inspetor e todos os controles. | Harness mede 390/768/1440 px nos dois temas e percorre três modos/primeiro botão; não comprova todos os parâmetros, diagnóstico, teclado, drag-and-drop ou movimento completo. | Capturas mobile podem incluir .crivo-mobile-toolbar sobre o rodapé; essa sobreposição de recorte não foi classificada como bug do aplicativo. | Tema escuro foi medido no navegador, sem captura visual individual nesta rodada."
summary-fisica-reflexao-em-superficies-esfericas,Física,Reflexão em Superfícies Esféricas,redesenhar,alta,Raio paralelo encontra a superfície e retorna para a mesma altura do objeto; imagem real aponta para cima e se sobrepõe ao objeto. Fonte usa altura fixa positiva para imagem real e coordenada de reflexão x=270 embora a curva do espelho esteja mais à esquerda nessa altura.,"Inspeção visual restrita ao SVG/artefato central em claro 390 e 1440 px; não aprova composição editorial integral, inspetor e todos os controles. | Harness mede 390/768/1440 px nos dois temas e percorre três modos/primeiro botão; não comprova todos os parâmetros, diagnóstico, teclado, drag-and-drop ou movimento completo. | Capturas mobile podem incluir .crivo-mobile-toolbar sobre o rodapé; essa sobreposição de recorte não foi classificada como bug do aplicativo. | Tema escuro foi medido no navegador, sem captura visual individual nesta rodada."
summary-fisica-refracao-fundamentos-leis-e-aplicacoes,Física,"Refração: Fundamentos, Leis e Aplicações",redesenhar,alta,Incidente e refratado ficam à direita da normal: o raio muda o sinal da componente tangencial ao atravessar interface plana. Refração ar→vidro deve manter sentido tangencial; Snell numérico correto não corrige desenho incorreto.,"Inspeção visual restrita ao SVG/artefato central em claro 390 e 1440 px; não aprova composição editorial integral, inspetor e todos os controles. | Harness mede 390/768/1440 px nos dois temas e percorre três modos/primeiro botão; não comprova todos os parâmetros, diagnóstico, teclado, drag-and-drop ou movimento completo. | Capturas mobile podem incluir .crivo-mobile-toolbar sobre o rodapé; essa sobreposição de recorte não foi classificada como bug do aplicativo. | Tema escuro foi medido no navegador, sem captura visual individual nesta rodada."
summary-fisica-lentes-esfericas-estudo-grafico,Física,Lentes Esféricas: Estudo Gráfico,ajustar,media,Estado inicial desenha só trechos curtos de raios perto do objeto e imagem muito esmaecida; mesmo em redução de movimento o encontro após a lente não fica completo sem ação no controle temporal.,"Inspeção visual restrita ao SVG/artefato central em claro 390 e 1440 px; não aprova composição editorial integral, inspetor e todos os controles. | Harness mede 390/768/1440 px nos dois temas e percorre três modos/primeiro botão; não comprova todos os parâmetros, diagnóstico, teclado, drag-and-drop ou movimento completo. | Capturas mobile podem incluir .crivo-mobile-toolbar sobre o rodapé; essa sobreposição de recorte não foi classificada como bug do aplicativo. | Tema escuro foi medido no navegador, sem captura visual individual nesta rodada."
summary-fisica-estudo-analitico-das-lentes-esfericas,Física,Estudo Analítico das Lentes Esféricas,manter,nenhuma,Gráfico p′×p com assíntota p=f e ramos de imagem real/virtual acompanha a equação de lentes e convenção de sinais.,"Inspeção visual restrita ao SVG/artefato central em claro 390 e 1440 px; não aprova composição editorial integral, inspetor e todos os controles. | Harness mede 390/768/1440 px nos dois temas e percorre três modos/primeiro botão; não comprova todos os parâmetros, diagnóstico, teclado, drag-and-drop ou movimento completo. | Capturas mobile podem incluir .crivo-mobile-toolbar sobre o rodapé; essa sobreposição de recorte não foi classificada como bug do aplicativo. | Tema escuro foi medido no navegador, sem captura visual individual nesta rodada."
summary-fisica-equacao-do-fabricante-de-lentes-e-associacao-de-lentes,Física,Equação do Fabricante de Lentes e Associação de Lentes,ajustar,media,"Estado inicial reduzido mostra só lente equivalente e eixo, sem nenhum raio. clock.time=0 com strokeDashoffset=1 apaga todo traçado; a forma estática precisa explicar alteração do foco sem depender de reproduzir movimento.","Inspeção visual restrita ao SVG/artefato central em claro 390 e 1440 px; não aprova composição editorial integral, inspetor e todos os controles. | Harness mede 390/768/1440 px nos dois temas e percorre três modos/primeiro botão; não comprova todos os parâmetros, diagnóstico, teclado, drag-and-drop ou movimento completo. | Capturas mobile podem incluir .crivo-mobile-toolbar sobre o rodapé; essa sobreposição de recorte não foi classificada como bug do aplicativo. | Tema escuro foi medido no navegador, sem captura visual individual nesta rodada."
summary-fisica-optica-da-visao,Física,Óptica da Visão,ajustar,media,"Comparação de miopia/hipermetropia tem olho e lentes corretivas, mas lado da hipermetropia é esmaecido a ponto de perder raios/retina; manter legibilidade das duas condições de foco.","Inspeção visual restrita ao SVG/artefato central em claro 390 e 1440 px; não aprova composição editorial integral, inspetor e todos os controles. | Harness mede 390/768/1440 px nos dois temas e percorre três modos/primeiro botão; não comprova todos os parâmetros, diagnóstico, teclado, drag-and-drop ou movimento completo. | Capturas mobile podem incluir .crivo-mobile-toolbar sobre o rodapé; essa sobreposição de recorte não foi classificada como bug do aplicativo. | Tema escuro foi medido no navegador, sem captura visual individual nesta rodada."
summary-fisica-microscopio-e-luneta-astronomica-ou-telescopio-refrator-nocoes-basicas,Física,Microscópio e Luneta Astronômica (ou Telescópio Refrator): Noções Básicas,ajustar,media,"Objetiva/ocular e imagem intermediária estão nomeadas, mas símbolos curvos parecem divergentes e raios não mostram claramente o caminho completo até imagem final; representar lentes convergentes e planos focais para evitar leitura equivocada.","Inspeção visual restrita ao SVG/artefato central em claro 390 e 1440 px; não aprova composição editorial integral, inspetor e todos os controles. | Harness mede 390/768/1440 px nos dois temas e percorre três modos/primeiro botão; não comprova todos os parâmetros, diagnóstico, teclado, drag-and-drop ou movimento completo. | Capturas mobile podem incluir .crivo-mobile-toolbar sobre o rodapé; essa sobreposição de recorte não foi classificada como bug do aplicativo. | Tema escuro foi medido no navegador, sem captura visual individual nesta rodada."
summary-fisica-conceitos-basicos,Física,Conceitos Básicos,manter,nenhuma,Senoide com A e λ separa amplitude vertical de comprimento horizontal e ancora v=λf no desenho.,"Inspeção visual restrita ao SVG/artefato central em claro 390 e 1440 px; não aprova composição editorial integral, inspetor e todos os controles. | Harness mede 390/768/1440 px nos dois temas e percorre três modos/primeiro botão; não comprova todos os parâmetros, diagnóstico, teclado, drag-and-drop ou movimento completo. | Capturas mobile podem incluir .crivo-mobile-toolbar sobre o rodapé; essa sobreposição de recorte não foi classificada como bug do aplicativo. | Tema escuro foi medido no navegador, sem captura visual individual nesta rodada."
summary-fisica-equacao-fundamental-da-ondulatoria,Física,Equação Fundamental da Ondulatória,manter,nenhuma,"Senoide, direção de propagação e ponto material com movimento vertical distinguem propagação de oscilação transversal.","Inspeção visual restrita ao SVG/artefato central em claro 390 e 1440 px; não aprova composição editorial integral, inspetor e todos os controles. | Harness mede 390/768/1440 px nos dois temas e percorre três modos/primeiro botão; não comprova todos os parâmetros, diagnóstico, teclado, drag-and-drop ou movimento completo. | Capturas mobile podem incluir .crivo-mobile-toolbar sobre o rodapé; essa sobreposição de recorte não foi classificada como bug do aplicativo. | Tema escuro foi medido no navegador, sem captura visual individual nesta rodada."
summary-fisica-ondulatoria-ondas-eletromagneticas,Física,Ondulatória: Ondas Eletromagnéticas,ajustar,media,"E e B usam projeção oblíqua calculada com o mesmo valor de fase, mas faltam eixos dos planos e indicação de perspectiva no desenho; a projeção pode sugerir defasagem ou campos coplanares. Acrescentar eixos para tornar perpendicularidade inequívoca.","Inspeção visual restrita ao SVG/artefato central em claro 390 e 1440 px; não aprova composição editorial integral, inspetor e todos os controles. | Harness mede 390/768/1440 px nos dois temas e percorre três modos/primeiro botão; não comprova todos os parâmetros, diagnóstico, teclado, drag-and-drop ou movimento completo. | Capturas mobile podem incluir .crivo-mobile-toolbar sobre o rodapé; essa sobreposição de recorte não foi classificada como bug do aplicativo. | Tema escuro foi medido no navegador, sem captura visual individual nesta rodada."
summary-fisica-ondulatoria-som-e-suas-propriedades,Física,Ondulatória: Som e suas Propriedades,manter,nenhuma,Inspeção individual confirma faixas de partículas comprimidas e rarefeitas já no estado estático; seta de oscilação paralela distingue movimento do meio e propagação longitudinal do som.,"Inspeção visual restrita ao SVG/artefato central em claro 390 e 1440 px; não aprova composição editorial integral, inspetor e todos os controles. | Harness mede 390/768/1440 px nos dois temas e percorre três modos/primeiro botão; não comprova todos os parâmetros, diagnóstico, teclado, drag-and-drop ou movimento completo. | Capturas mobile podem incluir .crivo-mobile-toolbar sobre o rodapé; essa sobreposição de recorte não foi classificada como bug do aplicativo. | Tema escuro foi medido no navegador, sem captura visual individual nesta rodada."
summary-fisica-intensidade-sonora,Física,Intensidade Sonora,ajustar,media,"Círculos e ponto a uma distância mostram expansão, mas não têm r, potência ou área e o gráfico de decibéis não aparece; relação I=P/A é deixada ao rodapé.","Inspeção visual restrita ao SVG/artefato central em claro 390 e 1440 px; não aprova composição editorial integral, inspetor e todos os controles. | Harness mede 390/768/1440 px nos dois temas e percorre três modos/primeiro botão; não comprova todos os parâmetros, diagnóstico, teclado, drag-and-drop ou movimento completo. | Capturas mobile podem incluir .crivo-mobile-toolbar sobre o rodapé; essa sobreposição de recorte não foi classificada como bug do aplicativo. | Tema escuro foi medido no navegador, sem captura visual individual nesta rodada."
summary-fisica-reflexao-eco-reverberacao-e-refracao-de-ondas,Física,"Reflexão, Eco, Reverberação e Refração de Ondas",manter,nenhuma,"Emissor, obstáculo, percursos ida/volta e d=340·Δt/2 demonstram o mecanismo de eco e divisão do percurso por dois.","Inspeção visual restrita ao SVG/artefato central em claro 390 e 1440 px; não aprova composição editorial integral, inspetor e todos os controles. | Harness mede 390/768/1440 px nos dois temas e percorre três modos/primeiro botão; não comprova todos os parâmetros, diagnóstico, teclado, drag-and-drop ou movimento completo. | Capturas mobile podem incluir .crivo-mobile-toolbar sobre o rodapé; essa sobreposição de recorte não foi classificada como bug do aplicativo. | Tema escuro foi medido no navegador, sem captura visual individual nesta rodada."
summary-fisica-fenomenos-ondulatorios-analise-de-refracao-e-reflexao-em-cordas,Física,Fenômenos Ondulatórios: Análise de Refração e Reflexão em Cordas,manter,nenhuma,"Parede presa e corda em faixas ida/volta mostram crista virando vale; o objeto da extremidade explica a inversão, com direções visíveis.","Inspeção visual restrita ao SVG/artefato central em claro 390 e 1440 px; não aprova composição editorial integral, inspetor e todos os controles. | Harness mede 390/768/1440 px nos dois temas e percorre três modos/primeiro botão; não comprova todos os parâmetros, diagnóstico, teclado, drag-and-drop ou movimento completo. | Capturas mobile podem incluir .crivo-mobile-toolbar sobre o rodapé; essa sobreposição de recorte não foi classificada como bug do aplicativo. | Tema escuro foi medido no navegador, sem captura visual individual nesta rodada."
summary-fisica-fenomenos-ondulatorios-difracao-polarizacao-e-ressonancia,Física,"Fenômenos Ondulatórios: Difração, Polarização e Ressonância",ajustar,media,"Fenda, abertura e espalhamento com θ representam difração; polarização e ressonância do mesmo capítulo não têm representação, exigindo cenas próprias para cada mecanismo.","Inspeção visual restrita ao SVG/artefato central em claro 390 e 1440 px; não aprova composição editorial integral, inspetor e todos os controles. | Harness mede 390/768/1440 px nos dois temas e percorre três modos/primeiro botão; não comprova todos os parâmetros, diagnóstico, teclado, drag-and-drop ou movimento completo. | Capturas mobile podem incluir .crivo-mobile-toolbar sobre o rodapé; essa sobreposição de recorte não foi classificada como bug do aplicativo. | Tema escuro foi medido no navegador, sem captura visual individual nesta rodada."
summary-fisica-interferencia-de-ondas-analise-quantitativa-aplicacoes-e-batimento,Física,"Interferência de Ondas: Análise Quantitativa, Aplicações e Batimento",manter,nenhuma,Ondas separadas e soma com diferença de fase mostram superposição quantitativa e amplitude resultante sem emaranhar curvas.,"Inspeção visual restrita ao SVG/artefato central em claro 390 e 1440 px; não aprova composição editorial integral, inspetor e todos os controles. | Harness mede 390/768/1440 px nos dois temas e percorre três modos/primeiro botão; não comprova todos os parâmetros, diagnóstico, teclado, drag-and-drop ou movimento completo. | Capturas mobile podem incluir .crivo-mobile-toolbar sobre o rodapé; essa sobreposição de recorte não foi classificada como bug do aplicativo. | Tema escuro foi medido no navegador, sem captura visual individual nesta rodada."
summary-fisica-um-caso-particular-de-interferencia-onda-estacionaria,Física,Um Caso Particular de Interferência: Onda Estacionária,manter,nenhuma,"Nós fixos, ventres e dois perfis opostos fazem reconhecer a geometria de onda estacionária e L=3λ/2.","Inspeção visual restrita ao SVG/artefato central em claro 390 e 1440 px; não aprova composição editorial integral, inspetor e todos os controles. | Harness mede 390/768/1440 px nos dois temas e percorre três modos/primeiro botão; não comprova todos os parâmetros, diagnóstico, teclado, drag-and-drop ou movimento completo. | Capturas mobile podem incluir .crivo-mobile-toolbar sobre o rodapé; essa sobreposição de recorte não foi classificada como bug do aplicativo. | Tema escuro foi medido no navegador, sem captura visual individual nesta rodada."
summary-fisica-ondas-estacionarias-em-cordas,Física,Ondas Estacionárias em Cordas,manter,nenhuma,Dois ventres e nós nas extremidades/interior representam harmonicidade em corda presa; alteração do número de ventres corresponde ao capítulo.,"Inspeção visual restrita ao SVG/artefato central em claro 390 e 1440 px; não aprova composição editorial integral, inspetor e todos os controles. | Harness mede 390/768/1440 px nos dois temas e percorre três modos/primeiro botão; não comprova todos os parâmetros, diagnóstico, teclado, drag-and-drop ou movimento completo. | Capturas mobile podem incluir .crivo-mobile-toolbar sobre o rodapé; essa sobreposição de recorte não foi classificada como bug do aplicativo. | Tema escuro foi medido no navegador, sem captura visual individual nesta rodada."
summary-fisica-ondas-estacionarias-em-tubos,Física,Ondas Estacionárias em Tubos,manter,nenhuma,Tubo fechado/aberto e perfil com nó à esquerda e ventre à direita representam quarto de comprimento de onda e harmônicos ímpares.,"Inspeção visual restrita ao SVG/artefato central em claro 390 e 1440 px; não aprova composição editorial integral, inspetor e todos os controles. | Harness mede 390/768/1440 px nos dois temas e percorre três modos/primeiro botão; não comprova todos os parâmetros, diagnóstico, teclado, drag-and-drop ou movimento completo. | Capturas mobile podem incluir .crivo-mobile-toolbar sobre o rodapé; essa sobreposição de recorte não foi classificada como bug do aplicativo. | Tema escuro foi medido no navegador, sem captura visual individual nesta rodada."
summary-fisica-efeito-doppler-descricao-e-estudo-quantitativo,Física,Efeito Doppler: Descrição e Estudo Quantitativo,redesenhar,media,Raios retos separados ao redor da fonte não representam frentes de onda sucessivas; diferença de espaçamento longitudinal que explica frequência Doppler é afirmada só no texto.,"Inspeção visual restrita ao SVG/artefato central em claro 390 e 1440 px; não aprova composição editorial integral, inspetor e todos os controles. | Harness mede 390/768/1440 px nos dois temas e percorre três modos/primeiro botão; não comprova todos os parâmetros, diagnóstico, teclado, drag-and-drop ou movimento completo. | Capturas mobile podem incluir .crivo-mobile-toolbar sobre o rodapé; essa sobreposição de recorte não foi classificada como bug do aplicativo. | Tema escuro foi medido no navegador, sem captura visual individual nesta rodada."
summary-fisica-nocoes-basicas-de-fisica-quantica,Física,Noções Básicas de Física Quântica,ajustar,media,"Níveis discretos e fóton são específicos, mas legenda frequência maior→salto possível maior sugere aumento contínuo do salto; absorção entre níveis exige energia exatamente correspondente. Identificar ΔE=hf e separar esse modelo do fotoelétrico.","Inspeção visual restrita ao SVG/artefato central em claro 390 e 1440 px; não aprova composição editorial integral, inspetor e todos os controles. | Harness mede 390/768/1440 px nos dois temas e percorre três modos/primeiro botão; não comprova todos os parâmetros, diagnóstico, teclado, drag-and-drop ou movimento completo. | Capturas mobile podem incluir .crivo-mobile-toolbar sobre o rodapé; essa sobreposição de recorte não foi classificada como bug do aplicativo. | Tema escuro foi medido no navegador, sem captura visual individual nesta rodada."
bio-ecologia-introducao,Biologia,Introdução à Ecologia,manter,nenhuma,"O recorte expõe níveis de população/comunidade/ecossistema pela inclusão de organismos e fatores abióticos, relacionado ao conteúdo atual. Manter esta representação dentro dos limites da revisão.","Inspeção visual de recortes centrais em tema claro a 390 e 1440 px; não equivale à inspeção da página inteira ou de todos os painéis. | Medições DOM a 390/768/1440 px nos temas claro/escuro; contraste escuro não foi julgado visualmente em cada capítulo. | Harness abre Explorar/Testar/Reconstruir e aciona o primeiro botão; não comprova exercício completo, diagnóstico, persistência no Caderno, drag-and-drop ou equivalência por teclado. | Movimento reduzido e efeitos mínimos: não certifica movimento causal completo."
bio-ecologia-dinamica-populacoes,Biologia,Dinâmica de populações,manter,nenhuma,"O recorte expõe contraste r/K entre muitos descendentes e investimento parental, relacionado ao conteúdo atual. Manter esta representação dentro dos limites da revisão.","Inspeção visual de recortes centrais em tema claro a 390 e 1440 px; não equivale à inspeção da página inteira ou de todos os painéis. | Medições DOM a 390/768/1440 px nos temas claro/escuro; contraste escuro não foi julgado visualmente em cada capítulo. | Harness abre Explorar/Testar/Reconstruir e aciona o primeiro botão; não comprova exercício completo, diagnóstico, persistência no Caderno, drag-and-drop ou equivalência por teclado. | Movimento reduzido e efeitos mínimos: não certifica movimento causal completo."
bio-ecologia-invasoras-controle-biologico,Biologia,Espécies invasoras e controle biológico,manter,nenhuma,"O recorte expõe invasora e nativa competindo no mesmo ambiente, relacionado ao conteúdo atual. Manter esta representação dentro dos limites da revisão.","Inspeção visual de recortes centrais em tema claro a 390 e 1440 px; não equivale à inspeção da página inteira ou de todos os painéis. | Medições DOM a 390/768/1440 px nos temas claro/escuro; contraste escuro não foi julgado visualmente em cada capítulo. | Harness abre Explorar/Testar/Reconstruir e aciona o primeiro botão; não comprova exercício completo, diagnóstico, persistência no Caderno, drag-and-drop ou equivalência por teclado. | Movimento reduzido e efeitos mínimos: não certifica movimento causal completo."
bio-ecologia-sucessao,Biologia,Sucessão ecológica,manter,nenhuma,"O recorte expõe colonização pioneira e substituição de comunidades, relacionado ao conteúdo atual. Manter esta representação dentro dos limites da revisão.","Inspeção visual de recortes centrais em tema claro a 390 e 1440 px; não equivale à inspeção da página inteira ou de todos os painéis. | Medições DOM a 390/768/1440 px nos temas claro/escuro; contraste escuro não foi julgado visualmente em cada capítulo. | Harness abre Explorar/Testar/Reconstruir e aciona o primeiro botão; não comprova exercício completo, diagnóstico, persistência no Caderno, drag-and-drop ou equivalência por teclado. | Movimento reduzido e efeitos mínimos: não certifica movimento causal completo."
bio-ecologia-ciclo-carbono,Biologia,Ciclos biogeoquímicos: ciclo do carbono,manter,nenhuma,"O recorte expõe fluxos entre atmosfera, biosfera e reserva fóssil, relacionado ao conteúdo atual. Manter esta representação dentro dos limites da revisão.","Inspeção visual de recortes centrais em tema claro a 390 e 1440 px; não equivale à inspeção da página inteira ou de todos os painéis. | Medições DOM a 390/768/1440 px nos temas claro/escuro; contraste escuro não foi julgado visualmente em cada capítulo. | Harness abre Explorar/Testar/Reconstruir e aciona o primeiro botão; não comprova exercício completo, diagnóstico, persistência no Caderno, drag-and-drop ou equivalência por teclado. | Movimento reduzido e efeitos mínimos: não certifica movimento causal completo."
bio-ecologia-ciclo-nitrogenio,Biologia,Ciclo do nitrogênio,manter,nenhuma,"O recorte expõe fixação, nitrificação e retorno do nitrogênio atmosférico, relacionado ao conteúdo atual. Manter esta representação dentro dos limites da revisão.","Inspeção visual de recortes centrais em tema claro a 390 e 1440 px; não equivale à inspeção da página inteira ou de todos os painéis. | Medições DOM a 390/768/1440 px nos temas claro/escuro; contraste escuro não foi julgado visualmente em cada capítulo. | Harness abre Explorar/Testar/Reconstruir e aciona o primeiro botão; não comprova exercício completo, diagnóstico, persistência no Caderno, drag-and-drop ou equivalência por teclado. | Movimento reduzido e efeitos mínimos: não certifica movimento causal completo."
bio-ecologia-ciclo-hidrologico-poluicao-agua,Biologia,Ciclo hidrológico e poluição da água,manter,nenhuma,"O recorte expõe entrada de poluentes na água e consumo de oxigênio, relacionado ao conteúdo atual. Manter esta representação dentro dos limites da revisão.","Inspeção visual de recortes centrais em tema claro a 390 e 1440 px; não equivale à inspeção da página inteira ou de todos os painéis. | Medições DOM a 390/768/1440 px nos temas claro/escuro; contraste escuro não foi julgado visualmente em cada capítulo. | Harness abre Explorar/Testar/Reconstruir e aciona o primeiro botão; não comprova exercício completo, diagnóstico, persistência no Caderno, drag-and-drop ou equivalência por teclado. | Movimento reduzido e efeitos mínimos: não certifica movimento causal completo."
bio-ecologia-eutrofizacao,Biologia,Eutrofização e fluxo de energia,manter,nenhuma,"O recorte expõe nutrientes, floração superficial e perda de oxigênio em profundidade, relacionado ao conteúdo atual. Manter esta representação dentro dos limites da revisão.","Inspeção visual de recortes centrais em tema claro a 390 e 1440 px; não equivale à inspeção da página inteira ou de todos os painéis. | Medições DOM a 390/768/1440 px nos temas claro/escuro; contraste escuro não foi julgado visualmente em cada capítulo. | Harness abre Explorar/Testar/Reconstruir e aciona o primeiro botão; não comprova exercício completo, diagnóstico, persistência no Caderno, drag-and-drop ou equivalência por teclado. | Movimento reduzido e efeitos mínimos: não certifica movimento causal completo."
bio-ecologia-poluicao-ar,Biologia,Poluição do ar,manter,nenhuma,"O recorte expõe inversão térmica impedindo a dispersão de poluentes, relacionado ao conteúdo atual. Manter esta representação dentro dos limites da revisão.","Inspeção visual de recortes centrais em tema claro a 390 e 1440 px; não equivale à inspeção da página inteira ou de todos os painéis. | Medições DOM a 390/768/1440 px nos temas claro/escuro; contraste escuro não foi julgado visualmente em cada capítulo. | Harness abre Explorar/Testar/Reconstruir e aciona o primeiro botão; não comprova exercício completo, diagnóstico, persistência no Caderno, drag-and-drop ou equivalência por teclado. | Movimento reduzido e efeitos mínimos: não certifica movimento causal completo."
bio-ecologia-biomagnificacao,Biologia,Biomagnificação,manter,nenhuma,"O recorte expõe aumento de concentração ao longo dos níveis tróficos, relacionado ao conteúdo atual. Manter esta representação dentro dos limites da revisão.","Inspeção visual de recortes centrais em tema claro a 390 e 1440 px; não equivale à inspeção da página inteira ou de todos os painéis. | Medições DOM a 390/768/1440 px nos temas claro/escuro; contraste escuro não foi julgado visualmente em cada capítulo. | Harness abre Explorar/Testar/Reconstruir e aciona o primeiro botão; não comprova exercício completo, diagnóstico, persistência no Caderno, drag-and-drop ou equivalência por teclado. | Movimento reduzido e efeitos mínimos: não certifica movimento causal completo."
bio-ecologia-aquecimento-global-pops-biorremediacao,Biologia,"Aquecimento global, POPs e biorremediação",manter,nenhuma,"O recorte expõe redução de moléculas contaminantes pela biorremediação, relacionado ao conteúdo atual. Manter esta representação dentro dos limites da revisão.","Inspeção visual de recortes centrais em tema claro a 390 e 1440 px; não equivale à inspeção da página inteira ou de todos os painéis. | Medições DOM a 390/768/1440 px nos temas claro/escuro; contraste escuro não foi julgado visualmente em cada capítulo. | Harness abre Explorar/Testar/Reconstruir e aciona o primeiro botão; não comprova exercício completo, diagnóstico, persistência no Caderno, drag-and-drop ou equivalência por teclado. | Movimento reduzido e efeitos mínimos: não certifica movimento causal completo."
summary-biologia-origem-da-vida-e-as-primeiras-celulas,Biologia,Origem da Vida e as Primeiras Células,manter,nenhuma,"O recorte expõe síntese abiótica, polímeros, coacervados e replicação, relacionado ao conteúdo atual. Manter esta representação dentro dos limites da revisão.","Inspeção visual de recortes centrais em tema claro a 390 e 1440 px; não equivale à inspeção da página inteira ou de todos os painéis. | Medições DOM a 390/768/1440 px nos temas claro/escuro; contraste escuro não foi julgado visualmente em cada capítulo. | Harness abre Explorar/Testar/Reconstruir e aciona o primeiro botão; não comprova exercício completo, diagnóstico, persistência no Caderno, drag-and-drop ou equivalência por teclado. | Movimento reduzido e efeitos mínimos: não certifica movimento causal completo."
summary-biologia-composicao-quimica-celular-compostos-inorganicos,Biologia,Composição Química Celular: Compostos Inorgânicos,manter,nenhuma,"O recorte expõe teor de água e atividade metabólica, relacionado ao conteúdo atual. Manter esta representação dentro dos limites da revisão.","Inspeção visual de recortes centrais em tema claro a 390 e 1440 px; não equivale à inspeção da página inteira ou de todos os painéis. | Medições DOM a 390/768/1440 px nos temas claro/escuro; contraste escuro não foi julgado visualmente em cada capítulo. | Harness abre Explorar/Testar/Reconstruir e aciona o primeiro botão; não comprova exercício completo, diagnóstico, persistência no Caderno, drag-and-drop ou equivalência por teclado. | Movimento reduzido e efeitos mínimos: não certifica movimento causal completo."
summary-biologia-composicao-quimica-celular-carboidratos-e-lipidios,Biologia,Composição Química Celular: Carboidratos e Lipídios,ajustar,media,"O recorte expõe ligações e organização dos carboidratos de reserva e estrutura, relacionado ao conteúdo atual. Manter esta representação dentro dos limites da revisão. | A cena representa só carboidratos, embora o capítulo também desenvolva lipídios. Acrescentar membranas/triacilgliceróis e sua relação estrutura-função, ou explicitar o recorte.","Inspeção visual de recortes centrais em tema claro a 390 e 1440 px; não equivale à inspeção da página inteira ou de todos os painéis. | Medições DOM a 390/768/1440 px nos temas claro/escuro; contraste escuro não foi julgado visualmente em cada capítulo. | Harness abre Explorar/Testar/Reconstruir e aciona o primeiro botão; não comprova exercício completo, diagnóstico, persistência no Caderno, drag-and-drop ou equivalência por teclado. | Movimento reduzido e efeitos mínimos: não certifica movimento causal completo."
summary-biologia-composicao-quimica-celular-proteinas-e-sua-funcao-estrutural,Biologia,Composição Química Celular: Proteínas e sua Função Estrutural,manter,nenhuma,"O recorte expõe quatro níveis de estrutura proteica, relacionado ao conteúdo atual. Manter esta representação dentro dos limites da revisão.","Inspeção visual de recortes centrais em tema claro a 390 e 1440 px; não equivale à inspeção da página inteira ou de todos os painéis. | Medições DOM a 390/768/1440 px nos temas claro/escuro; contraste escuro não foi julgado visualmente em cada capítulo. | Harness abre Explorar/Testar/Reconstruir e aciona o primeiro botão; não comprova exercício completo, diagnóstico, persistência no Caderno, drag-and-drop ou equivalência por teclado. | Movimento reduzido e efeitos mínimos: não certifica movimento causal completo."
summary-biologia-membranas-celulares,Biologia,Membranas Celulares,manter,nenhuma,"O recorte expõe bicamada, proteína de membrana e sentido do transporte, relacionado ao conteúdo atual. Manter esta representação dentro dos limites da revisão.","Inspeção visual de recortes centrais em tema claro a 390 e 1440 px; não equivale à inspeção da página inteira ou de todos os painéis. | Medições DOM a 390/768/1440 px nos temas claro/escuro; contraste escuro não foi julgado visualmente em cada capítulo. | Harness abre Explorar/Testar/Reconstruir e aciona o primeiro botão; não comprova exercício completo, diagnóstico, persistência no Caderno, drag-and-drop ou equivalência por teclado. | Movimento reduzido e efeitos mínimos: não certifica movimento causal completo."
summary-biologia-citoplasma-estrutura-e-componentes-i,Biologia,Citoplasma: Estrutura e Componentes I,manter,nenhuma,"O recorte expõe percurso RER/Golgi/vesícula/exocitose, relacionado ao conteúdo atual. Manter esta representação dentro dos limites da revisão.","Inspeção visual de recortes centrais em tema claro a 390 e 1440 px; não equivale à inspeção da página inteira ou de todos os painéis. | Medições DOM a 390/768/1440 px nos temas claro/escuro; contraste escuro não foi julgado visualmente em cada capítulo. | Harness abre Explorar/Testar/Reconstruir e aciona o primeiro botão; não comprova exercício completo, diagnóstico, persistência no Caderno, drag-and-drop ou equivalência por teclado. | Movimento reduzido e efeitos mínimos: não certifica movimento causal completo."
summary-biologia-citoplasma-estrutura-e-componentes-ii,Biologia,Citoplasma: Estrutura e Componentes II,manter,nenhuma,"O recorte expõe filamentos e organização do citoesqueleto, relacionado ao conteúdo atual. Manter esta representação dentro dos limites da revisão.","Inspeção visual de recortes centrais em tema claro a 390 e 1440 px; não equivale à inspeção da página inteira ou de todos os painéis. | Medições DOM a 390/768/1440 px nos temas claro/escuro; contraste escuro não foi julgado visualmente em cada capítulo. | Harness abre Explorar/Testar/Reconstruir e aciona o primeiro botão; não comprova exercício completo, diagnóstico, persistência no Caderno, drag-and-drop ou equivalência por teclado. | Movimento reduzido e efeitos mínimos: não certifica movimento causal completo."
summary-biologia-nucleo-celular,Biologia,Núcleo Celular,manter,nenhuma,"O recorte expõe condensação da cromatina e acesso da polimerase, relacionado ao conteúdo atual. Manter esta representação dentro dos limites da revisão.","Inspeção visual de recortes centrais em tema claro a 390 e 1440 px; não equivale à inspeção da página inteira ou de todos os painéis. | Medições DOM a 390/768/1440 px nos temas claro/escuro; contraste escuro não foi julgado visualmente em cada capítulo. | Harness abre Explorar/Testar/Reconstruir e aciona o primeiro botão; não comprova exercício completo, diagnóstico, persistência no Caderno, drag-and-drop ou equivalência por teclado. | Movimento reduzido e efeitos mínimos: não certifica movimento causal completo."
summary-biologia-proteinas-enzimas,Biologia,Proteínas: Enzimas,manter,nenhuma,"O recorte expõe encaixe enzima/substrato e redução da barreira de ativação, relacionado ao conteúdo atual. Manter esta representação dentro dos limites da revisão.","Inspeção visual de recortes centrais em tema claro a 390 e 1440 px; não equivale à inspeção da página inteira ou de todos os painéis. | Medições DOM a 390/768/1440 px nos temas claro/escuro; contraste escuro não foi julgado visualmente em cada capítulo. | Harness abre Explorar/Testar/Reconstruir e aciona o primeiro botão; não comprova exercício completo, diagnóstico, persistência no Caderno, drag-and-drop ou equivalência por teclado. | Movimento reduzido e efeitos mínimos: não certifica movimento causal completo."
summary-biologia-bioenergetica-fermentacao-e-respiracao,Biologia,Bioenergética: Fermentação e Respiração,manter,nenhuma,"O recorte expõe etapas da respiração nos compartimentos celulares, relacionado ao conteúdo atual. Manter esta representação dentro dos limites da revisão.","Inspeção visual de recortes centrais em tema claro a 390 e 1440 px; não equivale à inspeção da página inteira ou de todos os painéis. | Medições DOM a 390/768/1440 px nos temas claro/escuro; contraste escuro não foi julgado visualmente em cada capítulo. | Harness abre Explorar/Testar/Reconstruir e aciona o primeiro botão; não comprova exercício completo, diagnóstico, persistência no Caderno, drag-and-drop ou equivalência por teclado. | Movimento reduzido e efeitos mínimos: não certifica movimento causal completo."
summary-biologia-bioenergetica-fotossintese-e-quimiossintese,Biologia,Bioenergética: Fotossíntese e Quimiossíntese,manter,nenhuma,"O recorte expõe reações luminosas e ciclo de Calvin no cloroplasto, relacionado ao conteúdo atual. Manter esta representação dentro dos limites da revisão.","Inspeção visual de recortes centrais em tema claro a 390 e 1440 px; não equivale à inspeção da página inteira ou de todos os painéis. | Medições DOM a 390/768/1440 px nos temas claro/escuro; contraste escuro não foi julgado visualmente em cada capítulo. | Harness abre Explorar/Testar/Reconstruir e aciona o primeiro botão; não comprova exercício completo, diagnóstico, persistência no Caderno, drag-and-drop ou equivalência por teclado. | Movimento reduzido e efeitos mínimos: não certifica movimento causal completo."
summary-biologia-acidos-nucleicos,Biologia,Ácidos Nucleicos,manter,nenhuma,"O recorte expõe complementaridade das bases e diferenças DNA/RNA, relacionado ao conteúdo atual. Manter esta representação dentro dos limites da revisão.","Inspeção visual de recortes centrais em tema claro a 390 e 1440 px; não equivale à inspeção da página inteira ou de todos os painéis. | Medições DOM a 390/768/1440 px nos temas claro/escuro; contraste escuro não foi julgado visualmente em cada capítulo. | Harness abre Explorar/Testar/Reconstruir e aciona o primeiro botão; não comprova exercício completo, diagnóstico, persistência no Caderno, drag-and-drop ou equivalência por teclado. | Movimento reduzido e efeitos mínimos: não certifica movimento causal completo."
summary-biologia-divisao-celular,Biologia,Divisão Celular,manter,nenhuma,"O recorte expõe separação celular e conservação da ploidia na mitose, relacionado ao conteúdo atual. Manter esta representação dentro dos limites da revisão.","Inspeção visual de recortes centrais em tema claro a 390 e 1440 px; não equivale à inspeção da página inteira ou de todos os painéis. | Medições DOM a 390/768/1440 px nos temas claro/escuro; contraste escuro não foi julgado visualmente em cada capítulo. | Harness abre Explorar/Testar/Reconstruir e aciona o primeiro botão; não comprova exercício completo, diagnóstico, persistência no Caderno, drag-and-drop ou equivalência por teclado. | Movimento reduzido e efeitos mínimos: não certifica movimento causal completo."
summary-biologia-mutacoes-cromossomicas-e-gametogenese,Biologia,Mutações Cromossômicas e Gametogênese,manter,nenhuma,"O recorte expõe não disjunção dos homólogos e gametas aneuploides, relacionado ao conteúdo atual. Manter esta representação dentro dos limites da revisão.","Inspeção visual de recortes centrais em tema claro a 390 e 1440 px; não equivale à inspeção da página inteira ou de todos os painéis. | Medições DOM a 390/768/1440 px nos temas claro/escuro; contraste escuro não foi julgado visualmente em cada capítulo. | Harness abre Explorar/Testar/Reconstruir e aciona o primeiro botão; não comprova exercício completo, diagnóstico, persistência no Caderno, drag-and-drop ou equivalência por teclado. | Movimento reduzido e efeitos mínimos: não certifica movimento causal completo."
summary-biologia-biotecnologia,Biologia,Biotecnologia,manter,nenhuma,"O recorte expõe etapas térmicas da PCR e duplicação das cópias, relacionado ao conteúdo atual. Manter esta representação dentro dos limites da revisão.","Inspeção visual de recortes centrais em tema claro a 390 e 1440 px; não equivale à inspeção da página inteira ou de todos os painéis. | Medições DOM a 390/768/1440 px nos temas claro/escuro; contraste escuro não foi julgado visualmente em cada capítulo. | Harness abre Explorar/Testar/Reconstruir e aciona o primeiro botão; não comprova exercício completo, diagnóstico, persistência no Caderno, drag-and-drop ou equivalência por teclado. | Movimento reduzido e efeitos mínimos: não certifica movimento causal completo."
summary-biologia-introducao-a-genetica,Biologia,Introdução à Genética,manter,nenhuma,"O recorte expõe segregação dos alelos em gametas, relacionado ao conteúdo atual. Manter esta representação dentro dos limites da revisão.","Inspeção visual de recortes centrais em tema claro a 390 e 1440 px; não equivale à inspeção da página inteira ou de todos os painéis. | Medições DOM a 390/768/1440 px nos temas claro/escuro; contraste escuro não foi julgado visualmente em cada capítulo. | Harness abre Explorar/Testar/Reconstruir e aciona o primeiro botão; não comprova exercício completo, diagnóstico, persistência no Caderno, drag-and-drop ou equivalência por teclado. | Movimento reduzido e efeitos mínimos: não certifica movimento causal completo."
summary-biologia-alelos-multiplos-e-heranca-dos-grupos-sanguineos,Biologia,Alelos Múltiplos e Herança dos Grupos Sanguíneos,manter,nenhuma,"O recorte expõe antígenos da hemácia e anticorpos do receptor, relacionado ao conteúdo atual. Manter esta representação dentro dos limites da revisão.","Inspeção visual de recortes centrais em tema claro a 390 e 1440 px; não equivale à inspeção da página inteira ou de todos os painéis. | Medições DOM a 390/768/1440 px nos temas claro/escuro; contraste escuro não foi julgado visualmente em cada capítulo. | Harness abre Explorar/Testar/Reconstruir e aciona o primeiro botão; não comprova exercício completo, diagnóstico, persistência no Caderno, drag-and-drop ou equivalência por teclado. | Movimento reduzido e efeitos mínimos: não certifica movimento causal completo."
summary-biologia-heranca-sexual,Biologia,Herança Sexual,manter,nenhuma,"O recorte expõe localização do gene em cromossomos sexuais e autossomos, relacionado ao conteúdo atual. Manter esta representação dentro dos limites da revisão.","Inspeção visual de recortes centrais em tema claro a 390 e 1440 px; não equivale à inspeção da página inteira ou de todos os painéis. | Medições DOM a 390/768/1440 px nos temas claro/escuro; contraste escuro não foi julgado visualmente em cada capítulo. | Harness abre Explorar/Testar/Reconstruir e aciona o primeiro botão; não comprova exercício completo, diagnóstico, persistência no Caderno, drag-and-drop ou equivalência por teclado. | Movimento reduzido e efeitos mínimos: não certifica movimento causal completo."
summary-biologia-segunda-lei-de-mendel,Biologia,Segunda Lei de Mendel,ajustar,media,"O recorte expõe quadro de Punnett e combinações de gametas, relacionado ao conteúdo atual. Manter esta representação dentro dos limites da revisão. | O capítulo da segunda lei inicia no Punnett monohíbrido 3:1 da primeira lei; o di-híbrido depende da seleção do lado direito. Iniciar no cruzamento de dois pares e manter o contraste como suporte.","Inspeção visual de recortes centrais em tema claro a 390 e 1440 px; não equivale à inspeção da página inteira ou de todos os painéis. | Medições DOM a 390/768/1440 px nos temas claro/escuro; contraste escuro não foi julgado visualmente em cada capítulo. | Harness abre Explorar/Testar/Reconstruir e aciona o primeiro botão; não comprova exercício completo, diagnóstico, persistência no Caderno, drag-and-drop ou equivalência por teclado. | Movimento reduzido e efeitos mínimos: não certifica movimento causal completo."
summary-biologia-segunda-lei-de-mendel-e-interacao-genica,Biologia,Segunda Lei de Mendel e Interação Gênica,redesenhar,alta,"Reutiliza MendelBoard com 3:1 e 9:3:3:1, sem representar interação entre genes ou epistasia. O resumo atual ensina via de pigmento e 9:7; mostrar esse mecanismo em cena própria.","Inspeção visual de recortes centrais em tema claro a 390 e 1440 px; não equivale à inspeção da página inteira ou de todos os painéis. | Medições DOM a 390/768/1440 px nos temas claro/escuro; contraste escuro não foi julgado visualmente em cada capítulo. | Harness abre Explorar/Testar/Reconstruir e aciona o primeiro botão; não comprova exercício completo, diagnóstico, persistência no Caderno, drag-and-drop ou equivalência por teclado. | Movimento reduzido e efeitos mínimos: não certifica movimento causal completo."
summary-biologia-ligacao-genica,Biologia,Ligação Gênica,manter,nenhuma,"O recorte expõe crossing-over e frequência de recombinação, relacionado ao conteúdo atual. Manter esta representação dentro dos limites da revisão.","Inspeção visual de recortes centrais em tema claro a 390 e 1440 px; não equivale à inspeção da página inteira ou de todos os painéis. | Medições DOM a 390/768/1440 px nos temas claro/escuro; contraste escuro não foi julgado visualmente em cada capítulo. | Harness abre Explorar/Testar/Reconstruir e aciona o primeiro botão; não comprova exercício completo, diagnóstico, persistência no Caderno, drag-and-drop ou equivalência por teclado. | Movimento reduzido e efeitos mínimos: não certifica movimento causal completo."
summary-biologia-mutacoes-genicas,Biologia,Mutações Gênicas,manter,nenhuma,"O recorte expõe códon antes/depois e consequência para a proteína, relacionado ao conteúdo atual. Manter esta representação dentro dos limites da revisão.","Inspeção visual de recortes centrais em tema claro a 390 e 1440 px; não equivale à inspeção da página inteira ou de todos os painéis. | Medições DOM a 390/768/1440 px nos temas claro/escuro; contraste escuro não foi julgado visualmente em cada capítulo. | Harness abre Explorar/Testar/Reconstruir e aciona o primeiro botão; não comprova exercício completo, diagnóstico, persistência no Caderno, drag-and-drop ou equivalência por teclado. | Movimento reduzido e efeitos mínimos: não certifica movimento causal completo."
summary-biologia-evolucao-biologica-construcao-historica,Biologia,Evolução Biológica: Construção Histórica,manter,nenhuma,"O recorte expõe contraste entre Lamarck e seleção de variantes pré-existentes, relacionado ao conteúdo atual. Manter esta representação dentro dos limites da revisão.","Inspeção visual de recortes centrais em tema claro a 390 e 1440 px; não equivale à inspeção da página inteira ou de todos os painéis. | Medições DOM a 390/768/1440 px nos temas claro/escuro; contraste escuro não foi julgado visualmente em cada capítulo. | Harness abre Explorar/Testar/Reconstruir e aciona o primeiro botão; não comprova exercício completo, diagnóstico, persistência no Caderno, drag-and-drop ou equivalência por teclado. | Movimento reduzido e efeitos mínimos: não certifica movimento causal completo."
summary-biologia-mecanismos-da-evolucao-biologica,Biologia,Mecanismos da Evolução Biológica,manter,nenhuma,"O recorte expõe mutação, seleção, deriva e fluxo gênico nas populações, relacionado ao conteúdo atual. Manter esta representação dentro dos limites da revisão.","Inspeção visual de recortes centrais em tema claro a 390 e 1440 px; não equivale à inspeção da página inteira ou de todos os painéis. | Medições DOM a 390/768/1440 px nos temas claro/escuro; contraste escuro não foi julgado visualmente em cada capítulo. | Harness abre Explorar/Testar/Reconstruir e aciona o primeiro botão; não comprova exercício completo, diagnóstico, persistência no Caderno, drag-and-drop ou equivalência por teclado. | Movimento reduzido e efeitos mínimos: não certifica movimento causal completo."
summary-biologia-biomas-brasileiros,Biologia,Biomas Brasileiros,manter,nenhuma,"O recorte expõe fisionomia e adaptações dos seis biomas brasileiros, relacionado ao conteúdo atual. Manter esta representação dentro dos limites da revisão.","Inspeção visual de recortes centrais em tema claro a 390 e 1440 px; não equivale à inspeção da página inteira ou de todos os painéis. | Medições DOM a 390/768/1440 px nos temas claro/escuro; contraste escuro não foi julgado visualmente em cada capítulo. | Harness abre Explorar/Testar/Reconstruir e aciona o primeiro botão; não comprova exercício completo, diagnóstico, persistência no Caderno, drag-and-drop ou equivalência por teclado. | Movimento reduzido e efeitos mínimos: não certifica movimento causal completo."
summary-biologia-classificacao-biologica-nomenclatura-cientifica-e-nocoes-de-sistematica-filogenetica,Biologia,"Classificação Biológica, Nomenclatura Científica e Noções de Sistemática Filogenética",manter,nenhuma,"O recorte expõe domínios, hierarquia taxonômica e parentesco, relacionado ao conteúdo atual. Manter esta representação dentro dos limites da revisão.","Inspeção visual de recortes centrais em tema claro a 390 e 1440 px; não equivale à inspeção da página inteira ou de todos os painéis. | Medições DOM a 390/768/1440 px nos temas claro/escuro; contraste escuro não foi julgado visualmente em cada capítulo. | Harness abre Explorar/Testar/Reconstruir e aciona o primeiro botão; não comprova exercício completo, diagnóstico, persistência no Caderno, drag-and-drop ou equivalência por teclado. | Movimento reduzido e efeitos mínimos: não certifica movimento causal completo."
summary-biologia-protozoarios-e-protozooses,Biologia,Protozoários e Protozooses,manter,nenhuma,"O recorte expõe estruturas locomotoras dos grupos de protozoários, relacionado ao conteúdo atual. Manter esta representação dentro dos limites da revisão.","Inspeção visual de recortes centrais em tema claro a 390 e 1440 px; não equivale à inspeção da página inteira ou de todos os painéis. | Medições DOM a 390/768/1440 px nos temas claro/escuro; contraste escuro não foi julgado visualmente em cada capítulo. | Harness abre Explorar/Testar/Reconstruir e aciona o primeiro botão; não comprova exercício completo, diagnóstico, persistência no Caderno, drag-and-drop ou equivalência por teclado. | Movimento reduzido e efeitos mínimos: não certifica movimento causal completo."
summary-biologia-poriferos-e-cnidarios,Biologia,Poríferos e Cnidários,manter,nenhuma,"O recorte expõe fluxo pelos poros da esponja e organização do cnidário, relacionado ao conteúdo atual. Manter esta representação dentro dos limites da revisão.","Inspeção visual de recortes centrais em tema claro a 390 e 1440 px; não equivale à inspeção da página inteira ou de todos os painéis. | Medições DOM a 390/768/1440 px nos temas claro/escuro; contraste escuro não foi julgado visualmente em cada capítulo. | Harness abre Explorar/Testar/Reconstruir e aciona o primeiro botão; não comprova exercício completo, diagnóstico, persistência no Caderno, drag-and-drop ou equivalência por teclado. | Movimento reduzido e efeitos mínimos: não certifica movimento causal completo."
summary-biologia-arquitetura-corporal-dos-animais-e-o-filo-dos-platelmintos-e-dos-nematodeos,Biologia,Arquitetura Corporal dos Animais e o Filo dos Platelmintos e dos Nematódeos,manter,nenhuma,"O recorte expõe cavidade corporal em corte e posição do mesoderma, relacionado ao conteúdo atual. Manter esta representação dentro dos limites da revisão.","Inspeção visual de recortes centrais em tema claro a 390 e 1440 px; não equivale à inspeção da página inteira ou de todos os painéis. | Medições DOM a 390/768/1440 px nos temas claro/escuro; contraste escuro não foi julgado visualmente em cada capítulo. | Harness abre Explorar/Testar/Reconstruir e aciona o primeiro botão; não comprova exercício completo, diagnóstico, persistência no Caderno, drag-and-drop ou equivalência por teclado. | Movimento reduzido e efeitos mínimos: não certifica movimento causal completo."
summary-biologia-moluscos,Biologia,Moluscos,manter,nenhuma,"O recorte expõe formas das classes de moluscos e função das estruturas, relacionado ao conteúdo atual. Manter esta representação dentro dos limites da revisão.","Inspeção visual de recortes centrais em tema claro a 390 e 1440 px; não equivale à inspeção da página inteira ou de todos os painéis. | Medições DOM a 390/768/1440 px nos temas claro/escuro; contraste escuro não foi julgado visualmente em cada capítulo. | Harness abre Explorar/Testar/Reconstruir e aciona o primeiro botão; não comprova exercício completo, diagnóstico, persistência no Caderno, drag-and-drop ou equivalência por teclado. | Movimento reduzido e efeitos mínimos: não certifica movimento causal completo."
summary-biologia-anelideos,Biologia,Anelídeos,manter,nenhuma,"O recorte expõe segmentação e diferenças dos grupos de anelídeos, relacionado ao conteúdo atual. Manter esta representação dentro dos limites da revisão.","Inspeção visual de recortes centrais em tema claro a 390 e 1440 px; não equivale à inspeção da página inteira ou de todos os painéis. | Medições DOM a 390/768/1440 px nos temas claro/escuro; contraste escuro não foi julgado visualmente em cada capítulo. | Harness abre Explorar/Testar/Reconstruir e aciona o primeiro botão; não comprova exercício completo, diagnóstico, persistência no Caderno, drag-and-drop ou equivalência por teclado. | Movimento reduzido e efeitos mínimos: não certifica movimento causal completo."
summary-biologia-artropodes-insetos-crustaceos-e-miriapodes,Biologia,"Artrópodes: Insetos, Crustáceos e Miriápodes",manter,nenhuma,"O recorte expõe segmentos, pernas e antenas dos artrópodes, relacionado ao conteúdo atual. Manter esta representação dentro dos limites da revisão.","Inspeção visual de recortes centrais em tema claro a 390 e 1440 px; não equivale à inspeção da página inteira ou de todos os painéis. | Medições DOM a 390/768/1440 px nos temas claro/escuro; contraste escuro não foi julgado visualmente em cada capítulo. | Harness abre Explorar/Testar/Reconstruir e aciona o primeiro botão; não comprova exercício completo, diagnóstico, persistência no Caderno, drag-and-drop ou equivalência por teclado. | Movimento reduzido e efeitos mínimos: não certifica movimento causal completo."
summary-biologia-artropodes-aracnideos,Biologia,Artrópodes: Aracnídeos,manter,nenhuma,"O recorte expõe cefalotórax/abdome e quatro pares de pernas, relacionado ao conteúdo atual. Manter esta representação dentro dos limites da revisão.","Inspeção visual de recortes centrais em tema claro a 390 e 1440 px; não equivale à inspeção da página inteira ou de todos os painéis. | Medições DOM a 390/768/1440 px nos temas claro/escuro; contraste escuro não foi julgado visualmente em cada capítulo. | Harness abre Explorar/Testar/Reconstruir e aciona o primeiro botão; não comprova exercício completo, diagnóstico, persistência no Caderno, drag-and-drop ou equivalência por teclado. | Movimento reduzido e efeitos mínimos: não certifica movimento causal completo."
summary-biologia-equinodermos,Biologia,Equinodermos,manter,nenhuma,"O recorte expõe formas e organização das classes de equinodermos, relacionado ao conteúdo atual. Manter esta representação dentro dos limites da revisão.","Inspeção visual de recortes centrais em tema claro a 390 e 1440 px; não equivale à inspeção da página inteira ou de todos os painéis. | Medições DOM a 390/768/1440 px nos temas claro/escuro; contraste escuro não foi julgado visualmente em cada capítulo. | Harness abre Explorar/Testar/Reconstruir e aciona o primeiro botão; não comprova exercício completo, diagnóstico, persistência no Caderno, drag-and-drop ou equivalência por teclado. | Movimento reduzido e efeitos mínimos: não certifica movimento causal completo."
summary-biologia-introducao-aos-cordados-e-os-peixes,Biologia,Introdução aos Cordados e os Peixes,manter,nenhuma,"O recorte expõe brânquias e diferenças dos grupos de peixes, relacionado ao conteúdo atual. Manter esta representação dentro dos limites da revisão.","Inspeção visual de recortes centrais em tema claro a 390 e 1440 px; não equivale à inspeção da página inteira ou de todos os painéis. | Medições DOM a 390/768/1440 px nos temas claro/escuro; contraste escuro não foi julgado visualmente em cada capítulo. | Harness abre Explorar/Testar/Reconstruir e aciona o primeiro botão; não comprova exercício completo, diagnóstico, persistência no Caderno, drag-and-drop ou equivalência por teclado. | Movimento reduzido e efeitos mínimos: não certifica movimento causal completo."
summary-biologia-cordados-tetrapodes,Biologia,Cordados Tetrápodes,manter,nenhuma,"O recorte expõe ovos, tegumento e independência da água nos tetrápodes, relacionado ao conteúdo atual. Manter esta representação dentro dos limites da revisão.","Inspeção visual de recortes centrais em tema claro a 390 e 1440 px; não equivale à inspeção da página inteira ou de todos os painéis. | Medições DOM a 390/768/1440 px nos temas claro/escuro; contraste escuro não foi julgado visualmente em cada capítulo. | Harness abre Explorar/Testar/Reconstruir e aciona o primeiro botão; não comprova exercício completo, diagnóstico, persistência no Caderno, drag-and-drop ou equivalência por teclado. | Movimento reduzido e efeitos mínimos: não certifica movimento causal completo."
summary-biologia-fungos,Biologia,Fungos,manter,nenhuma,"O recorte expõe micélio, digestão externa e absorção, relacionado ao conteúdo atual. Manter esta representação dentro dos limites da revisão.","Inspeção visual de recortes centrais em tema claro a 390 e 1440 px; não equivale à inspeção da página inteira ou de todos os painéis. | Medições DOM a 390/768/1440 px nos temas claro/escuro; contraste escuro não foi julgado visualmente em cada capítulo. | Harness abre Explorar/Testar/Reconstruir e aciona o primeiro botão; não comprova exercício completo, diagnóstico, persistência no Caderno, drag-and-drop ou equivalência por teclado. | Movimento reduzido e efeitos mínimos: não certifica movimento causal completo."
summary-biologia-algas,Biologia,Algas,manter,nenhuma,"O recorte expõe penetração da luz e pigmentos das algas em profundidade, relacionado ao conteúdo atual. Manter esta representação dentro dos limites da revisão.","Inspeção visual de recortes centrais em tema claro a 390 e 1440 px; não equivale à inspeção da página inteira ou de todos os painéis. | Medições DOM a 390/768/1440 px nos temas claro/escuro; contraste escuro não foi julgado visualmente em cada capítulo. | Harness abre Explorar/Testar/Reconstruir e aciona o primeiro botão; não comprova exercício completo, diagnóstico, persistência no Caderno, drag-and-drop ou equivalência por teclado. | Movimento reduzido e efeitos mínimos: não certifica movimento causal completo."
summary-biologia-ciclos-de-vida,Biologia,Ciclos de Vida,manter,nenhuma,"O recorte expõe ploidia e posição da meiose nos ciclos de vida, relacionado ao conteúdo atual. Manter esta representação dentro dos limites da revisão.","Inspeção visual de recortes centrais em tema claro a 390 e 1440 px; não equivale à inspeção da página inteira ou de todos os painéis. | Medições DOM a 390/768/1440 px nos temas claro/escuro; contraste escuro não foi julgado visualmente em cada capítulo. | Harness abre Explorar/Testar/Reconstruir e aciona o primeiro botão; não comprova exercício completo, diagnóstico, persistência no Caderno, drag-and-drop ou equivalência por teclado. | Movimento reduzido e efeitos mínimos: não certifica movimento causal completo."
summary-biologia-plantas-terrestres-i-briofitas-e-pteridofitas,Biologia,Plantas Terrestres I: Briófitas e Pteridófitas,manter,nenhuma,"O recorte expõe estrutura das plantas e dependência reprodutiva da água, relacionado ao conteúdo atual. Manter esta representação dentro dos limites da revisão.","Inspeção visual de recortes centrais em tema claro a 390 e 1440 px; não equivale à inspeção da página inteira ou de todos os painéis. | Medições DOM a 390/768/1440 px nos temas claro/escuro; contraste escuro não foi julgado visualmente em cada capítulo. | Harness abre Explorar/Testar/Reconstruir e aciona o primeiro botão; não comprova exercício completo, diagnóstico, persistência no Caderno, drag-and-drop ou equivalência por teclado. | Movimento reduzido e efeitos mínimos: não certifica movimento causal completo."
summary-biologia-plantas-terrestres-ii-gimnospermas-e-angiospermas,Biologia,Plantas Terrestres II: Gimnospermas e Angiospermas,manter,nenhuma,"O recorte expõe flor e transformação de óvulo/ovário em semente/fruto, relacionado ao conteúdo atual. Manter esta representação dentro dos limites da revisão.","Inspeção visual de recortes centrais em tema claro a 390 e 1440 px; não equivale à inspeção da página inteira ou de todos os painéis. | Medições DOM a 390/768/1440 px nos temas claro/escuro; contraste escuro não foi julgado visualmente em cada capítulo. | Harness abre Explorar/Testar/Reconstruir e aciona o primeiro botão; não comprova exercício completo, diagnóstico, persistência no Caderno, drag-and-drop ou equivalência por teclado. | Movimento reduzido e efeitos mínimos: não certifica movimento causal completo."
summary-biologia-procariotos,Biologia,Procariotos,manter,nenhuma,"O recorte expõe transferência de DNA entre procariotos, relacionado ao conteúdo atual. Manter esta representação dentro dos limites da revisão.","Inspeção visual de recortes centrais em tema claro a 390 e 1440 px; não equivale à inspeção da página inteira ou de todos os painéis. | Medições DOM a 390/768/1440 px nos temas claro/escuro; contraste escuro não foi julgado visualmente em cada capítulo. | Harness abre Explorar/Testar/Reconstruir e aciona o primeiro botão; não comprova exercício completo, diagnóstico, persistência no Caderno, drag-and-drop ou equivalência por teclado. | Movimento reduzido e efeitos mínimos: não certifica movimento causal completo."
summary-biologia-virus,Biologia,Vírus,manter,nenhuma,"O recorte expõe adsorção, replicação e liberação dependentes de hospedeiro, relacionado ao conteúdo atual. Manter esta representação dentro dos limites da revisão.","Inspeção visual de recortes centrais em tema claro a 390 e 1440 px; não equivale à inspeção da página inteira ou de todos os painéis. | Medições DOM a 390/768/1440 px nos temas claro/escuro; contraste escuro não foi julgado visualmente em cada capítulo. | Harness abre Explorar/Testar/Reconstruir e aciona o primeiro botão; não comprova exercício completo, diagnóstico, persistência no Caderno, drag-and-drop ou equivalência por teclado. | Movimento reduzido e efeitos mínimos: não certifica movimento causal completo."
summary-biologia-embriologia-animal,Biologia,Embriologia Animal,manter,nenhuma,"O recorte expõe clivagem, mórula, blástula e gastrulação, relacionado ao conteúdo atual. Manter esta representação dentro dos limites da revisão.","Inspeção visual de recortes centrais em tema claro a 390 e 1440 px; não equivale à inspeção da página inteira ou de todos os painéis. | Medições DOM a 390/768/1440 px nos temas claro/escuro; contraste escuro não foi julgado visualmente em cada capítulo. | Harness abre Explorar/Testar/Reconstruir e aciona o primeiro botão; não comprova exercício completo, diagnóstico, persistência no Caderno, drag-and-drop ou equivalência por teclado. | Movimento reduzido e efeitos mínimos: não certifica movimento causal completo."
summary-biologia-fisiologia-da-sustentacao-e-da-locomocao,Biologia,Fisiologia da Sustentação e da Locomoção,manter,nenhuma,"O recorte expõe alavanca óssea e antagonismo bíceps/tríceps, relacionado ao conteúdo atual. Manter esta representação dentro dos limites da revisão.","Inspeção visual de recortes centrais em tema claro a 390 e 1440 px; não equivale à inspeção da página inteira ou de todos os painéis. | Medições DOM a 390/768/1440 px nos temas claro/escuro; contraste escuro não foi julgado visualmente em cada capítulo. | Harness abre Explorar/Testar/Reconstruir e aciona o primeiro botão; não comprova exercício completo, diagnóstico, persistência no Caderno, drag-and-drop ou equivalência por teclado. | Movimento reduzido e efeitos mínimos: não certifica movimento causal completo."
summary-biologia-fisiologia-da-digestao,Biologia,Fisiologia da Digestão,manter,nenhuma,"O recorte expõe trajeto digestório, enzimas e absorção, relacionado ao conteúdo atual. Manter esta representação dentro dos limites da revisão.","Inspeção visual de recortes centrais em tema claro a 390 e 1440 px; não equivale à inspeção da página inteira ou de todos os painéis. | Medições DOM a 390/768/1440 px nos temas claro/escuro; contraste escuro não foi julgado visualmente em cada capítulo. | Harness abre Explorar/Testar/Reconstruir e aciona o primeiro botão; não comprova exercício completo, diagnóstico, persistência no Caderno, drag-and-drop ou equivalência por teclado. | Movimento reduzido e efeitos mínimos: não certifica movimento causal completo."
summary-biologia-sangue-e-imunologia,Biologia,Sangue e Imunologia,redesenhar,alta,"A cena é apenas Sistema ABO, enquanto o resumo aborda defesa, imunidade inata/adaptativa e vacina/soro. ABO não representa o núcleo atual; criar cena de produção de anticorpos e memória versus anticorpos prontos.","Inspeção visual de recortes centrais em tema claro a 390 e 1440 px; não equivale à inspeção da página inteira ou de todos os painéis. | Medições DOM a 390/768/1440 px nos temas claro/escuro; contraste escuro não foi julgado visualmente em cada capítulo. | Harness abre Explorar/Testar/Reconstruir e aciona o primeiro botão; não comprova exercício completo, diagnóstico, persistência no Caderno, drag-and-drop ou equivalência por teclado. | Movimento reduzido e efeitos mínimos: não certifica movimento causal completo."
summary-biologia-coracao-e-vasos-sanguineos,Biologia,Coração e Vasos Sanguíneos,manter,nenhuma,"O recorte expõe cavidades cardíacas e circuito pulmonar/sistêmico, relacionado ao conteúdo atual. Manter esta representação dentro dos limites da revisão.","Inspeção visual de recortes centrais em tema claro a 390 e 1440 px; não equivale à inspeção da página inteira ou de todos os painéis. | Medições DOM a 390/768/1440 px nos temas claro/escuro; contraste escuro não foi julgado visualmente em cada capítulo. | Harness abre Explorar/Testar/Reconstruir e aciona o primeiro botão; não comprova exercício completo, diagnóstico, persistência no Caderno, drag-and-drop ou equivalência por teclado. | Movimento reduzido e efeitos mínimos: não certifica movimento causal completo."
summary-biologia-fisiologia-da-respiracao,Biologia,Fisiologia da Respiração,manter,nenhuma,"O recorte expõe gradiente de pressão parcial entre alvéolo e capilar, relacionado ao conteúdo atual. Manter esta representação dentro dos limites da revisão.","Inspeção visual de recortes centrais em tema claro a 390 e 1440 px; não equivale à inspeção da página inteira ou de todos os painéis. | Medições DOM a 390/768/1440 px nos temas claro/escuro; contraste escuro não foi julgado visualmente em cada capítulo. | Harness abre Explorar/Testar/Reconstruir e aciona o primeiro botão; não comprova exercício completo, diagnóstico, persistência no Caderno, drag-and-drop ou equivalência por teclado. | Movimento reduzido e efeitos mínimos: não certifica movimento causal completo."
summary-biologia-fisiologia-da-excrecao,Biologia,Fisiologia da Excreção,manter,nenhuma,"O recorte expõe filtração, reabsorção e secreção no néfron, relacionado ao conteúdo atual. Manter esta representação dentro dos limites da revisão.","Inspeção visual de recortes centrais em tema claro a 390 e 1440 px; não equivale à inspeção da página inteira ou de todos os painéis. | Medições DOM a 390/768/1440 px nos temas claro/escuro; contraste escuro não foi julgado visualmente em cada capítulo. | Harness abre Explorar/Testar/Reconstruir e aciona o primeiro botão; não comprova exercício completo, diagnóstico, persistência no Caderno, drag-and-drop ou equivalência por teclado. | Movimento reduzido e efeitos mínimos: não certifica movimento causal completo."
summary-biologia-fisiologia-da-coordenacao-nervosa-i,Biologia,Fisiologia da Coordenação Nervosa I,manter,nenhuma,"O recorte expõe entrada de cálcio e transmissão sináptica, relacionado ao conteúdo atual. Manter esta representação dentro dos limites da revisão.","Inspeção visual de recortes centrais em tema claro a 390 e 1440 px; não equivale à inspeção da página inteira ou de todos os painéis. | Medições DOM a 390/768/1440 px nos temas claro/escuro; contraste escuro não foi julgado visualmente em cada capítulo. | Harness abre Explorar/Testar/Reconstruir e aciona o primeiro botão; não comprova exercício completo, diagnóstico, persistência no Caderno, drag-and-drop ou equivalência por teclado. | Movimento reduzido e efeitos mínimos: não certifica movimento causal completo."
summary-biologia-coordenacao-nervosa-ii,Biologia,Coordenação Nervosa II,manter,nenhuma,"O recorte expõe arco reflexo entre receptor, medula e efetor, relacionado ao conteúdo atual. Manter esta representação dentro dos limites da revisão.","Inspeção visual de recortes centrais em tema claro a 390 e 1440 px; não equivale à inspeção da página inteira ou de todos os painéis. | Medições DOM a 390/768/1440 px nos temas claro/escuro; contraste escuro não foi julgado visualmente em cada capítulo. | Harness abre Explorar/Testar/Reconstruir e aciona o primeiro botão; não comprova exercício completo, diagnóstico, persistência no Caderno, drag-and-drop ou equivalência por teclado. | Movimento reduzido e efeitos mínimos: não certifica movimento causal completo."
summary-biologia-sistemas-sensoriais-visao-e-audicao,Biologia,Sistemas Sensoriais: Visão e Audição,manter,nenhuma,"O recorte expõe receptores visuais/auditivos e impulsos nervosos, relacionado ao conteúdo atual. Manter esta representação dentro dos limites da revisão.","Inspeção visual de recortes centrais em tema claro a 390 e 1440 px; não equivale à inspeção da página inteira ou de todos os painéis. | Medições DOM a 390/768/1440 px nos temas claro/escuro; contraste escuro não foi julgado visualmente em cada capítulo. | Harness abre Explorar/Testar/Reconstruir e aciona o primeiro botão; não comprova exercício completo, diagnóstico, persistência no Caderno, drag-and-drop ou equivalência por teclado. | Movimento reduzido e efeitos mínimos: não certifica movimento causal completo."
summary-biologia-coordenacao-endocrina-i,Biologia,Coordenação Endócrina I,manter,nenhuma,"O recorte expõe feedback de T3/T4 sobre hipófise e tireoide, relacionado ao conteúdo atual. Manter esta representação dentro dos limites da revisão.","Inspeção visual de recortes centrais em tema claro a 390 e 1440 px; não equivale à inspeção da página inteira ou de todos os painéis. | Medições DOM a 390/768/1440 px nos temas claro/escuro; contraste escuro não foi julgado visualmente em cada capítulo. | Harness abre Explorar/Testar/Reconstruir e aciona o primeiro botão; não comprova exercício completo, diagnóstico, persistência no Caderno, drag-and-drop ou equivalência por teclado. | Movimento reduzido e efeitos mínimos: não certifica movimento causal completo."
summary-biologia-coordenacao-endocrina-ii,Biologia,Coordenação Endócrina II,manter,nenhuma,"O recorte expõe eixo endócrino e feedback negativo, relacionado ao conteúdo atual. Manter esta representação dentro dos limites da revisão.","Inspeção visual de recortes centrais em tema claro a 390 e 1440 px; não equivale à inspeção da página inteira ou de todos os painéis. | Medições DOM a 390/768/1440 px nos temas claro/escuro; contraste escuro não foi julgado visualmente em cada capítulo. | Harness abre Explorar/Testar/Reconstruir e aciona o primeiro botão; não comprova exercício completo, diagnóstico, persistência no Caderno, drag-and-drop ou equivalência por teclado. | Movimento reduzido e efeitos mínimos: não certifica movimento causal completo."
summary-biologia-reproducao-humana-e-metodos-contraceptivos,Biologia,Reprodução Humana e Métodos Contraceptivos,manter,nenhuma,"O recorte expõe etapas reprodutivas e pontos de ação dos contraceptivos, relacionado ao conteúdo atual. Manter esta representação dentro dos limites da revisão.","Inspeção visual de recortes centrais em tema claro a 390 e 1440 px; não equivale à inspeção da página inteira ou de todos os painéis. | Medições DOM a 390/768/1440 px nos temas claro/escuro; contraste escuro não foi julgado visualmente em cada capítulo. | Harness abre Explorar/Testar/Reconstruir e aciona o primeiro botão; não comprova exercício completo, diagnóstico, persistência no Caderno, drag-and-drop ou equivalência por teclado. | Movimento reduzido e efeitos mínimos: não certifica movimento causal completo."
summary-biologia-histologia-e-morfologia-vegetal,Biologia,Histologia e Morfologia Vegetal,manter,nenhuma,"O recorte expõe organização dos tecidos e xilema/floema na raiz, relacionado ao conteúdo atual. Manter esta representação dentro dos limites da revisão.","Inspeção visual de recortes centrais em tema claro a 390 e 1440 px; não equivale à inspeção da página inteira ou de todos os painéis. | Medições DOM a 390/768/1440 px nos temas claro/escuro; contraste escuro não foi julgado visualmente em cada capítulo. | Harness abre Explorar/Testar/Reconstruir e aciona o primeiro botão; não comprova exercício completo, diagnóstico, persistência no Caderno, drag-and-drop ou equivalência por teclado. | Movimento reduzido e efeitos mínimos: não certifica movimento causal completo."
summary-biologia-morfofisiologia-vegetal-caules-e-folhas,Biologia,Morfofisiologia Vegetal: Caules e Folhas,manter,nenhuma,"O recorte expõe caule, folhas, gemas e nós, relacionado ao conteúdo atual. Manter esta representação dentro dos limites da revisão.","Inspeção visual de recortes centrais em tema claro a 390 e 1440 px; não equivale à inspeção da página inteira ou de todos os painéis. | Medições DOM a 390/768/1440 px nos temas claro/escuro; contraste escuro não foi julgado visualmente em cada capítulo. | Harness abre Explorar/Testar/Reconstruir e aciona o primeiro botão; não comprova exercício completo, diagnóstico, persistência no Caderno, drag-and-drop ou equivalência por teclado. | Movimento reduzido e efeitos mínimos: não certifica movimento causal completo."
summary-biologia-traqueofitas-transpiracao-e-reposicao-rapida-de-agua,Biologia,Traqueófitas: Transpiração e Reposição Rápida de Água,manter,nenhuma,"O recorte expõe transpiração e tração da coluna de água no xilema, relacionado ao conteúdo atual. Manter esta representação dentro dos limites da revisão.","Inspeção visual de recortes centrais em tema claro a 390 e 1440 px; não equivale à inspeção da página inteira ou de todos os painéis. | Medições DOM a 390/768/1440 px nos temas claro/escuro; contraste escuro não foi julgado visualmente em cada capítulo. | Harness abre Explorar/Testar/Reconstruir e aciona o primeiro botão; não comprova exercício completo, diagnóstico, persistência no Caderno, drag-and-drop ou equivalência por teclado. | Movimento reduzido e efeitos mínimos: não certifica movimento causal completo."
summary-biologia-fisiologia-vegetal-transporte-no-floema,Biologia,Fisiologia Vegetal: Transporte no Floema,manter,nenhuma,"O recorte expõe carregamento de sacarose, osmose e fluxo por pressão no floema, relacionado ao conteúdo atual. Manter esta representação dentro dos limites da revisão.","Inspeção visual de recortes centrais em tema claro a 390 e 1440 px; não equivale à inspeção da página inteira ou de todos os painéis. | Medições DOM a 390/768/1440 px nos temas claro/escuro; contraste escuro não foi julgado visualmente em cada capítulo. | Harness abre Explorar/Testar/Reconstruir e aciona o primeiro botão; não comprova exercício completo, diagnóstico, persistência no Caderno, drag-and-drop ou equivalência por teclado. | Movimento reduzido e efeitos mínimos: não certifica movimento causal completo."
summary-biologia-fisiologia-vegetal-hormonios-vegetais,Biologia,Fisiologia Vegetal: Hormônios Vegetais,manter,nenhuma,"O recorte expõe distribuição de auxina e curvatura em direção à luz, relacionado ao conteúdo atual. Manter esta representação dentro dos limites da revisão.","Inspeção visual de recortes centrais em tema claro a 390 e 1440 px; não equivale à inspeção da página inteira ou de todos os painéis. | Medições DOM a 390/768/1440 px nos temas claro/escuro; contraste escuro não foi julgado visualmente em cada capítulo. | Harness abre Explorar/Testar/Reconstruir e aciona o primeiro botão; não comprova exercício completo, diagnóstico, persistência no Caderno, drag-and-drop ou equivalência por teclado. | Movimento reduzido e efeitos mínimos: não certifica movimento causal completo."
summary-quimica-evolucao-dos-modelos-atomicos,Química,Evolução dos Modelos Atômicos,manter,nenhuma,"O recorte expõe espalhamento de partículas alfa na folha de ouro, relacionado ao conteúdo atual. Manter esta representação dentro dos limites da revisão.","Inspeção visual de recortes centrais em tema claro a 390 e 1440 px; não equivale à inspeção da página inteira ou de todos os painéis. | Medições DOM a 390/768/1440 px nos temas claro/escuro; contraste escuro não foi julgado visualmente em cada capítulo. | Harness abre Explorar/Testar/Reconstruir e aciona o primeiro botão; não comprova exercício completo, diagnóstico, persistência no Caderno, drag-and-drop ou equivalência por teclado. | Movimento reduzido e efeitos mínimos: não certifica movimento causal completo."
summary-quimica-organizacao-da-tabela-periodica-dos-elementos,Química,Organização da Tabela Periódica dos Elementos,manter,nenhuma,"O recorte expõe posição das famílias e perda/ganho de elétrons, relacionado ao conteúdo atual. Manter esta representação dentro dos limites da revisão.","Inspeção visual de recortes centrais em tema claro a 390 e 1440 px; não equivale à inspeção da página inteira ou de todos os painéis. | Medições DOM a 390/768/1440 px nos temas claro/escuro; contraste escuro não foi julgado visualmente em cada capítulo. | Harness abre Explorar/Testar/Reconstruir e aciona o primeiro botão; não comprova exercício completo, diagnóstico, persistência no Caderno, drag-and-drop ou equivalência por teclado. | Movimento reduzido e efeitos mínimos: não certifica movimento causal completo."
summary-quimica-radioatividade-o-estudo-das-radiacoes,Química,Radioatividade: o Estudo das Radiações,manter,nenhuma,"O recorte expõe penetração das radiações em barreiras materiais, relacionado ao conteúdo atual. Manter esta representação dentro dos limites da revisão.","Inspeção visual de recortes centrais em tema claro a 390 e 1440 px; não equivale à inspeção da página inteira ou de todos os painéis. | Medições DOM a 390/768/1440 px nos temas claro/escuro; contraste escuro não foi julgado visualmente em cada capítulo. | Harness abre Explorar/Testar/Reconstruir e aciona o primeiro botão; não comprova exercício completo, diagnóstico, persistência no Caderno, drag-and-drop ou equivalência por teclado. | Movimento reduzido e efeitos mínimos: não certifica movimento causal completo."
summary-quimica-ligacoes-quimicas-e-alotropia,Química,Ligações Químicas e Alotropia,manter,nenhuma,"O recorte expõe transferência/compartilhamento de elétrons e propriedades de ligação, relacionado ao conteúdo atual. Manter esta representação dentro dos limites da revisão.","Inspeção visual de recortes centrais em tema claro a 390 e 1440 px; não equivale à inspeção da página inteira ou de todos os painéis. | Medições DOM a 390/768/1440 px nos temas claro/escuro; contraste escuro não foi julgado visualmente em cada capítulo. | Harness abre Explorar/Testar/Reconstruir e aciona o primeiro botão; não comprova exercício completo, diagnóstico, persistência no Caderno, drag-and-drop ou equivalência por teclado. | Movimento reduzido e efeitos mínimos: não certifica movimento causal completo."
summary-quimica-geometria-molecular,Química,Geometria Molecular,manter,nenhuma,"O recorte expõe pares eletrônicos e formas moleculares distintas, relacionado ao conteúdo atual. Manter esta representação dentro dos limites da revisão.","Inspeção visual de recortes centrais em tema claro a 390 e 1440 px; não equivale à inspeção da página inteira ou de todos os painéis. | Medições DOM a 390/768/1440 px nos temas claro/escuro; contraste escuro não foi julgado visualmente em cada capítulo. | Harness abre Explorar/Testar/Reconstruir e aciona o primeiro botão; não comprova exercício completo, diagnóstico, persistência no Caderno, drag-and-drop ou equivalência por teclado. | Movimento reduzido e efeitos mínimos: não certifica movimento causal completo."
summary-quimica-polaridade-das-ligacoes-e-das-moleculas,Química,Polaridade das Ligações e das Moléculas,manter,nenhuma,"O recorte expõe soma/cancelamento de dipolos pela geometria molecular, relacionado ao conteúdo atual. Manter esta representação dentro dos limites da revisão.","Inspeção visual de recortes centrais em tema claro a 390 e 1440 px; não equivale à inspeção da página inteira ou de todos os painéis. | Medições DOM a 390/768/1440 px nos temas claro/escuro; contraste escuro não foi julgado visualmente em cada capítulo. | Harness abre Explorar/Testar/Reconstruir e aciona o primeiro botão; não comprova exercício completo, diagnóstico, persistência no Caderno, drag-and-drop ou equivalência por teclado. | Movimento reduzido e efeitos mínimos: não certifica movimento causal completo."
summary-quimica-interacoes-intermoleculares,Química,Interações Intermoleculares,manter,nenhuma,"O recorte expõe comparação de forças entre moléculas e propriedades, relacionado ao conteúdo atual. Manter esta representação dentro dos limites da revisão.","Inspeção visual de recortes centrais em tema claro a 390 e 1440 px; não equivale à inspeção da página inteira ou de todos os painéis. | Medições DOM a 390/768/1440 px nos temas claro/escuro; contraste escuro não foi julgado visualmente em cada capítulo. | Harness abre Explorar/Testar/Reconstruir e aciona o primeiro botão; não comprova exercício completo, diagnóstico, persistência no Caderno, drag-and-drop ou equivalência por teclado. | Movimento reduzido e efeitos mínimos: não certifica movimento causal completo."
summary-quimica-composicao-da-materia-estados-fisicos,Química,Composição da Matéria: Estados Físicos,manter,nenhuma,"O recorte expõe arranjo das mesmas partículas nos três estados físicos, relacionado ao conteúdo atual. Manter esta representação dentro dos limites da revisão.","Inspeção visual de recortes centrais em tema claro a 390 e 1440 px; não equivale à inspeção da página inteira ou de todos os painéis. | Medições DOM a 390/768/1440 px nos temas claro/escuro; contraste escuro não foi julgado visualmente em cada capítulo. | Harness abre Explorar/Testar/Reconstruir e aciona o primeiro botão; não comprova exercício completo, diagnóstico, persistência no Caderno, drag-and-drop ou equivalência por teclado. | Movimento reduzido e efeitos mínimos: não certifica movimento causal completo."
summary-quimica-o-estado-gasoso,Química,O Estado Gasoso,manter,nenhuma,"O recorte expõe energia térmica das partículas e pressão no recipiente rígido, relacionado ao conteúdo atual. Manter esta representação dentro dos limites da revisão.","Inspeção visual de recortes centrais em tema claro a 390 e 1440 px; não equivale à inspeção da página inteira ou de todos os painéis. | Medições DOM a 390/768/1440 px nos temas claro/escuro; contraste escuro não foi julgado visualmente em cada capítulo. | Harness abre Explorar/Testar/Reconstruir e aciona o primeiro botão; não comprova exercício completo, diagnóstico, persistência no Caderno, drag-and-drop ou equivalência por teclado. | Movimento reduzido e efeitos mínimos: não certifica movimento causal completo."
summary-quimica-estudo-dos-gases-ii,Química,Estudo dos Gases II,manter,nenhuma,"O recorte expõe expansão do gás em seringa a pressão constante, relacionado ao conteúdo atual. Manter esta representação dentro dos limites da revisão.","Inspeção visual de recortes centrais em tema claro a 390 e 1440 px; não equivale à inspeção da página inteira ou de todos os painéis. | Medições DOM a 390/768/1440 px nos temas claro/escuro; contraste escuro não foi julgado visualmente em cada capítulo. | Harness abre Explorar/Testar/Reconstruir e aciona o primeiro botão; não comprova exercício completo, diagnóstico, persistência no Caderno, drag-and-drop ou equivalência por teclado. | Movimento reduzido e efeitos mínimos: não certifica movimento causal completo."
summary-quimica-separacao-de-misturas,Química,Separação de Misturas,manter,nenhuma,"O recorte expõe separação por filtração e destino de componentes, relacionado ao conteúdo atual. Manter esta representação dentro dos limites da revisão.","Inspeção visual de recortes centrais em tema claro a 390 e 1440 px; não equivale à inspeção da página inteira ou de todos os painéis. | Medições DOM a 390/768/1440 px nos temas claro/escuro; contraste escuro não foi julgado visualmente em cada capítulo. | Harness abre Explorar/Testar/Reconstruir e aciona o primeiro botão; não comprova exercício completo, diagnóstico, persistência no Caderno, drag-and-drop ou equivalência por teclado. | Movimento reduzido e efeitos mínimos: não certifica movimento causal completo."
summary-quimica-transformacoes-fisicas-e-quimicas-e-balanceamento-de-equacoes,Química,Transformações Físicas e Químicas e Balanceamento de Equações,manter,nenhuma,"O recorte expõe balanceamento conservando átomos em moléculas, relacionado ao conteúdo atual. Manter esta representação dentro dos limites da revisão.","Inspeção visual de recortes centrais em tema claro a 390 e 1440 px; não equivale à inspeção da página inteira ou de todos os painéis. | Medições DOM a 390/768/1440 px nos temas claro/escuro; contraste escuro não foi julgado visualmente em cada capítulo. | Harness abre Explorar/Testar/Reconstruir e aciona o primeiro botão; não comprova exercício completo, diagnóstico, persistência no Caderno, drag-and-drop ou equivalência por teclado. | Movimento reduzido e efeitos mínimos: não certifica movimento causal completo."
summary-quimica-massa-atomica-mol-e-massa-molar,Química,"Massa Atômica, Mol e Massa Molar",manter,nenhuma,"O recorte expõe massa dividida pela massa molar e número de entidades, relacionado ao conteúdo atual. Manter esta representação dentro dos limites da revisão.","Inspeção visual de recortes centrais em tema claro a 390 e 1440 px; não equivale à inspeção da página inteira ou de todos os painéis. | Medições DOM a 390/768/1440 px nos temas claro/escuro; contraste escuro não foi julgado visualmente em cada capítulo. | Harness abre Explorar/Testar/Reconstruir e aciona o primeiro botão; não comprova exercício completo, diagnóstico, persistência no Caderno, drag-and-drop ou equivalência por teclado. | Movimento reduzido e efeitos mínimos: não certifica movimento causal completo."
summary-quimica-determinacao-de-formulas-quimicas,Química,Determinação de Fórmulas Químicas,manter,nenhuma,"O recorte expõe múltiplos da fórmula mínima, relacionado ao conteúdo atual. Manter esta representação dentro dos limites da revisão.","Inspeção visual de recortes centrais em tema claro a 390 e 1440 px; não equivale à inspeção da página inteira ou de todos os painéis. | Medições DOM a 390/768/1440 px nos temas claro/escuro; contraste escuro não foi julgado visualmente em cada capítulo. | Harness abre Explorar/Testar/Reconstruir e aciona o primeiro botão; não comprova exercício completo, diagnóstico, persistência no Caderno, drag-and-drop ou equivalência por teclado. | Movimento reduzido e efeitos mínimos: não certifica movimento causal completo."
summary-quimica-estequiometria-leis-ponderais,Química,Estequiometria: Leis Ponderais,manter,nenhuma,"O recorte expõe balança e conservação de massa na proporção estequiométrica, relacionado ao conteúdo atual. Manter esta representação dentro dos limites da revisão.","Inspeção visual de recortes centrais em tema claro a 390 e 1440 px; não equivale à inspeção da página inteira ou de todos os painéis. | Medições DOM a 390/768/1440 px nos temas claro/escuro; contraste escuro não foi julgado visualmente em cada capítulo. | Harness abre Explorar/Testar/Reconstruir e aciona o primeiro botão; não comprova exercício completo, diagnóstico, persistência no Caderno, drag-and-drop ou equivalência por teclado. | Movimento reduzido e efeitos mínimos: não certifica movimento causal completo."
summary-quimica-calculos-estequiometricos,Química,Cálculos Estequiométricos,manter,nenhuma,"O recorte expõe reagente limitante e moléculas que sobram, relacionado ao conteúdo atual. Manter esta representação dentro dos limites da revisão.","Inspeção visual de recortes centrais em tema claro a 390 e 1440 px; não equivale à inspeção da página inteira ou de todos os painéis. | Medições DOM a 390/768/1440 px nos temas claro/escuro; contraste escuro não foi julgado visualmente em cada capítulo. | Harness abre Explorar/Testar/Reconstruir e aciona o primeiro botão; não comprova exercício completo, diagnóstico, persistência no Caderno, drag-and-drop ou equivalência por teclado. | Movimento reduzido e efeitos mínimos: não certifica movimento causal completo."
summary-quimica-quimica-inorganica,Química,Química Inorgânica,manter,nenhuma,"O recorte expõe íons e estruturas das funções inorgânicas, relacionado ao conteúdo atual. Manter esta representação dentro dos limites da revisão.","Inspeção visual de recortes centrais em tema claro a 390 e 1440 px; não equivale à inspeção da página inteira ou de todos os painéis. | Medições DOM a 390/768/1440 px nos temas claro/escuro; contraste escuro não foi julgado visualmente em cada capítulo. | Harness abre Explorar/Testar/Reconstruir e aciona o primeiro botão; não comprova exercício completo, diagnóstico, persistência no Caderno, drag-and-drop ou equivalência por teclado. | Movimento reduzido e efeitos mínimos: não certifica movimento causal completo."
summary-quimica-equacoes-ionicas-e-outras-teorias-para-acidos-e-bases,Química,Equações Iônicas e outras Teorias para Ácidos e Bases,manter,nenhuma,"O recorte expõe transferência de próton e teorias ácido/base, relacionado ao conteúdo atual. Manter esta representação dentro dos limites da revisão.","Inspeção visual de recortes centrais em tema claro a 390 e 1440 px; não equivale à inspeção da página inteira ou de todos os painéis. | Medições DOM a 390/768/1440 px nos temas claro/escuro; contraste escuro não foi julgado visualmente em cada capítulo. | Harness abre Explorar/Testar/Reconstruir e aciona o primeiro botão; não comprova exercício completo, diagnóstico, persistência no Caderno, drag-and-drop ou equivalência por teclado. | Movimento reduzido e efeitos mínimos: não certifica movimento causal completo."
summary-quimica-processos-de-oxirreducao,Química,Processos de Oxirredução,manter,nenhuma,"O recorte expõe transferência de elétrons entre Zn e Cu²⁺, relacionado ao conteúdo atual. Manter esta representação dentro dos limites da revisão.","Inspeção visual de recortes centrais em tema claro a 390 e 1440 px; não equivale à inspeção da página inteira ou de todos os painéis. | Medições DOM a 390/768/1440 px nos temas claro/escuro; contraste escuro não foi julgado visualmente em cada capítulo. | Harness abre Explorar/Testar/Reconstruir e aciona o primeiro botão; não comprova exercício completo, diagnóstico, persistência no Caderno, drag-and-drop ou equivalência por teclado. | Movimento reduzido e efeitos mínimos: não certifica movimento causal completo."
summary-quimica-quimica-ambiental,Química,Química Ambiental,manter,nenhuma,"O recorte expõe poluição e sequência de consequências químicas na água, relacionado ao conteúdo atual. Manter esta representação dentro dos limites da revisão.","Inspeção visual de recortes centrais em tema claro a 390 e 1440 px; não equivale à inspeção da página inteira ou de todos os painéis. | Medições DOM a 390/768/1440 px nos temas claro/escuro; contraste escuro não foi julgado visualmente em cada capítulo. | Harness abre Explorar/Testar/Reconstruir e aciona o primeiro botão; não comprova exercício completo, diagnóstico, persistência no Caderno, drag-and-drop ou equivalência por teclado. | Movimento reduzido e efeitos mínimos: não certifica movimento causal completo."
summary-quimica-introducao-a-quimica-organica,Química,Introdução à Química Orgânica,manter,nenhuma,"O recorte expõe cadeia de carbono e tipos de ligação, relacionado ao conteúdo atual. Manter esta representação dentro dos limites da revisão.","Inspeção visual de recortes centrais em tema claro a 390 e 1440 px; não equivale à inspeção da página inteira ou de todos os painéis. | Medições DOM a 390/768/1440 px nos temas claro/escuro; contraste escuro não foi julgado visualmente em cada capítulo. | Harness abre Explorar/Testar/Reconstruir e aciona o primeiro botão; não comprova exercício completo, diagnóstico, persistência no Caderno, drag-and-drop ou equivalência por teclado. | Movimento reduzido e efeitos mínimos: não certifica movimento causal completo."
summary-quimica-nomenclatura-de-compostos-organicos,Química,Nomenclatura de Compostos Orgânicos,manter,nenhuma,"O recorte expõe cadeia principal, ramificações e construção do nome, relacionado ao conteúdo atual. Manter esta representação dentro dos limites da revisão.","Inspeção visual de recortes centrais em tema claro a 390 e 1440 px; não equivale à inspeção da página inteira ou de todos os painéis. | Medições DOM a 390/768/1440 px nos temas claro/escuro; contraste escuro não foi julgado visualmente em cada capítulo. | Harness abre Explorar/Testar/Reconstruir e aciona o primeiro botão; não comprova exercício completo, diagnóstico, persistência no Caderno, drag-and-drop ou equivalência por teclado. | Movimento reduzido e efeitos mínimos: não certifica movimento causal completo."
summary-quimica-nomenclatura-de-compostos-organicos-oxigenados-e-nitrogenados,Química,Nomenclatura de Compostos Orgânicos Oxigenados e Nitrogenados,manter,nenhuma,"O recorte expõe grupos funcionais oxigenados/nitrogenados, relacionado ao conteúdo atual. Manter esta representação dentro dos limites da revisão.","Inspeção visual de recortes centrais em tema claro a 390 e 1440 px; não equivale à inspeção da página inteira ou de todos os painéis. | Medições DOM a 390/768/1440 px nos temas claro/escuro; contraste escuro não foi julgado visualmente em cada capítulo. | Harness abre Explorar/Testar/Reconstruir e aciona o primeiro botão; não comprova exercício completo, diagnóstico, persistência no Caderno, drag-and-drop ou equivalência por teclado. | Movimento reduzido e efeitos mínimos: não certifica movimento causal completo."
summary-quimica-reconhecimento-de-funcoes-organicas-e-algumas-de-suas-propriedades,Química,Reconhecimento de Funções Orgânicas e Algumas de suas Propriedades,manter,nenhuma,"O recorte expõe estruturas de grupos funcionais e respectivas propriedades, relacionado ao conteúdo atual. Manter esta representação dentro dos limites da revisão.","Inspeção visual de recortes centrais em tema claro a 390 e 1440 px; não equivale à inspeção da página inteira ou de todos os painéis. | Medições DOM a 390/768/1440 px nos temas claro/escuro; contraste escuro não foi julgado visualmente em cada capítulo. | Harness abre Explorar/Testar/Reconstruir e aciona o primeiro botão; não comprova exercício completo, diagnóstico, persistência no Caderno, drag-and-drop ou equivalência por teclado. | Movimento reduzido e efeitos mínimos: não certifica movimento causal completo."
summary-quimica-isomeria,Química,Isomeria,manter,nenhuma,"O recorte expõe mesma fórmula molecular e estruturas diferentes, relacionado ao conteúdo atual. Manter esta representação dentro dos limites da revisão.","Inspeção visual de recortes centrais em tema claro a 390 e 1440 px; não equivale à inspeção da página inteira ou de todos os painéis. | Medições DOM a 390/768/1440 px nos temas claro/escuro; contraste escuro não foi julgado visualmente em cada capítulo. | Harness abre Explorar/Testar/Reconstruir e aciona o primeiro botão; não comprova exercício completo, diagnóstico, persistência no Caderno, drag-and-drop ou equivalência por teclado. | Movimento reduzido e efeitos mínimos: não certifica movimento causal completo."
summary-quimica-combustiveis-fosseis,Química,Combustíveis Fósseis,manter,nenhuma,"O recorte expõe produtos da combustão e consequências ambientais, relacionado ao conteúdo atual. Manter esta representação dentro dos limites da revisão.","Inspeção visual de recortes centrais em tema claro a 390 e 1440 px; não equivale à inspeção da página inteira ou de todos os painéis. | Medições DOM a 390/768/1440 px nos temas claro/escuro; contraste escuro não foi julgado visualmente em cada capítulo. | Harness abre Explorar/Testar/Reconstruir e aciona o primeiro botão; não comprova exercício completo, diagnóstico, persistência no Caderno, drag-and-drop ou equivalência por teclado. | Movimento reduzido e efeitos mínimos: não certifica movimento causal completo."
summary-quimica-interpretando-reacoes-organicas,Química,Interpretando Reações Orgânicas,ajustar,media,"O recorte expõe mudança de ligações nos tipos de reação orgânica, relacionado ao conteúdo atual. Manter esta representação dentro dos limites da revisão. | O r de Br é cortado na borda direita do SVG de adição em tablet/desktop. O DOM mede 4–5 px além do quadro e a captura individual exibe B; mover o rótulo para dentro ou ampliar a área para preservar o símbolo químico.","Inspeção visual de recortes centrais em tema claro a 390 e 1440 px; não equivale à inspeção da página inteira ou de todos os painéis. | Medições DOM a 390/768/1440 px nos temas claro/escuro; contraste escuro não foi julgado visualmente em cada capítulo. | Harness abre Explorar/Testar/Reconstruir e aciona o primeiro botão; não comprova exercício completo, diagnóstico, persistência no Caderno, drag-and-drop ou equivalência por teclado. | Movimento reduzido e efeitos mínimos: não certifica movimento causal completo."
summary-quimica-reacoes-de-substituicao,Química,Reações de Substituição,manter,nenhuma,"O recorte expõe troca de substituintes em estruturas orgânicas, relacionado ao conteúdo atual. Manter esta representação dentro dos limites da revisão.","Inspeção visual de recortes centrais em tema claro a 390 e 1440 px; não equivale à inspeção da página inteira ou de todos os painéis. | Medições DOM a 390/768/1440 px nos temas claro/escuro; contraste escuro não foi julgado visualmente em cada capítulo. | Harness abre Explorar/Testar/Reconstruir e aciona o primeiro botão; não comprova exercício completo, diagnóstico, persistência no Caderno, drag-and-drop ou equivalência por teclado. | Movimento reduzido e efeitos mínimos: não certifica movimento causal completo."
summary-quimica-reacoes-de-adicao,Química,Reações de Adição,manter,nenhuma,"O recorte expõe ruptura da ligação pi e adição de reagentes, relacionado ao conteúdo atual. Manter esta representação dentro dos limites da revisão.","Inspeção visual de recortes centrais em tema claro a 390 e 1440 px; não equivale à inspeção da página inteira ou de todos os painéis. | Medições DOM a 390/768/1440 px nos temas claro/escuro; contraste escuro não foi julgado visualmente em cada capítulo. | Harness abre Explorar/Testar/Reconstruir e aciona o primeiro botão; não comprova exercício completo, diagnóstico, persistência no Caderno, drag-and-drop ou equivalência por teclado. | Movimento reduzido e efeitos mínimos: não certifica movimento causal completo."
summary-quimica-reacoes-de-oxidacao-em-hidrocarbonetos,Química,Reações de Oxidação em Hidrocarbonetos,manter,nenhuma,"O recorte expõe oxigênio disponível na combustão do hidrocarboneto, relacionado ao conteúdo atual. Manter esta representação dentro dos limites da revisão.","Inspeção visual de recortes centrais em tema claro a 390 e 1440 px; não equivale à inspeção da página inteira ou de todos os painéis. | Medições DOM a 390/768/1440 px nos temas claro/escuro; contraste escuro não foi julgado visualmente em cada capítulo. | Harness abre Explorar/Testar/Reconstruir e aciona o primeiro botão; não comprova exercício completo, diagnóstico, persistência no Caderno, drag-and-drop ou equivalência por teclado. | Movimento reduzido e efeitos mínimos: não certifica movimento causal completo."
summary-quimica-alcoois,Química,Álcoois,manter,nenhuma,"O recorte expõe estruturas e classificação dos álcoois, relacionado ao conteúdo atual. Manter esta representação dentro dos limites da revisão.","Inspeção visual de recortes centrais em tema claro a 390 e 1440 px; não equivale à inspeção da página inteira ou de todos os painéis. | Medições DOM a 390/768/1440 px nos temas claro/escuro; contraste escuro não foi julgado visualmente em cada capítulo. | Harness abre Explorar/Testar/Reconstruir e aciona o primeiro botão; não comprova exercício completo, diagnóstico, persistência no Caderno, drag-and-drop ou equivalência por teclado. | Movimento reduzido e efeitos mínimos: não certifica movimento causal completo."
summary-quimica-acidos-graxos-e-esterificacao,Química,Ácidos Graxos e Esterificação,manter,nenhuma,"O recorte expõe pareamento ácido/álcool na esterificação, relacionado ao conteúdo atual. Manter esta representação dentro dos limites da revisão.","Inspeção visual de recortes centrais em tema claro a 390 e 1440 px; não equivale à inspeção da página inteira ou de todos os painéis. | Medições DOM a 390/768/1440 px nos temas claro/escuro; contraste escuro não foi julgado visualmente em cada capítulo. | Harness abre Explorar/Testar/Reconstruir e aciona o primeiro botão; não comprova exercício completo, diagnóstico, persistência no Caderno, drag-and-drop ou equivalência por teclado. | Movimento reduzido e efeitos mínimos: não certifica movimento causal completo."
summary-quimica-transesterificacao-alcoolise,Química,Transesterificação (Alcoólise),manter,nenhuma,"O recorte expõe troca do álcool na formação do biodiesel, relacionado ao conteúdo atual. Manter esta representação dentro dos limites da revisão.","Inspeção visual de recortes centrais em tema claro a 390 e 1440 px; não equivale à inspeção da página inteira ou de todos os painéis. | Medições DOM a 390/768/1440 px nos temas claro/escuro; contraste escuro não foi julgado visualmente em cada capítulo. | Harness abre Explorar/Testar/Reconstruir e aciona o primeiro botão; não comprova exercício completo, diagnóstico, persistência no Caderno, drag-and-drop ou equivalência por teclado. | Movimento reduzido e efeitos mínimos: não certifica movimento causal completo."
summary-quimica-acidez-e-basicidade-pka,Química,Acidez e Basicidade (pKa),manter,nenhuma,"O recorte expõe escala de pKa e força ácido/base, relacionado ao conteúdo atual. Manter esta representação dentro dos limites da revisão.","Inspeção visual de recortes centrais em tema claro a 390 e 1440 px; não equivale à inspeção da página inteira ou de todos os painéis. | Medições DOM a 390/768/1440 px nos temas claro/escuro; contraste escuro não foi julgado visualmente em cada capítulo. | Harness abre Explorar/Testar/Reconstruir e aciona o primeiro botão; não comprova exercício completo, diagnóstico, persistência no Caderno, drag-and-drop ou equivalência por teclado. | Movimento reduzido e efeitos mínimos: não certifica movimento causal completo."
summary-quimica-polimeros,Química,Polímeros,manter,nenhuma,"O recorte expõe monômero e repetição da cadeia polimérica, relacionado ao conteúdo atual. Manter esta representação dentro dos limites da revisão.","Inspeção visual de recortes centrais em tema claro a 390 e 1440 px; não equivale à inspeção da página inteira ou de todos os painéis. | Medições DOM a 390/768/1440 px nos temas claro/escuro; contraste escuro não foi julgado visualmente em cada capítulo. | Harness abre Explorar/Testar/Reconstruir e aciona o primeiro botão; não comprova exercício completo, diagnóstico, persistência no Caderno, drag-and-drop ou equivalência por teclado. | Movimento reduzido e efeitos mínimos: não certifica movimento causal completo."
summary-quimica-dispersoes,Química,Dispersões,manter,nenhuma,"O recorte expõe tamanho de partículas e comportamento de dispersões, relacionado ao conteúdo atual. Manter esta representação dentro dos limites da revisão.","Inspeção visual de recortes centrais em tema claro a 390 e 1440 px; não equivale à inspeção da página inteira ou de todos os painéis. | Medições DOM a 390/768/1440 px nos temas claro/escuro; contraste escuro não foi julgado visualmente em cada capítulo. | Harness abre Explorar/Testar/Reconstruir e aciona o primeiro botão; não comprova exercício completo, diagnóstico, persistência no Caderno, drag-and-drop ou equivalência por teclado. | Movimento reduzido e efeitos mínimos: não certifica movimento causal completo."
summary-quimica-efeitos-coligativos,Química,Efeitos Coligativos,manter,nenhuma,"O recorte expõe comparação solvente puro/solução nos efeitos coligativos, relacionado ao conteúdo atual. Manter esta representação dentro dos limites da revisão.","Inspeção visual de recortes centrais em tema claro a 390 e 1440 px; não equivale à inspeção da página inteira ou de todos os painéis. | Medições DOM a 390/768/1440 px nos temas claro/escuro; contraste escuro não foi julgado visualmente em cada capítulo. | Harness abre Explorar/Testar/Reconstruir e aciona o primeiro botão; não comprova exercício completo, diagnóstico, persistência no Caderno, drag-and-drop ou equivalência por teclado. | Movimento reduzido e efeitos mínimos: não certifica movimento causal completo."
summary-quimica-termoquimica-i,Química,Termoquímica I,manter,nenhuma,"O recorte expõe perfil energético de reações exo/endotérmicas, relacionado ao conteúdo atual. Manter esta representação dentro dos limites da revisão.","Inspeção visual de recortes centrais em tema claro a 390 e 1440 px; não equivale à inspeção da página inteira ou de todos os painéis. | Medições DOM a 390/768/1440 px nos temas claro/escuro; contraste escuro não foi julgado visualmente em cada capítulo. | Harness abre Explorar/Testar/Reconstruir e aciona o primeiro botão; não comprova exercício completo, diagnóstico, persistência no Caderno, drag-and-drop ou equivalência por teclado. | Movimento reduzido e efeitos mínimos: não certifica movimento causal completo."
summary-quimica-termoquimica-ii,Química,Termoquímica II,redesenhar,alta,"Termoquímica II seleciona Lei de Hess, mas seu conteúdo atual apresenta entropia, Gibbs e espontaneidade; Hess está em Termoquímica I. Representar a relação ΔG=ΔH−TΔS e seu sinal.","Inspeção visual de recortes centrais em tema claro a 390 e 1440 px; não equivale à inspeção da página inteira ou de todos os painéis. | Medições DOM a 390/768/1440 px nos temas claro/escuro; contraste escuro não foi julgado visualmente em cada capítulo. | Harness abre Explorar/Testar/Reconstruir e aciona o primeiro botão; não comprova exercício completo, diagnóstico, persistência no Caderno, drag-and-drop ou equivalência por teclado. | Movimento reduzido e efeitos mínimos: não certifica movimento causal completo."
summary-quimica-cinetica-quimica,Química,Cinética Química,manter,nenhuma,"O recorte expõe ordem de reação e dependência da velocidade, relacionado ao conteúdo atual. Manter esta representação dentro dos limites da revisão.","Inspeção visual de recortes centrais em tema claro a 390 e 1440 px; não equivale à inspeção da página inteira ou de todos os painéis. | Medições DOM a 390/768/1440 px nos temas claro/escuro; contraste escuro não foi julgado visualmente em cada capítulo. | Harness abre Explorar/Testar/Reconstruir e aciona o primeiro botão; não comprova exercício completo, diagnóstico, persistência no Caderno, drag-and-drop ou equivalência por teclado. | Movimento reduzido e efeitos mínimos: não certifica movimento causal completo."
summary-quimica-introducao-ao-estudo-das-pilhas-e-baterias,Química,Introdução ao Estudo das Pilhas e Baterias,manter,nenhuma,"O recorte expõe circuito com eletrodos e ponte salina, relacionado ao conteúdo atual. Manter esta representação dentro dos limites da revisão.","Inspeção visual de recortes centrais em tema claro a 390 e 1440 px; não equivale à inspeção da página inteira ou de todos os painéis. | Medições DOM a 390/768/1440 px nos temas claro/escuro; contraste escuro não foi julgado visualmente em cada capítulo. | Harness abre Explorar/Testar/Reconstruir e aciona o primeiro botão; não comprova exercício completo, diagnóstico, persistência no Caderno, drag-and-drop ou equivalência por teclado. | Movimento reduzido e efeitos mínimos: não certifica movimento causal completo."
summary-quimica-eletroquimica-de-processos-espontaneos,Química,Eletroquímica de Processos Espontâneos,manter,nenhuma,"O recorte expõe sinal da diferença de potencial e espontaneidade, relacionado ao conteúdo atual. Manter esta representação dentro dos limites da revisão.","Inspeção visual de recortes centrais em tema claro a 390 e 1440 px; não equivale à inspeção da página inteira ou de todos os painéis. | Medições DOM a 390/768/1440 px nos temas claro/escuro; contraste escuro não foi julgado visualmente em cada capítulo. | Harness abre Explorar/Testar/Reconstruir e aciona o primeiro botão; não comprova exercício completo, diagnóstico, persistência no Caderno, drag-and-drop ou equivalência por teclado. | Movimento reduzido e efeitos mínimos: não certifica movimento causal completo."
summary-quimica-eletroquimica-de-processos-nao-espontaneos,Química,Eletroquímica de Processos não Espontâneos,manter,nenhuma,"O recorte expõe fonte elétrica sustentando transformação não espontânea, relacionado ao conteúdo atual. Manter esta representação dentro dos limites da revisão.","Inspeção visual de recortes centrais em tema claro a 390 e 1440 px; não equivale à inspeção da página inteira ou de todos os painéis. | Medições DOM a 390/768/1440 px nos temas claro/escuro; contraste escuro não foi julgado visualmente em cada capítulo. | Harness abre Explorar/Testar/Reconstruir e aciona o primeiro botão; não comprova exercício completo, diagnóstico, persistência no Caderno, drag-and-drop ou equivalência por teclado. | Movimento reduzido e efeitos mínimos: não certifica movimento causal completo."
summary-quimica-aspectos-quantitativos-da-eletroquimica-e-metalurgia,Química,Aspectos Quantitativos da Eletroquímica e Metalurgia,manter,nenhuma,"O recorte expõe carga elétrica e depósito de cobre, relacionado ao conteúdo atual. Manter esta representação dentro dos limites da revisão.","Inspeção visual de recortes centrais em tema claro a 390 e 1440 px; não equivale à inspeção da página inteira ou de todos os painéis. | Medições DOM a 390/768/1440 px nos temas claro/escuro; contraste escuro não foi julgado visualmente em cada capítulo. | Harness abre Explorar/Testar/Reconstruir e aciona o primeiro botão; não comprova exercício completo, diagnóstico, persistência no Caderno, drag-and-drop ou equivalência por teclado. | Movimento reduzido e efeitos mínimos: não certifica movimento causal completo."
summary-quimica-deslocamento-de-equilibrio,Química,Deslocamento de Equilíbrio,manter,nenhuma,"O recorte expõe resposta do equilíbrio à mudança de condição, relacionado ao conteúdo atual. Manter esta representação dentro dos limites da revisão.","Inspeção visual de recortes centrais em tema claro a 390 e 1440 px; não equivale à inspeção da página inteira ou de todos os painéis. | Medições DOM a 390/768/1440 px nos temas claro/escuro; contraste escuro não foi julgado visualmente em cada capítulo. | Harness abre Explorar/Testar/Reconstruir e aciona o primeiro botão; não comprova exercício completo, diagnóstico, persistência no Caderno, drag-and-drop ou equivalência por teclado. | Movimento reduzido e efeitos mínimos: não certifica movimento causal completo."
summary-quimica-equilibrios-ionicos,Química,Equilíbrios Iônicos,manter,nenhuma,"O recorte expõe ionização de ácido fraco e proporção de espécies, relacionado ao conteúdo atual. Manter esta representação dentro dos limites da revisão.","Inspeção visual de recortes centrais em tema claro a 390 e 1440 px; não equivale à inspeção da página inteira ou de todos os painéis. | Medições DOM a 390/768/1440 px nos temas claro/escuro; contraste escuro não foi julgado visualmente em cada capítulo. | Harness abre Explorar/Testar/Reconstruir e aciona o primeiro botão; não comprova exercício completo, diagnóstico, persistência no Caderno, drag-and-drop ou equivalência por teclado. | Movimento reduzido e efeitos mínimos: não certifica movimento causal completo."
summary-quimica-equilibrios-ionicos-ii,Química,Equilíbrios Iônicos II,manter,nenhuma,"O recorte expõe cruzamento força do ácido/base e resultado da hidrólise salina, relacionado ao conteúdo atual. Manter esta representação dentro dos limites da revisão.","Inspeção visual de recortes centrais em tema claro a 390 e 1440 px; não equivale à inspeção da página inteira ou de todos os painéis. | Medições DOM a 390/768/1440 px nos temas claro/escuro; contraste escuro não foi julgado visualmente em cada capítulo. | Harness abre Explorar/Testar/Reconstruir e aciona o primeiro botão; não comprova exercício completo, diagnóstico, persistência no Caderno, drag-and-drop ou equivalência por teclado. | Movimento reduzido e efeitos mínimos: não certifica movimento causal completo."
qui-equilibrio-acidificacao,Química,"Equilíbrio químico, acidez e intemperismo",manter,nenhuma,"O recorte expõe prótons e dissolução do carbonato, relacionado ao conteúdo atual. Manter esta representação dentro dos limites da revisão.","Inspeção visual de recortes centrais em tema claro a 390 e 1440 px; não equivale à inspeção da página inteira ou de todos os painéis. | Medições DOM a 390/768/1440 px nos temas claro/escuro; contraste escuro não foi julgado visualmente em cada capítulo. | Harness abre Explorar/Testar/Reconstruir e aciona o primeiro botão; não comprova exercício completo, diagnóstico, persistência no Caderno, drag-and-drop ou equivalência por teclado. | Movimento reduzido e efeitos mínimos: não certifica movimento causal completo."
summary-matematica-potencias-e-radicais,Matemática,Potências e Radicais,manter,nenhuma,Produto de potências mostra cinco fatores 2 e resultado 32.,"Manter significa preservar o mecanismo central dentro do recorte revisado; não é aprovação editorial nem certificação completa do capítulo. | Capturas principais mostram a cena SVG, não toda a prancha/inspetor. Tema escuro e tablet possuem medição DOM, sem captura manual integral. | Harness abriu Explorar/Testar/Reconstruir e clicou primeiro botão; não comprova avaliação pedagógica, persistência no Caderno de Erros, drag/drop nem teclado completo. | Preferências caderno, efeitos mínimos e reduced-motion; movimento pleno e todas as preferências não foram revisados. | Intervalos dos controles foram inspecionados na fonte, sem varrer todas as combinações em navegador."
summary-matematica-razao-e-proporcao,Matemática,Razão e Proporção,manter,nenhuma,Razões 4/10 e 8/20 usam quantidades equivalentes em duas escalas.,"Manter significa preservar o mecanismo central dentro do recorte revisado; não é aprovação editorial nem certificação completa do capítulo. | Capturas principais mostram a cena SVG, não toda a prancha/inspetor. Tema escuro e tablet possuem medição DOM, sem captura manual integral. | Harness abriu Explorar/Testar/Reconstruir e clicou primeiro botão; não comprova avaliação pedagógica, persistência no Caderno de Erros, drag/drop nem teclado completo. | Preferências caderno, efeitos mínimos e reduced-motion; movimento pleno e todas as preferências não foram revisados. | Intervalos dos controles foram inspecionados na fonte, sem varrer todas as combinações em navegador."
summary-matematica-porcentagem,Matemática,Porcentagem,manter,nenhuma,"Grade de 100 células destaca 30 e conecta porcentagem, fração e decimal.","Manter significa preservar o mecanismo central dentro do recorte revisado; não é aprovação editorial nem certificação completa do capítulo. | Capturas principais mostram a cena SVG, não toda a prancha/inspetor. Tema escuro e tablet possuem medição DOM, sem captura manual integral. | Harness abriu Explorar/Testar/Reconstruir e clicou primeiro botão; não comprova avaliação pedagógica, persistência no Caderno de Erros, drag/drop nem teclado completo. | Preferências caderno, efeitos mínimos e reduced-motion; movimento pleno e todas as preferências não foram revisados. | Intervalos dos controles foram inspecionados na fonte, sem varrer todas as combinações em navegador."
summary-matematica-o-sistema-de-numeracao-decimal,Matemática,O Sistema de Numeração Decimal,manter,nenhuma,Quatro casas exibem o valor posicional do algarismo 3.,"Manter significa preservar o mecanismo central dentro do recorte revisado; não é aprovação editorial nem certificação completa do capítulo. | Capturas principais mostram a cena SVG, não toda a prancha/inspetor. Tema escuro e tablet possuem medição DOM, sem captura manual integral. | Harness abriu Explorar/Testar/Reconstruir e clicou primeiro botão; não comprova avaliação pedagógica, persistência no Caderno de Erros, drag/drop nem teclado completo. | Preferências caderno, efeitos mínimos e reduced-motion; movimento pleno e todas as preferências não foram revisados. | Intervalos dos controles foram inspecionados na fonte, sem varrer todas as combinações em navegador."
summary-matematica-introducao-a-teoria-dos-numeros-inteiros,Matemática,Introdução à Teoria dos Números Inteiros,manter,nenhuma,"Reta numerada explicita múltiplo de sete, quociente e resto não negativo.","Manter significa preservar o mecanismo central dentro do recorte revisado; não é aprovação editorial nem certificação completa do capítulo. | Capturas principais mostram a cena SVG, não toda a prancha/inspetor. Tema escuro e tablet possuem medição DOM, sem captura manual integral. | Harness abriu Explorar/Testar/Reconstruir e clicou primeiro botão; não comprova avaliação pedagógica, persistência no Caderno de Erros, drag/drop nem teclado completo. | Preferências caderno, efeitos mínimos e reduced-motion; movimento pleno e todas as preferências não foram revisados. | Intervalos dos controles foram inspecionados na fonte, sem varrer todas as combinações em navegador. | Barra fixa aparece em parte da captura mobile produzida ao rolar o SVG para screenshot; este artefato de captura não foi contado como falha confirmada de produto."
summary-matematica-introducao-as-sequencias,Matemática,Introdução às Sequências,manter,nenhuma,Degraus de PA explicitam diferença fixa e termo geral.,"Manter significa preservar o mecanismo central dentro do recorte revisado; não é aprovação editorial nem certificação completa do capítulo. | Capturas principais mostram a cena SVG, não toda a prancha/inspetor. Tema escuro e tablet possuem medição DOM, sem captura manual integral. | Harness abriu Explorar/Testar/Reconstruir e clicou primeiro botão; não comprova avaliação pedagógica, persistência no Caderno de Erros, drag/drop nem teclado completo. | Preferências caderno, efeitos mínimos e reduced-motion; movimento pleno e todas as preferências não foram revisados. | Intervalos dos controles foram inspecionados na fonte, sem varrer todas as combinações em navegador."
summary-matematica-progressao-aritmetica,Matemática,Progressão Aritmética,ajustar,media,"Cinco nós 3,5,7,9,11 explicitam diferença aditiva. | O intervalo permitido de r chega a 6; a fonte posiciona os nós finais acima do viewBox (y=160−4·6·9=−56). A configuração inicial é legível, mas extremos não preservam a cena.","Manter significa preservar o mecanismo central dentro do recorte revisado; não é aprovação editorial nem certificação completa do capítulo. | Capturas principais mostram a cena SVG, não toda a prancha/inspetor. Tema escuro e tablet possuem medição DOM, sem captura manual integral. | Harness abriu Explorar/Testar/Reconstruir e clicou primeiro botão; não comprova avaliação pedagógica, persistência no Caderno de Erros, drag/drop nem teclado completo. | Preferências caderno, efeitos mínimos e reduced-motion; movimento pleno e todas as preferências não foram revisados. | Intervalos dos controles foram inspecionados na fonte, sem varrer todas as combinações em navegador. Estado específico adicional verificado em targeted.json."
summary-matematica-progressao-geometrica,Matemática,Progressão Geométrica,manter,nenhuma,"Cinco nós 3,6,12,24,48 explicitam razão multiplicativa.","Manter significa preservar o mecanismo central dentro do recorte revisado; não é aprovação editorial nem certificação completa do capítulo. | Capturas principais mostram a cena SVG, não toda a prancha/inspetor. Tema escuro e tablet possuem medição DOM, sem captura manual integral. | Harness abriu Explorar/Testar/Reconstruir e clicou primeiro botão; não comprova avaliação pedagógica, persistência no Caderno de Erros, drag/drop nem teclado completo. | Preferências caderno, efeitos mínimos e reduced-motion; movimento pleno e todas as preferências não foram revisados. | Intervalos dos controles foram inspecionados na fonte, sem varrer todas as combinações em navegador."
summary-matematica-sequencias,Matemática,Sequências,manter,nenhuma,Degraus de PA confrontam regra e termos consecutivos.,"Manter significa preservar o mecanismo central dentro do recorte revisado; não é aprovação editorial nem certificação completa do capítulo. | Capturas principais mostram a cena SVG, não toda a prancha/inspetor. Tema escuro e tablet possuem medição DOM, sem captura manual integral. | Harness abriu Explorar/Testar/Reconstruir e clicou primeiro botão; não comprova avaliação pedagógica, persistência no Caderno de Erros, drag/drop nem teclado completo. | Preferências caderno, efeitos mínimos e reduced-motion; movimento pleno e todas as preferências não foram revisados. | Intervalos dos controles foram inspecionados na fonte, sem varrer todas as combinações em navegador."
summary-matematica-sistemas-de-equacoes,Matemática,Sistemas de Equações,ajustar,alta,"Duas retas e ponto de solução conectam sistema e par ordenado. | As duas retas desenhadas cruzam-se em (5,5), pois ambas usam interceptos simétricos; o texto mostra solução (6,4), cujo ponto aparece abaixo/direita da interseção. Para x−y=2, a segunda reta deve ter intercepto −2.","Manter significa preservar o mecanismo central dentro do recorte revisado; não é aprovação editorial nem certificação completa do capítulo. | Capturas principais mostram a cena SVG, não toda a prancha/inspetor. Tema escuro e tablet possuem medição DOM, sem captura manual integral. | Harness abriu Explorar/Testar/Reconstruir e clicou primeiro botão; não comprova avaliação pedagógica, persistência no Caderno de Erros, drag/drop nem teclado completo. | Preferências caderno, efeitos mínimos e reduced-motion; movimento pleno e todas as preferências não foram revisados. | Intervalos dos controles foram inspecionados na fonte, sem varrer todas as combinações em navegador."
summary-matematica-tabelas-e-matrizes,Matemática,Tabelas e Matrizes,ajustar,media,"Duas matrizes e entrada (2,2) ligam soma à posição correspondente. | Entre as duas matrizes aparece um traço horizontal (sinal −) enquanto a leitura diz (A+B)₂₂=7. Corrigir o operador visível para +.","Manter significa preservar o mecanismo central dentro do recorte revisado; não é aprovação editorial nem certificação completa do capítulo. | Capturas principais mostram a cena SVG, não toda a prancha/inspetor. Tema escuro e tablet possuem medição DOM, sem captura manual integral. | Harness abriu Explorar/Testar/Reconstruir e clicou primeiro botão; não comprova avaliação pedagógica, persistência no Caderno de Erros, drag/drop nem teclado completo. | Preferências caderno, efeitos mínimos e reduced-motion; movimento pleno e todas as preferências não foram revisados. | Intervalos dos controles foram inspecionados na fonte, sem varrer todas as combinações em navegador."
summary-matematica-multiplicacao-de-matrizes,Matemática,Multiplicação de Matrizes,ajustar,media,"Produto escalar 1×5+2×7 acompanha cálculo de uma entrada. | A cena escreve linha·coluna, mas desenha [5 7] horizontalmente dentro do segundo par de colchetes. A coluna da segunda matriz deve aparecer verticalmente para explicar o mecanismo.","Manter significa preservar o mecanismo central dentro do recorte revisado; não é aprovação editorial nem certificação completa do capítulo. | Capturas principais mostram a cena SVG, não toda a prancha/inspetor. Tema escuro e tablet possuem medição DOM, sem captura manual integral. | Harness abriu Explorar/Testar/Reconstruir e clicou primeiro botão; não comprova avaliação pedagógica, persistência no Caderno de Erros, drag/drop nem teclado completo. | Preferências caderno, efeitos mínimos e reduced-motion; movimento pleno e todas as preferências não foram revisados. | Intervalos dos controles foram inspecionados na fonte, sem varrer todas as combinações em navegador. | Barra fixa aparece em parte da captura mobile produzida ao rolar o SVG para screenshot; este artefato de captura não foi contado como falha confirmada de produto."
summary-matematica-determinantes,Matemática,Determinantes,ajustar,alta,"Matriz 2×2 e figura de área conectam determinante e invertibilidade. | A área desenhada é um triângulo de base e altura fixas; c apenas desloca o ápice. Logo não representa a área/orientação indicada por det=10−3c, nem colapsa quando determinante é zero. A captura inicial mostra det=−2 em uma área positiva sem orientação.","Manter significa preservar o mecanismo central dentro do recorte revisado; não é aprovação editorial nem certificação completa do capítulo. | Capturas principais mostram a cena SVG, não toda a prancha/inspetor. Tema escuro e tablet possuem medição DOM, sem captura manual integral. | Harness abriu Explorar/Testar/Reconstruir e clicou primeiro botão; não comprova avaliação pedagógica, persistência no Caderno de Erros, drag/drop nem teclado completo. | Preferências caderno, efeitos mínimos e reduced-motion; movimento pleno e todas as preferências não foram revisados. | Intervalos dos controles foram inspecionados na fonte, sem varrer todas as combinações em navegador."
summary-matematica-discussao-de-sistemas-lineares,Matemática,Discussão de Sistemas Lineares,manter,nenhuma,"Retas secantes representam uma solução, com alternativas coincidentes e paralelas na fonte.","Manter significa preservar o mecanismo central dentro do recorte revisado; não é aprovação editorial nem certificação completa do capítulo. | Capturas principais mostram a cena SVG, não toda a prancha/inspetor. Tema escuro e tablet possuem medição DOM, sem captura manual integral. | Harness abriu Explorar/Testar/Reconstruir e clicou primeiro botão; não comprova avaliação pedagógica, persistência no Caderno de Erros, drag/drop nem teclado completo. | Preferências caderno, efeitos mínimos e reduced-motion; movimento pleno e todas as preferências não foram revisados. | Intervalos dos controles foram inspecionados na fonte, sem varrer todas as combinações em navegador."
summary-matematica-medias,Matemática,Médias,manter,nenhuma,"Blocos de notas e marcador de média explicitam pesos e média 7,5.","Manter significa preservar o mecanismo central dentro do recorte revisado; não é aprovação editorial nem certificação completa do capítulo. | Capturas principais mostram a cena SVG, não toda a prancha/inspetor. Tema escuro e tablet possuem medição DOM, sem captura manual integral. | Harness abriu Explorar/Testar/Reconstruir e clicou primeiro botão; não comprova avaliação pedagógica, persistência no Caderno de Erros, drag/drop nem teclado completo. | Preferências caderno, efeitos mínimos e reduced-motion; movimento pleno e todas as preferências não foram revisados. | Intervalos dos controles foram inspecionados na fonte, sem varrer todas as combinações em navegador."
summary-matematica-introducao-as-tecnicas-de-contagem,Matemática,Introdução às Técnicas de Contagem,manter,nenhuma,Árvore A/B/C lista seis escolhas ordenadas sem repetição.,"Manter significa preservar o mecanismo central dentro do recorte revisado; não é aprovação editorial nem certificação completa do capítulo. | Capturas principais mostram a cena SVG, não toda a prancha/inspetor. Tema escuro e tablet possuem medição DOM, sem captura manual integral. | Harness abriu Explorar/Testar/Reconstruir e clicou primeiro botão; não comprova avaliação pedagógica, persistência no Caderno de Erros, drag/drop nem teclado completo. | Preferências caderno, efeitos mínimos e reduced-motion; movimento pleno e todas as preferências não foram revisados. | Intervalos dos controles foram inspecionados na fonte, sem varrer todas as combinações em navegador."
summary-matematica-o-problema-da-fila,Matemática,O Problema da Fila,manter,nenhuma,Pessoas numeradas organizam o caso em que ordem importa.,"Manter significa preservar o mecanismo central dentro do recorte revisado; não é aprovação editorial nem certificação completa do capítulo. | Capturas principais mostram a cena SVG, não toda a prancha/inspetor. Tema escuro e tablet possuem medição DOM, sem captura manual integral. | Harness abriu Explorar/Testar/Reconstruir e clicou primeiro botão; não comprova avaliação pedagógica, persistência no Caderno de Erros, drag/drop nem teclado completo. | Preferências caderno, efeitos mínimos e reduced-motion; movimento pleno e todas as preferências não foram revisados. | Intervalos dos controles foram inspecionados na fonte, sem varrer todas as combinações em navegador."
summary-matematica-o-problema-do-grupo,Matemática,O Problema do Grupo,ajustar,media,"Pessoas selecionadas organizam o caso em que ordem não importa. | No grupo, os círculos ímpares ficam na linha y187, mas todos os números continuam y150. Parte dos identificadores aparece separada da própria pessoa, prejudicando a leitura da seleção.","Manter significa preservar o mecanismo central dentro do recorte revisado; não é aprovação editorial nem certificação completa do capítulo. | Capturas principais mostram a cena SVG, não toda a prancha/inspetor. Tema escuro e tablet possuem medição DOM, sem captura manual integral. | Harness abriu Explorar/Testar/Reconstruir e clicou primeiro botão; não comprova avaliação pedagógica, persistência no Caderno de Erros, drag/drop nem teclado completo. | Preferências caderno, efeitos mínimos e reduced-motion; movimento pleno e todas as preferências não foram revisados. | Intervalos dos controles foram inspecionados na fonte, sem varrer todas as combinações em navegador."
summary-matematica-tecnicas-de-contagem,Matemática,Técnicas de Contagem,manter,nenhuma,Árvore distingue AB e BA e relaciona escolhas ao princípio multiplicativo.,"Manter significa preservar o mecanismo central dentro do recorte revisado; não é aprovação editorial nem certificação completa do capítulo. | Capturas principais mostram a cena SVG, não toda a prancha/inspetor. Tema escuro e tablet possuem medição DOM, sem captura manual integral. | Harness abriu Explorar/Testar/Reconstruir e clicou primeiro botão; não comprova avaliação pedagógica, persistência no Caderno de Erros, drag/drop nem teclado completo. | Preferências caderno, efeitos mínimos e reduced-motion; movimento pleno e todas as preferências não foram revisados. | Intervalos dos controles foram inspecionados na fonte, sem varrer todas as combinações em navegador."
summary-matematica-operacoes-com-probabilidades,Matemática,Operações com Probabilidades,ajustar,media,"Dois eventos em Venn conectam união e interseção. | O controle de A∩B só troca o número central. Os círculos e sua sobreposição permanecem iguais inclusive para interseção zero, contrariando a instrução de mudar a sobreposição.","Manter significa preservar o mecanismo central dentro do recorte revisado; não é aprovação editorial nem certificação completa do capítulo. | Capturas principais mostram a cena SVG, não toda a prancha/inspetor. Tema escuro e tablet possuem medição DOM, sem captura manual integral. | Harness abriu Explorar/Testar/Reconstruir e clicou primeiro botão; não comprova avaliação pedagógica, persistência no Caderno de Erros, drag/drop nem teclado completo. | Preferências caderno, efeitos mínimos e reduced-motion; movimento pleno e todas as preferências não foram revisados. | Intervalos dos controles foram inspecionados na fonte, sem varrer todas as combinações em navegador. | Barra fixa aparece em parte da captura mobile produzida ao rolar o SVG para screenshot; este artefato de captura não foi contado como falha confirmada de produto."
summary-matematica-eventos-disjuntos-e-eventos-independentes,Matemática,Eventos Disjuntos e Eventos Independentes,ajustar,alta,"Venn pretende distinguir disjunção de independência. | O estado inicial é disjuntos com P(A∩B)=0, mas dois círculos se sobrepõem e a interseção contém “1” (número do caso). A representação ensina a relação contrária e não muda geometria entre casos.","Manter significa preservar o mecanismo central dentro do recorte revisado; não é aprovação editorial nem certificação completa do capítulo. | Capturas principais mostram a cena SVG, não toda a prancha/inspetor. Tema escuro e tablet possuem medição DOM, sem captura manual integral. | Harness abriu Explorar/Testar/Reconstruir e clicou primeiro botão; não comprova avaliação pedagógica, persistência no Caderno de Erros, drag/drop nem teclado completo. | Preferências caderno, efeitos mínimos e reduced-motion; movimento pleno e todas as preferências não foram revisados. | Intervalos dos controles foram inspecionados na fonte, sem varrer todas as combinações em navegador. | Barra fixa aparece em parte da captura mobile produzida ao rolar o SVG para screenshot; este artefato de captura não foi contado como falha confirmada de produto. Estado específico adicional verificado em targeted.json."
summary-matematica-estatistica-descritiva,Matemática,Estatística Descritiva,manter,nenhuma,Cinco barras ordenadas destacam o extremo da amostra.,"Manter significa preservar o mecanismo central dentro do recorte revisado; não é aprovação editorial nem certificação completa do capítulo. | Capturas principais mostram a cena SVG, não toda a prancha/inspetor. Tema escuro e tablet possuem medição DOM, sem captura manual integral. | Harness abriu Explorar/Testar/Reconstruir e clicou primeiro botão; não comprova avaliação pedagógica, persistência no Caderno de Erros, drag/drop nem teclado completo. | Preferências caderno, efeitos mínimos e reduced-motion; movimento pleno e todas as preferências não foram revisados. | Intervalos dos controles foram inspecionados na fonte, sem varrer todas as combinações em navegador. | Barra fixa aparece em parte da captura mobile produzida ao rolar o SVG para screenshot; este artefato de captura não foi contado como falha confirmada de produto."
summary-matematica-introducao-a-geometria-plana,Matemática,Introdução à Geometria Plana,ajustar,media,Paralelas e transversal indicam igualdade dos alternos. | α varia entre 25° e 155°; paralelas/transversal e arcos usam path fixo. O número do ângulo muda sem alterar o ângulo desenhado.,"Manter significa preservar o mecanismo central dentro do recorte revisado; não é aprovação editorial nem certificação completa do capítulo. | Capturas principais mostram a cena SVG, não toda a prancha/inspetor. Tema escuro e tablet possuem medição DOM, sem captura manual integral. | Harness abriu Explorar/Testar/Reconstruir e clicou primeiro botão; não comprova avaliação pedagógica, persistência no Caderno de Erros, drag/drop nem teclado completo. | Preferências caderno, efeitos mínimos e reduced-motion; movimento pleno e todas as preferências não foram revisados. | Intervalos dos controles foram inspecionados na fonte, sem varrer todas as combinações em navegador."
summary-matematica-angulos-em-triangulos,Matemática,Ângulos em Triângulos,ajustar,alta,"Triângulo usa A50°, B40° e C90° para soma interna. | Mover topX=60+1,4A não mantém B40° nem A com o valor rotulado. Na captura inicial o ápice rotulado C90° é agudo. A soma dos rótulos está correta, mas os próprios ângulos não correspondem ao desenho.","Manter significa preservar o mecanismo central dentro do recorte revisado; não é aprovação editorial nem certificação completa do capítulo. | Capturas principais mostram a cena SVG, não toda a prancha/inspetor. Tema escuro e tablet possuem medição DOM, sem captura manual integral. | Harness abriu Explorar/Testar/Reconstruir e clicou primeiro botão; não comprova avaliação pedagógica, persistência no Caderno de Erros, drag/drop nem teclado completo. | Preferências caderno, efeitos mínimos e reduced-motion; movimento pleno e todas as preferências não foram revisados. | Intervalos dos controles foram inspecionados na fonte, sem varrer todas as combinações em navegador."
summary-matematica-angulos-em-poligonos,Matemática,Ângulos em Polígonos,manter,nenhuma,Hexágono triangulado por um vértice mostra n−2 triângulos.,"Manter significa preservar o mecanismo central dentro do recorte revisado; não é aprovação editorial nem certificação completa do capítulo. | Capturas principais mostram a cena SVG, não toda a prancha/inspetor. Tema escuro e tablet possuem medição DOM, sem captura manual integral. | Harness abriu Explorar/Testar/Reconstruir e clicou primeiro botão; não comprova avaliação pedagógica, persistência no Caderno de Erros, drag/drop nem teclado completo. | Preferências caderno, efeitos mínimos e reduced-motion; movimento pleno e todas as preferências não foram revisados. | Intervalos dos controles foram inspecionados na fonte, sem varrer todas as combinações em navegador."
summary-matematica-angulos-e-circunferencias,Matemática,Ângulos e Circunferências,ajustar,media,"Circunferência compara ângulo central 100° e inscrito 50°. | A fonte permite arco até 240° com vértice inscrito fixo em 180°. Acima de 180°, esse vértice está no arco escolhido, e o ângulo desenhado intercepta o arco complementar; o rótulo segue arco/2. A geometria deixa de demonstrar a mesma regra.","Manter significa preservar o mecanismo central dentro do recorte revisado; não é aprovação editorial nem certificação completa do capítulo. | Capturas principais mostram a cena SVG, não toda a prancha/inspetor. Tema escuro e tablet possuem medição DOM, sem captura manual integral. | Harness abriu Explorar/Testar/Reconstruir e clicou primeiro botão; não comprova avaliação pedagógica, persistência no Caderno de Erros, drag/drop nem teclado completo. | Preferências caderno, efeitos mínimos e reduced-motion; movimento pleno e todas as preferências não foram revisados. | Intervalos dos controles foram inspecionados na fonte, sem varrer todas as combinações em navegador."
summary-matematica-simetrias-e-congruencias,Matemática,Simetrias e Congruências,manter,nenhuma,Duas cópias triangulares e giro representam movimento rígido.,"Manter significa preservar o mecanismo central dentro do recorte revisado; não é aprovação editorial nem certificação completa do capítulo. | Capturas principais mostram a cena SVG, não toda a prancha/inspetor. Tema escuro e tablet possuem medição DOM, sem captura manual integral. | Harness abriu Explorar/Testar/Reconstruir e clicou primeiro botão; não comprova avaliação pedagógica, persistência no Caderno de Erros, drag/drop nem teclado completo. | Preferências caderno, efeitos mínimos e reduced-motion; movimento pleno e todas as preferências não foram revisados. | Intervalos dos controles foram inspecionados na fonte, sem varrer todas as combinações em navegador."
summary-matematica-identificacao-de-simetrias-i,Matemática,Identificação de Simetrias I,manter,nenhuma,Hexágono com guias representa ordem de rotação seis.,"Manter significa preservar o mecanismo central dentro do recorte revisado; não é aprovação editorial nem certificação completa do capítulo. | Capturas principais mostram a cena SVG, não toda a prancha/inspetor. Tema escuro e tablet possuem medição DOM, sem captura manual integral. | Harness abriu Explorar/Testar/Reconstruir e clicou primeiro botão; não comprova avaliação pedagógica, persistência no Caderno de Erros, drag/drop nem teclado completo. | Preferências caderno, efeitos mínimos e reduced-motion; movimento pleno e todas as preferências não foram revisados. | Intervalos dos controles foram inspecionados na fonte, sem varrer todas as combinações em navegador."
summary-matematica-identificacao-de-simetrias-ii,Matemática,Identificação de Simetrias II,manter,nenhuma,Ponto e projeções representam reflexões nos dois eixos.,"Manter significa preservar o mecanismo central dentro do recorte revisado; não é aprovação editorial nem certificação completa do capítulo. | Capturas principais mostram a cena SVG, não toda a prancha/inspetor. Tema escuro e tablet possuem medição DOM, sem captura manual integral. | Harness abriu Explorar/Testar/Reconstruir e clicou primeiro botão; não comprova avaliação pedagógica, persistência no Caderno de Erros, drag/drop nem teclado completo. | Preferências caderno, efeitos mínimos e reduced-motion; movimento pleno e todas as preferências não foram revisados. | Intervalos dos controles foram inspecionados na fonte, sem varrer todas as combinações em navegador."
summary-matematica-a-geometria-da-proporcionalidade,Matemática,A Geometria da Proporcionalidade,manter,nenhuma,Três paralelas e duas transversais conectam segmentos proporcionais.,"Manter significa preservar o mecanismo central dentro do recorte revisado; não é aprovação editorial nem certificação completa do capítulo. | Capturas principais mostram a cena SVG, não toda a prancha/inspetor. Tema escuro e tablet possuem medição DOM, sem captura manual integral. | Harness abriu Explorar/Testar/Reconstruir e clicou primeiro botão; não comprova avaliação pedagógica, persistência no Caderno de Erros, drag/drop nem teclado completo. | Preferências caderno, efeitos mínimos e reduced-motion; movimento pleno e todas as preferências não foram revisados. | Intervalos dos controles foram inspecionados na fonte, sem varrer todas as combinações em navegador."
summary-matematica-semelhanca-de-triangulos,Matemática,Semelhança de Triângulos,ajustar,alta,"Dois triângulos e fator k representam semelhança. | A figura 1 tem ápice a 32 px da base esquerda; a figura 2 usa ápice x208 constante e semibase 44k. As duas figuras não são obtidas pela mesma homotetia. O fator k=1,5 da captura não preserva ângulos; acima de 1,6 a fonte ainda limita o tamanho da figura, mas aumenta a leitura k.","Manter significa preservar o mecanismo central dentro do recorte revisado; não é aprovação editorial nem certificação completa do capítulo. | Capturas principais mostram a cena SVG, não toda a prancha/inspetor. Tema escuro e tablet possuem medição DOM, sem captura manual integral. | Harness abriu Explorar/Testar/Reconstruir e clicou primeiro botão; não comprova avaliação pedagógica, persistência no Caderno de Erros, drag/drop nem teclado completo. | Preferências caderno, efeitos mínimos e reduced-motion; movimento pleno e todas as preferências não foram revisados. | Intervalos dos controles foram inspecionados na fonte, sem varrer todas as combinações em navegador."
summary-matematica-o-ponto-medio-e-o-baricentro-de-um-triangulo,Matemática,O Ponto Médio e o Baricentro de um Triângulo,manter,nenhuma,"Triângulo cartesiano com medianas, pontos médios e baricentro organiza o mecanismo.","Manter significa preservar o mecanismo central dentro do recorte revisado; não é aprovação editorial nem certificação completa do capítulo. | Capturas principais mostram a cena SVG, não toda a prancha/inspetor. Tema escuro e tablet possuem medição DOM, sem captura manual integral. | Harness abriu Explorar/Testar/Reconstruir e clicou primeiro botão; não comprova avaliação pedagógica, persistência no Caderno de Erros, drag/drop nem teclado completo. | Preferências caderno, efeitos mínimos e reduced-motion; movimento pleno e todas as preferências não foram revisados. | Intervalos dos controles foram inspecionados na fonte, sem varrer todas as combinações em navegador."
summary-matematica-triangulo-retangulo,Matemática,Triângulo Retângulo,ajustar,alta,"Hipotenusa dividida em m9 e n16 pretende demonstrar relações métricas. | A hipotenusa permanece horizontal com comprimento 224 e altura fixa182, enquanto m desloca o pé. Com m9,n16, para ângulo reto no ápice seria necessária altura proporcional a √(9·16)=12, ou 107,5px nessa escala. A figura não é retângula no ápice, embora h²=mn esteja escrito.","Manter significa preservar o mecanismo central dentro do recorte revisado; não é aprovação editorial nem certificação completa do capítulo. | Capturas principais mostram a cena SVG, não toda a prancha/inspetor. Tema escuro e tablet possuem medição DOM, sem captura manual integral. | Harness abriu Explorar/Testar/Reconstruir e clicou primeiro botão; não comprova avaliação pedagógica, persistência no Caderno de Erros, drag/drop nem teclado completo. | Preferências caderno, efeitos mínimos e reduced-motion; movimento pleno e todas as preferências não foram revisados. | Intervalos dos controles foram inspecionados na fonte, sem varrer todas as combinações em navegador."
summary-matematica-a-geometria-metrica-plana,Matemática,A Geometria Métrica Plana,manter,nenhuma,"Setor circular representa ângulo, comprimento de arco e área.","Manter significa preservar o mecanismo central dentro do recorte revisado; não é aprovação editorial nem certificação completa do capítulo. | Capturas principais mostram a cena SVG, não toda a prancha/inspetor. Tema escuro e tablet possuem medição DOM, sem captura manual integral. | Harness abriu Explorar/Testar/Reconstruir e clicou primeiro botão; não comprova avaliação pedagógica, persistência no Caderno de Erros, drag/drop nem teclado completo. | Preferências caderno, efeitos mínimos e reduced-motion; movimento pleno e todas as preferências não foram revisados. | Intervalos dos controles foram inspecionados na fonte, sem varrer todas as combinações em navegador."
summary-matematica-areas-de-poligonos,Matemática,Áreas de Polígonos,ajustar,media,"Polígono regular subdividido em seis triângulos organiza a fórmula da área. | A pergunta mantém lado4cm ao variar n; o desenho mantém raio102px. Mudar número de lados então muda comprimento de lado desenhado, enquanto as leituras supõem lado fixo.","Manter significa preservar o mecanismo central dentro do recorte revisado; não é aprovação editorial nem certificação completa do capítulo. | Capturas principais mostram a cena SVG, não toda a prancha/inspetor. Tema escuro e tablet possuem medição DOM, sem captura manual integral. | Harness abriu Explorar/Testar/Reconstruir e clicou primeiro botão; não comprova avaliação pedagógica, persistência no Caderno de Erros, drag/drop nem teclado completo. | Preferências caderno, efeitos mínimos e reduced-motion; movimento pleno e todas as preferências não foram revisados. | Intervalos dos controles foram inspecionados na fonte, sem varrer todas as combinações em navegador. | Barra fixa aparece em parte da captura mobile produzida ao rolar o SVG para screenshot; este artefato de captura não foi contado como falha confirmada de produto."
summary-matematica-area-do-circulo-e-de-suas-partes,Matemática,Área do Círculo e de suas Partes,ajustar,baixa,"Coroa circular explicita círculo maior menos menor. | A cena escreve R10 mas desenha raio externo106px e raio interno10r px. O r6 inicial fica ligeiramente menor que 0,6R; usar escala única para os dois raios.","Manter significa preservar o mecanismo central dentro do recorte revisado; não é aprovação editorial nem certificação completa do capítulo. | Capturas principais mostram a cena SVG, não toda a prancha/inspetor. Tema escuro e tablet possuem medição DOM, sem captura manual integral. | Harness abriu Explorar/Testar/Reconstruir e clicou primeiro botão; não comprova avaliação pedagógica, persistência no Caderno de Erros, drag/drop nem teclado completo. | Preferências caderno, efeitos mínimos e reduced-motion; movimento pleno e todas as preferências não foram revisados. | Intervalos dos controles foram inspecionados na fonte, sem varrer todas as combinações em navegador. | Barra fixa aparece em parte da captura mobile produzida ao rolar o SVG para screenshot; este artefato de captura não foi contado como falha confirmada de produto."
summary-matematica-razoes-entre-areas-de-figuras-planas,Matemática,Razões entre Áreas de Figuras Planas,ajustar,baixa,"Dois triângulos relacionam fator linear e área por k². | O fator k usa String(value) e aparece como 1,3333333333333333 na captura. Formatar a mesma precisão das demais leituras, sem prolongar a notação acima das figuras.","Manter significa preservar o mecanismo central dentro do recorte revisado; não é aprovação editorial nem certificação completa do capítulo. | Capturas principais mostram a cena SVG, não toda a prancha/inspetor. Tema escuro e tablet possuem medição DOM, sem captura manual integral. | Harness abriu Explorar/Testar/Reconstruir e clicou primeiro botão; não comprova avaliação pedagógica, persistência no Caderno de Erros, drag/drop nem teclado completo. | Preferências caderno, efeitos mínimos e reduced-motion; movimento pleno e todas as preferências não foram revisados. | Intervalos dos controles foram inspecionados na fonte, sem varrer todas as combinações em navegador."
summary-matematica-areas-de-figuras-planas,Matemática,Áreas de Figuras Planas,ajustar,media,"Retângulo com abertura circular representa subtração de áreas. | As medidas do modelo são terreno20×15, mas o desenho236×184 usa escalas distintas para os dois lados; raio da abertura é8r, sem a mesma escala do terreno. A decomposição é correta, porém a representação métrica não acompanha as dimensões.","Manter significa preservar o mecanismo central dentro do recorte revisado; não é aprovação editorial nem certificação completa do capítulo. | Capturas principais mostram a cena SVG, não toda a prancha/inspetor. Tema escuro e tablet possuem medição DOM, sem captura manual integral. | Harness abriu Explorar/Testar/Reconstruir e clicou primeiro botão; não comprova avaliação pedagógica, persistência no Caderno de Erros, drag/drop nem teclado completo. | Preferências caderno, efeitos mínimos e reduced-motion; movimento pleno e todas as preferências não foram revisados. | Intervalos dos controles foram inspecionados na fonte, sem varrer todas as combinações em navegador. | Barra fixa aparece em parte da captura mobile produzida ao rolar o SVG para screenshot; este artefato de captura não foi contado como falha confirmada de produto."
summary-matematica-trigonometria-no-triangulo-retangulo,Matemática,Trigonometria no Triângulo Retângulo,manter,nenhuma,Triângulo retângulo dimensionado conecta seno/cosseno/tangente ao ângulo escolhido.,"Manter significa preservar o mecanismo central dentro do recorte revisado; não é aprovação editorial nem certificação completa do capítulo. | Capturas principais mostram a cena SVG, não toda a prancha/inspetor. Tema escuro e tablet possuem medição DOM, sem captura manual integral. | Harness abriu Explorar/Testar/Reconstruir e clicou primeiro botão; não comprova avaliação pedagógica, persistência no Caderno de Erros, drag/drop nem teclado completo. | Preferências caderno, efeitos mínimos e reduced-motion; movimento pleno e todas as preferências não foram revisados. | Intervalos dos controles foram inspecionados na fonte, sem varrer todas as combinações em navegador."
summary-matematica-relacoes-trigonometricas-em-poligonos,Matemática,Relações Trigonométricas em Polígonos,ajustar,media,"Triângulo e fórmula da lei dos senos organizam relação lado/ângulo. | R é alterável entre1 e8, mas a cena mantém triângulo e altura fixos, sem circunferência circunscrita nem rótulo do raio. O desenho não demonstra a variação geométrica prometida pelo controle.","Manter significa preservar o mecanismo central dentro do recorte revisado; não é aprovação editorial nem certificação completa do capítulo. | Capturas principais mostram a cena SVG, não toda a prancha/inspetor. Tema escuro e tablet possuem medição DOM, sem captura manual integral. | Harness abriu Explorar/Testar/Reconstruir e clicou primeiro botão; não comprova avaliação pedagógica, persistência no Caderno de Erros, drag/drop nem teclado completo. | Preferências caderno, efeitos mínimos e reduced-motion; movimento pleno e todas as preferências não foram revisados. | Intervalos dos controles foram inspecionados na fonte, sem varrer todas as combinações em navegador."
summary-matematica-a-trigonometria-dos-numeros-reais,Matemática,A Trigonometria dos Números Reais,manter,nenhuma,Círculo unitário localiza seno e cosseno do mesmo ângulo.,"Manter significa preservar o mecanismo central dentro do recorte revisado; não é aprovação editorial nem certificação completa do capítulo. | Capturas principais mostram a cena SVG, não toda a prancha/inspetor. Tema escuro e tablet possuem medição DOM, sem captura manual integral. | Harness abriu Explorar/Testar/Reconstruir e clicou primeiro botão; não comprova avaliação pedagógica, persistência no Caderno de Erros, drag/drop nem teclado completo. | Preferências caderno, efeitos mínimos e reduced-motion; movimento pleno e todas as preferências não foram revisados. | Intervalos dos controles foram inspecionados na fonte, sem varrer todas as combinações em navegador."
summary-matematica-outras-razoes-trigonometricas,Matemática,Outras Razões Trigonométricas,ajustar,alta,"Triângulo pretende conectar tangente à inclinação. | θ muda entre15° e75°, mas o triângulo e a altura permanecem fixos. O valor θ é escrito abaixo da figura, sem marcar o ângulo a que pertence, e não representa a inclinação anunciada.","Manter significa preservar o mecanismo central dentro do recorte revisado; não é aprovação editorial nem certificação completa do capítulo. | Capturas principais mostram a cena SVG, não toda a prancha/inspetor. Tema escuro e tablet possuem medição DOM, sem captura manual integral. | Harness abriu Explorar/Testar/Reconstruir e clicou primeiro botão; não comprova avaliação pedagógica, persistência no Caderno de Erros, drag/drop nem teclado completo. | Preferências caderno, efeitos mínimos e reduced-motion; movimento pleno e todas as preferências não foram revisados. | Intervalos dos controles foram inspecionados na fonte, sem varrer todas as combinações em navegador."
summary-matematica-a-relacao-fundamental-da-trigonometria,Matemática,A Relação Fundamental da Trigonometria,manter,nenhuma,Círculo unitário e catetos relacionam sen²+cos²=1.,"Manter significa preservar o mecanismo central dentro do recorte revisado; não é aprovação editorial nem certificação completa do capítulo. | Capturas principais mostram a cena SVG, não toda a prancha/inspetor. Tema escuro e tablet possuem medição DOM, sem captura manual integral. | Harness abriu Explorar/Testar/Reconstruir e clicou primeiro botão; não comprova avaliação pedagógica, persistência no Caderno de Erros, drag/drop nem teclado completo. | Preferências caderno, efeitos mínimos e reduced-motion; movimento pleno e todas as preferências não foram revisados. | Intervalos dos controles foram inspecionados na fonte, sem varrer todas as combinações em navegador."
summary-matematica-transformacoes-trigonometricas,Matemática,Transformações Trigonométricas,manter,nenhuma,Curva senoidal anotada indica amplitude e período.,"Manter significa preservar o mecanismo central dentro do recorte revisado; não é aprovação editorial nem certificação completa do capítulo. | Capturas principais mostram a cena SVG, não toda a prancha/inspetor. Tema escuro e tablet possuem medição DOM, sem captura manual integral. | Harness abriu Explorar/Testar/Reconstruir e clicou primeiro botão; não comprova avaliação pedagógica, persistência no Caderno de Erros, drag/drop nem teclado completo. | Preferências caderno, efeitos mínimos e reduced-motion; movimento pleno e todas as preferências não foram revisados. | Intervalos dos controles foram inspecionados na fonte, sem varrer todas as combinações em navegador."
summary-matematica-funcoes-trigonometricas,Matemática,Funções Trigonométricas,manter,nenhuma,Curva senoidal anotada indica amplitude e período da função.,"Manter significa preservar o mecanismo central dentro do recorte revisado; não é aprovação editorial nem certificação completa do capítulo. | Capturas principais mostram a cena SVG, não toda a prancha/inspetor. Tema escuro e tablet possuem medição DOM, sem captura manual integral. | Harness abriu Explorar/Testar/Reconstruir e clicou primeiro botão; não comprova avaliação pedagógica, persistência no Caderno de Erros, drag/drop nem teclado completo. | Preferências caderno, efeitos mínimos e reduced-motion; movimento pleno e todas as preferências não foram revisados. | Intervalos dos controles foram inspecionados na fonte, sem varrer todas as combinações em navegador."
summary-matematica-o-universo-tridimensional,Matemática,O Universo Tridimensional,ajustar,alta,"Retas projetadas pretendem mostrar relações no espaço. | Os três estados paralelas/concorrentes/reversas usam exatamente as mesmas três retas projetadas; só muda a palavra inferior. Falta indicar planos/profundidade e mudar a relação de duas retas, que é o objeto da pergunta.","Manter significa preservar o mecanismo central dentro do recorte revisado; não é aprovação editorial nem certificação completa do capítulo. | Capturas principais mostram a cena SVG, não toda a prancha/inspetor. Tema escuro e tablet possuem medição DOM, sem captura manual integral. | Harness abriu Explorar/Testar/Reconstruir e clicou primeiro botão; não comprova avaliação pedagógica, persistência no Caderno de Erros, drag/drop nem teclado completo. | Preferências caderno, efeitos mínimos e reduced-motion; movimento pleno e todas as preferências não foram revisados. | Intervalos dos controles foram inspecionados na fonte, sem varrer todas as combinações em navegador."
summary-matematica-cubos-e-paralelepipedos,Matemática,Cubos e Paralelepípedos,manter,nenhuma,Bloco com diagonal e dimensões distingue comprimentos do sólido.,"Manter significa preservar o mecanismo central dentro do recorte revisado; não é aprovação editorial nem certificação completa do capítulo. | Capturas principais mostram a cena SVG, não toda a prancha/inspetor. Tema escuro e tablet possuem medição DOM, sem captura manual integral. | Harness abriu Explorar/Testar/Reconstruir e clicou primeiro botão; não comprova avaliação pedagógica, persistência no Caderno de Erros, drag/drop nem teclado completo. | Preferências caderno, efeitos mínimos e reduced-motion; movimento pleno e todas as preferências não foram revisados. | Intervalos dos controles foram inspecionados na fonte, sem varrer todas as combinações em navegador."
summary-matematica-prismas,Matemática,Prismas,manter,nenhuma,Prisma com altura e base organiza volume por área da base.,"Manter significa preservar o mecanismo central dentro do recorte revisado; não é aprovação editorial nem certificação completa do capítulo. | Capturas principais mostram a cena SVG, não toda a prancha/inspetor. Tema escuro e tablet possuem medição DOM, sem captura manual integral. | Harness abriu Explorar/Testar/Reconstruir e clicou primeiro botão; não comprova avaliação pedagógica, persistência no Caderno de Erros, drag/drop nem teclado completo. | Preferências caderno, efeitos mínimos e reduced-motion; movimento pleno e todas as preferências não foram revisados. | Intervalos dos controles foram inspecionados na fonte, sem varrer todas as combinações em navegador."
summary-matematica-piramides,Matemática,Pirâmides,manter,nenhuma,Pirâmide com altura e base organiza volume e o fator 1/3.,"Manter significa preservar o mecanismo central dentro do recorte revisado; não é aprovação editorial nem certificação completa do capítulo. | Capturas principais mostram a cena SVG, não toda a prancha/inspetor. Tema escuro e tablet possuem medição DOM, sem captura manual integral. | Harness abriu Explorar/Testar/Reconstruir e clicou primeiro botão; não comprova avaliação pedagógica, persistência no Caderno de Erros, drag/drop nem teclado completo. | Preferências caderno, efeitos mínimos e reduced-motion; movimento pleno e todas as preferências não foram revisados. | Intervalos dos controles foram inspecionados na fonte, sem varrer todas as combinações em navegador."
summary-matematica-solidos-de-revolucao,Matemática,Sólidos de Revolução,manter,nenhuma,Cilindro com raio e altura representa um sólido de revolução.,"Manter significa preservar o mecanismo central dentro do recorte revisado; não é aprovação editorial nem certificação completa do capítulo. | Capturas principais mostram a cena SVG, não toda a prancha/inspetor. Tema escuro e tablet possuem medição DOM, sem captura manual integral. | Harness abriu Explorar/Testar/Reconstruir e clicou primeiro botão; não comprova avaliação pedagógica, persistência no Caderno de Erros, drag/drop nem teclado completo. | Preferências caderno, efeitos mínimos e reduced-motion; movimento pleno e todas as preferências não foram revisados. | Intervalos dos controles foram inspecionados na fonte, sem varrer todas as combinações em navegador."
summary-matematica-razoes-entre-volumes-de-solidos,Matemática,Razões entre Volumes de Sólidos,manter,nenhuma,Dois cubos em escalas distintas representam razão cúbica de volumes.,"Manter significa preservar o mecanismo central dentro do recorte revisado; não é aprovação editorial nem certificação completa do capítulo. | Capturas principais mostram a cena SVG, não toda a prancha/inspetor. Tema escuro e tablet possuem medição DOM, sem captura manual integral. | Harness abriu Explorar/Testar/Reconstruir e clicou primeiro botão; não comprova avaliação pedagógica, persistência no Caderno de Erros, drag/drop nem teclado completo. | Preferências caderno, efeitos mínimos e reduced-motion; movimento pleno e todas as preferências não foram revisados. | Intervalos dos controles foram inspecionados na fonte, sem varrer todas as combinações em navegador."
summary-matematica-introducao-a-geometria-analitica,Matemática,Introdução à Geometria Analítica,manter,nenhuma,Pontos no plano e triângulo de área representam alinhamento analítico.,"Manter significa preservar o mecanismo central dentro do recorte revisado; não é aprovação editorial nem certificação completa do capítulo. | Capturas principais mostram a cena SVG, não toda a prancha/inspetor. Tema escuro e tablet possuem medição DOM, sem captura manual integral. | Harness abriu Explorar/Testar/Reconstruir e clicou primeiro botão; não comprova avaliação pedagógica, persistência no Caderno de Erros, drag/drop nem teclado completo. | Preferências caderno, efeitos mínimos e reduced-motion; movimento pleno e todas as preferências não foram revisados. | Intervalos dos controles foram inspecionados na fonte, sem varrer todas as combinações em navegador."
summary-matematica-lugar-geometrico-e-equacao-da-circunferencia,Matemática,Lugar Geométrico e Equação da Circunferência,ajustar,baixa,"Circunferência, centro, ponto P e raio organizam lugar geométrico. | “compare com o raio” cruza o número2 do eixo vertical na captura individual. A flag P/nota do harness é ampla, mas a colisão realmente visível é com a graduação do eixo.","Manter significa preservar o mecanismo central dentro do recorte revisado; não é aprovação editorial nem certificação completa do capítulo. | Capturas principais mostram a cena SVG, não toda a prancha/inspetor. Tema escuro e tablet possuem medição DOM, sem captura manual integral. | Harness abriu Explorar/Testar/Reconstruir e clicou primeiro botão; não comprova avaliação pedagógica, persistência no Caderno de Erros, drag/drop nem teclado completo. | Preferências caderno, efeitos mínimos e reduced-motion; movimento pleno e todas as preferências não foram revisados. | Intervalos dos controles foram inspecionados na fonte, sem varrer todas as combinações em navegador."
summary-matematica-estudo-analitico-da-reta,Matemática,Estudo Analítico da Reta,manter,nenhuma,Dois pontos e reta relacionam coeficiente angular e diferenças coordenadas.,"Manter significa preservar o mecanismo central dentro do recorte revisado; não é aprovação editorial nem certificação completa do capítulo. | Capturas principais mostram a cena SVG, não toda a prancha/inspetor. Tema escuro e tablet possuem medição DOM, sem captura manual integral. | Harness abriu Explorar/Testar/Reconstruir e clicou primeiro botão; não comprova avaliação pedagógica, persistência no Caderno de Erros, drag/drop nem teclado completo. | Preferências caderno, efeitos mínimos e reduced-motion; movimento pleno e todas as preferências não foram revisados. | Intervalos dos controles foram inspecionados na fonte, sem varrer todas as combinações em navegador."
summary-matematica-posicoes-relativas-entre-duas-retas,Matemática,Posições Relativas entre Duas Retas,manter,nenhuma,Duas retas anotadas organizam condições de interseção.,"Manter significa preservar o mecanismo central dentro do recorte revisado; não é aprovação editorial nem certificação completa do capítulo. | Capturas principais mostram a cena SVG, não toda a prancha/inspetor. Tema escuro e tablet possuem medição DOM, sem captura manual integral. | Harness abriu Explorar/Testar/Reconstruir e clicou primeiro botão; não comprova avaliação pedagógica, persistência no Caderno de Erros, drag/drop nem teclado completo. | Preferências caderno, efeitos mínimos e reduced-motion; movimento pleno e todas as preferências não foram revisados. | Intervalos dos controles foram inspecionados na fonte, sem varrer todas as combinações em navegador."
summary-matematica-distancia-entre-um-ponto-e-uma-reta,Matemática,Distância entre um Ponto e uma Reta,ajustar,media,Segmento perpendicular liga ponto à distância da reta. | A legenda “pé da perpendicular” ocupa a faixa das graduações2 e4 do eixo horizontal. A leitura dos valores do plano fica misturada à anotação; deslocar legenda ou reservar fundo/área.,"Manter significa preservar o mecanismo central dentro do recorte revisado; não é aprovação editorial nem certificação completa do capítulo. | Capturas principais mostram a cena SVG, não toda a prancha/inspetor. Tema escuro e tablet possuem medição DOM, sem captura manual integral. | Harness abriu Explorar/Testar/Reconstruir e clicou primeiro botão; não comprova avaliação pedagógica, persistência no Caderno de Erros, drag/drop nem teclado completo. | Preferências caderno, efeitos mínimos e reduced-motion; movimento pleno e todas as preferências não foram revisados. | Intervalos dos controles foram inspecionados na fonte, sem varrer todas as combinações em navegador."
summary-matematica-posicoes-relativas-entre-uma-reta-e-uma-circunferencia,Matemática,Posições Relativas entre uma Reta e uma Circunferência,manter,nenhuma,Circunferência e reta relacionam distância do centro ao raio.,"Manter significa preservar o mecanismo central dentro do recorte revisado; não é aprovação editorial nem certificação completa do capítulo. | Capturas principais mostram a cena SVG, não toda a prancha/inspetor. Tema escuro e tablet possuem medição DOM, sem captura manual integral. | Harness abriu Explorar/Testar/Reconstruir e clicou primeiro botão; não comprova avaliação pedagógica, persistência no Caderno de Erros, drag/drop nem teclado completo. | Preferências caderno, efeitos mínimos e reduced-motion; movimento pleno e todas as preferências não foram revisados. | Intervalos dos controles foram inspecionados na fonte, sem varrer todas as combinações em navegador."
summary-matematica-introducao-ao-estudo-analitico-das-conicas,Matemática,Introdução ao Estudo Analítico das Cônicas,ajustar,alta,"Cone duplo e linha de corte pretendem distinguir cônicas. | O estado hipérbole desenha um corte oblíquo restrito à metade central que não demonstra corte das duas folhas. O estado parábola na fonte é uma linha vertical, não paralela à geratriz inclinada. Além disso a legenda ultrapassa as duas bordas em7px mobile/12px desktop, visível cortada.","Manter significa preservar o mecanismo central dentro do recorte revisado; não é aprovação editorial nem certificação completa do capítulo. | Capturas principais mostram a cena SVG, não toda a prancha/inspetor. Tema escuro e tablet possuem medição DOM, sem captura manual integral. | Harness abriu Explorar/Testar/Reconstruir e clicou primeiro botão; não comprova avaliação pedagógica, persistência no Caderno de Erros, drag/drop nem teclado completo. | Preferências caderno, efeitos mínimos e reduced-motion; movimento pleno e todas as preferências não foram revisados. | Intervalos dos controles foram inspecionados na fonte, sem varrer todas as combinações em navegador."
summary-matematica-representacao-geometrica-de-inequacoes,Matemática,Representação Geométrica de Inequações,manter,nenhuma,Semiplano sombreado exemplifica inequação x+y≤5 no primeiro quadrante.,"Manter significa preservar o mecanismo central dentro do recorte revisado; não é aprovação editorial nem certificação completa do capítulo. | Capturas principais mostram a cena SVG, não toda a prancha/inspetor. Tema escuro e tablet possuem medição DOM, sem captura manual integral. | Harness abriu Explorar/Testar/Reconstruir e clicou primeiro botão; não comprova avaliação pedagógica, persistência no Caderno de Erros, drag/drop nem teclado completo. | Preferências caderno, efeitos mínimos e reduced-motion; movimento pleno e todas as preferências não foram revisados. | Intervalos dos controles foram inspecionados na fonte, sem varrer todas as combinações em navegador."
summary-matematica-a-geometria-dos-numeros-complexos,Matemática,A Geometria dos Números Complexos,ajustar,baixa,Ponto complexo e módulo conectam coordenadas e distância à origem. | “módulo é a distância” se sobrepõe ao2 da ordenada. Captura individual confirma número incorporado ao meio da frase.,"Manter significa preservar o mecanismo central dentro do recorte revisado; não é aprovação editorial nem certificação completa do capítulo. | Capturas principais mostram a cena SVG, não toda a prancha/inspetor. Tema escuro e tablet possuem medição DOM, sem captura manual integral. | Harness abriu Explorar/Testar/Reconstruir e clicou primeiro botão; não comprova avaliação pedagógica, persistência no Caderno de Erros, drag/drop nem teclado completo. | Preferências caderno, efeitos mínimos e reduced-motion; movimento pleno e todas as preferências não foram revisados. | Intervalos dos controles foram inspecionados na fonte, sem varrer todas as combinações em navegador."
summary-matematica-tecnicas-algebricas,Matemática,Técnicas Algébricas,manter,nenhuma,Duas expressões equivalentes conectam diferença de quadrados e fatoração.,"Manter significa preservar o mecanismo central dentro do recorte revisado; não é aprovação editorial nem certificação completa do capítulo. | Capturas principais mostram a cena SVG, não toda a prancha/inspetor. Tema escuro e tablet possuem medição DOM, sem captura manual integral. | Harness abriu Explorar/Testar/Reconstruir e clicou primeiro botão; não comprova avaliação pedagógica, persistência no Caderno de Erros, drag/drop nem teclado completo. | Preferências caderno, efeitos mínimos e reduced-motion; movimento pleno e todas as preferências não foram revisados. | Intervalos dos controles foram inspecionados na fonte, sem varrer todas as combinações em navegador."
summary-matematica-igualdades,Matemática,Igualdades,manter,nenhuma,Balança e expressão radical contrapõem verificar e aceitar raiz espúria.,"Manter significa preservar o mecanismo central dentro do recorte revisado; não é aprovação editorial nem certificação completa do capítulo. | Capturas principais mostram a cena SVG, não toda a prancha/inspetor. Tema escuro e tablet possuem medição DOM, sem captura manual integral. | Harness abriu Explorar/Testar/Reconstruir e clicou primeiro botão; não comprova avaliação pedagógica, persistência no Caderno de Erros, drag/drop nem teclado completo. | Preferências caderno, efeitos mínimos e reduced-motion; movimento pleno e todas as preferências não foram revisados. | Intervalos dos controles foram inspecionados na fonte, sem varrer todas as combinações em navegador."
summary-matematica-desigualdades,Matemática,Desigualdades,manter,nenhuma,Reta numérica com extremos abertos destaca união de intervalos.,"Manter significa preservar o mecanismo central dentro do recorte revisado; não é aprovação editorial nem certificação completa do capítulo. | Capturas principais mostram a cena SVG, não toda a prancha/inspetor. Tema escuro e tablet possuem medição DOM, sem captura manual integral. | Harness abriu Explorar/Testar/Reconstruir e clicou primeiro botão; não comprova avaliação pedagógica, persistência no Caderno de Erros, drag/drop nem teclado completo. | Preferências caderno, efeitos mínimos e reduced-motion; movimento pleno e todas as preferências não foram revisados. | Intervalos dos controles foram inspecionados na fonte, sem varrer todas as combinações em navegador."
summary-matematica-modelagem-algebrica-de-problemas-i,Matemática,Modelagem Algébrica de Problemas I,manter,nenhuma,Duas parcelas x e x+1 explicitam modelagem de soma.,"Manter significa preservar o mecanismo central dentro do recorte revisado; não é aprovação editorial nem certificação completa do capítulo. | Capturas principais mostram a cena SVG, não toda a prancha/inspetor. Tema escuro e tablet possuem medição DOM, sem captura manual integral. | Harness abriu Explorar/Testar/Reconstruir e clicou primeiro botão; não comprova avaliação pedagógica, persistência no Caderno de Erros, drag/drop nem teclado completo. | Preferências caderno, efeitos mínimos e reduced-motion; movimento pleno e todas as preferências não foram revisados. | Intervalos dos controles foram inspecionados na fonte, sem varrer todas as combinações em navegador."
summary-matematica-equacoes-do-2-grau,Matemática,Equações do 2º Grau,manter,nenhuma,"Parábola, discriminante e raízes relacionam equação quadrática e gráfico.","Manter significa preservar o mecanismo central dentro do recorte revisado; não é aprovação editorial nem certificação completa do capítulo. | Capturas principais mostram a cena SVG, não toda a prancha/inspetor. Tema escuro e tablet possuem medição DOM, sem captura manual integral. | Harness abriu Explorar/Testar/Reconstruir e clicou primeiro botão; não comprova avaliação pedagógica, persistência no Caderno de Erros, drag/drop nem teclado completo. | Preferências caderno, efeitos mínimos e reduced-motion; movimento pleno e todas as preferências não foram revisados. | Intervalos dos controles foram inspecionados na fonte, sem varrer todas as combinações em navegador."
summary-matematica-modelagem-algebrica-de-problemas-ii,Matemática,Modelagem Algébrica de Problemas II,manter,nenhuma,Amostras de receita destacam o máximo do modelo quadrático.,"Manter significa preservar o mecanismo central dentro do recorte revisado; não é aprovação editorial nem certificação completa do capítulo. | Capturas principais mostram a cena SVG, não toda a prancha/inspetor. Tema escuro e tablet possuem medição DOM, sem captura manual integral. | Harness abriu Explorar/Testar/Reconstruir e clicou primeiro botão; não comprova avaliação pedagógica, persistência no Caderno de Erros, drag/drop nem teclado completo. | Preferências caderno, efeitos mínimos e reduced-motion; movimento pleno e todas as preferências não foram revisados. | Intervalos dos controles foram inspecionados na fonte, sem varrer todas as combinações em navegador. | Barra fixa aparece em parte da captura mobile produzida ao rolar o SVG para screenshot; este artefato de captura não foi contado como falha confirmada de produto."
summary-matematica-introducao-as-funcoes,Matemática,Introdução às Funções,ajustar,baixa,"Reta afim relaciona corte no eixo vertical e raiz. | A nota “raiz” foi posicionada sobre a graduação−2 do eixo vertical, abaixo da origem. A raiz real marcada fica no eixo horizontal em−1; afastar a nota da graduação.","Manter significa preservar o mecanismo central dentro do recorte revisado; não é aprovação editorial nem certificação completa do capítulo. | Capturas principais mostram a cena SVG, não toda a prancha/inspetor. Tema escuro e tablet possuem medição DOM, sem captura manual integral. | Harness abriu Explorar/Testar/Reconstruir e clicou primeiro botão; não comprova avaliação pedagógica, persistência no Caderno de Erros, drag/drop nem teclado completo. | Preferências caderno, efeitos mínimos e reduced-motion; movimento pleno e todas as preferências não foram revisados. | Intervalos dos controles foram inspecionados na fonte, sem varrer todas as combinações em navegador."
summary-matematica-transformacoes-em-graficos-de-funcoes,Matemática,Transformações em Gráficos de Funções,manter,nenhuma,Duas parábolas distinguem gráfico original e translação horizontal.,"Manter significa preservar o mecanismo central dentro do recorte revisado; não é aprovação editorial nem certificação completa do capítulo. | Capturas principais mostram a cena SVG, não toda a prancha/inspetor. Tema escuro e tablet possuem medição DOM, sem captura manual integral. | Harness abriu Explorar/Testar/Reconstruir e clicou primeiro botão; não comprova avaliação pedagógica, persistência no Caderno de Erros, drag/drop nem teclado completo. | Preferências caderno, efeitos mínimos e reduced-motion; movimento pleno e todas as preferências não foram revisados. | Intervalos dos controles foram inspecionados na fonte, sem varrer todas as combinações em navegador."
summary-matematica-composicao-de-funcoes,Matemática,Composição de Funções,manter,nenhuma,Encadeamento g(x)=x+1 e f(u)=2u explicita ordem da composição.,"Manter significa preservar o mecanismo central dentro do recorte revisado; não é aprovação editorial nem certificação completa do capítulo. | Capturas principais mostram a cena SVG, não toda a prancha/inspetor. Tema escuro e tablet possuem medição DOM, sem captura manual integral. | Harness abriu Explorar/Testar/Reconstruir e clicou primeiro botão; não comprova avaliação pedagógica, persistência no Caderno de Erros, drag/drop nem teclado completo. | Preferências caderno, efeitos mínimos e reduced-motion; movimento pleno e todas as preferências não foram revisados. | Intervalos dos controles foram inspecionados na fonte, sem varrer todas as combinações em navegador."
summary-matematica-inversao-de-funcoes,Matemática,Inversão de Funções,manter,nenhuma,Gráfico e reflexo na diagonal representam inversão.,"Manter significa preservar o mecanismo central dentro do recorte revisado; não é aprovação editorial nem certificação completa do capítulo. | Capturas principais mostram a cena SVG, não toda a prancha/inspetor. Tema escuro e tablet possuem medição DOM, sem captura manual integral. | Harness abriu Explorar/Testar/Reconstruir e clicou primeiro botão; não comprova avaliação pedagógica, persistência no Caderno de Erros, drag/drop nem teclado completo. | Preferências caderno, efeitos mínimos e reduced-motion; movimento pleno e todas as preferências não foram revisados. | Intervalos dos controles foram inspecionados na fonte, sem varrer todas as combinações em navegador."
summary-matematica-funcoes-bijetoras,Matemática,Funções Bijetoras,ajustar,media,"Domínio e contradomínio emparelhados representam bijeção. | O controle “imagens” admite2, mas a fonte desenha sempre três imagens ocupadas quando v≠4 (a→1,b→2,c→3,d→3). A geometria não corresponde à quantidade escolhida no estado2.","Manter significa preservar o mecanismo central dentro do recorte revisado; não é aprovação editorial nem certificação completa do capítulo. | Capturas principais mostram a cena SVG, não toda a prancha/inspetor. Tema escuro e tablet possuem medição DOM, sem captura manual integral. | Harness abriu Explorar/Testar/Reconstruir e clicou primeiro botão; não comprova avaliação pedagógica, persistência no Caderno de Erros, drag/drop nem teclado completo. | Preferências caderno, efeitos mínimos e reduced-motion; movimento pleno e todas as preferências não foram revisados. | Intervalos dos controles foram inspecionados na fonte, sem varrer todas as combinações em navegador. Estado específico adicional verificado em targeted.json."
summary-matematica-funcao-constante-e-funcao-afim,Matemática,Função Constante e Função Afim,ajustar,baixa,"Reta afim relaciona coeficiente e interseções com eixos. | A anotação “raiz” se sobrepõe à graduação−2 do eixo vertical, como em Introdução às Funções. Separar a nota do eixo para não sugerir valor incorreto.","Manter significa preservar o mecanismo central dentro do recorte revisado; não é aprovação editorial nem certificação completa do capítulo. | Capturas principais mostram a cena SVG, não toda a prancha/inspetor. Tema escuro e tablet possuem medição DOM, sem captura manual integral. | Harness abriu Explorar/Testar/Reconstruir e clicou primeiro botão; não comprova avaliação pedagógica, persistência no Caderno de Erros, drag/drop nem teclado completo. | Preferências caderno, efeitos mínimos e reduced-motion; movimento pleno e todas as preferências não foram revisados. | Intervalos dos controles foram inspecionados na fonte, sem varrer todas as combinações em navegador."
summary-matematica-funcao-quadratica,Matemática,Função Quadrática,manter,nenhuma,Parábola com raiz e vértice organiza função quadrática.,"Manter significa preservar o mecanismo central dentro do recorte revisado; não é aprovação editorial nem certificação completa do capítulo. | Capturas principais mostram a cena SVG, não toda a prancha/inspetor. Tema escuro e tablet possuem medição DOM, sem captura manual integral. | Harness abriu Explorar/Testar/Reconstruir e clicou primeiro botão; não comprova avaliação pedagógica, persistência no Caderno de Erros, drag/drop nem teclado completo. | Preferências caderno, efeitos mínimos e reduced-motion; movimento pleno e todas as preferências não foram revisados. | Intervalos dos controles foram inspecionados na fonte, sem varrer todas as combinações em navegador."
summary-matematica-estudo-do-sinal-de-funcoes,Matemática,Estudo do Sinal de Funções,manter,nenhuma,Parábola e faixas de sinal distinguem valores positivos e negativos.,"Manter significa preservar o mecanismo central dentro do recorte revisado; não é aprovação editorial nem certificação completa do capítulo. | Capturas principais mostram a cena SVG, não toda a prancha/inspetor. Tema escuro e tablet possuem medição DOM, sem captura manual integral. | Harness abriu Explorar/Testar/Reconstruir e clicou primeiro botão; não comprova avaliação pedagógica, persistência no Caderno de Erros, drag/drop nem teclado completo. | Preferências caderno, efeitos mínimos e reduced-motion; movimento pleno e todas as preferências não foram revisados. | Intervalos dos controles foram inspecionados na fonte, sem varrer todas as combinações em navegador."
summary-matematica-introducao-ao-modelo-exponencial,Matemática,Introdução ao Modelo Exponencial,manter,nenhuma,Curvas linear e exponencial confrontam soma e multiplicação.,"Manter significa preservar o mecanismo central dentro do recorte revisado; não é aprovação editorial nem certificação completa do capítulo. | Capturas principais mostram a cena SVG, não toda a prancha/inspetor. Tema escuro e tablet possuem medição DOM, sem captura manual integral. | Harness abriu Explorar/Testar/Reconstruir e clicou primeiro botão; não comprova avaliação pedagógica, persistência no Caderno de Erros, drag/drop nem teclado completo. | Preferências caderno, efeitos mínimos e reduced-motion; movimento pleno e todas as preferências não foram revisados. | Intervalos dos controles foram inspecionados na fonte, sem varrer todas as combinações em navegador."
summary-matematica-introducao-aos-logaritmos,Matemática,Introdução aos Logaritmos,manter,nenhuma,"2³=8 e log₂8=3 preservam papéis da base, expoente e resultado.","Manter significa preservar o mecanismo central dentro do recorte revisado; não é aprovação editorial nem certificação completa do capítulo. | Capturas principais mostram a cena SVG, não toda a prancha/inspetor. Tema escuro e tablet possuem medição DOM, sem captura manual integral. | Harness abriu Explorar/Testar/Reconstruir e clicou primeiro botão; não comprova avaliação pedagógica, persistência no Caderno de Erros, drag/drop nem teclado completo. | Preferências caderno, efeitos mínimos e reduced-motion; movimento pleno e todas as preferências não foram revisados. | Intervalos dos controles foram inspecionados na fonte, sem varrer todas as combinações em navegador."
summary-matematica-equacoes-e-funcoes-logaritmicas,Matemática,Equações e Funções Logarítmicas,manter,nenhuma,Curva logarítmica explicita domínio positivo e assíntota vertical.,"Manter significa preservar o mecanismo central dentro do recorte revisado; não é aprovação editorial nem certificação completa do capítulo. | Capturas principais mostram a cena SVG, não toda a prancha/inspetor. Tema escuro e tablet possuem medição DOM, sem captura manual integral. | Harness abriu Explorar/Testar/Reconstruir e clicou primeiro botão; não comprova avaliação pedagógica, persistência no Caderno de Erros, drag/drop nem teclado completo. | Preferências caderno, efeitos mínimos e reduced-motion; movimento pleno e todas as preferências não foram revisados. | Intervalos dos controles foram inspecionados na fonte, sem varrer todas as combinações em navegador."
summary-matematica-modelagem-exponencial-de-problemas,Matemática,Modelagem Exponencial de Problemas,manter,nenhuma,Curva exponencial explicita f(0) e impossibilidade de cruzar eixo horizontal.,"Manter significa preservar o mecanismo central dentro do recorte revisado; não é aprovação editorial nem certificação completa do capítulo. | Capturas principais mostram a cena SVG, não toda a prancha/inspetor. Tema escuro e tablet possuem medição DOM, sem captura manual integral. | Harness abriu Explorar/Testar/Reconstruir e clicou primeiro botão; não comprova avaliação pedagógica, persistência no Caderno de Erros, drag/drop nem teclado completo. | Preferências caderno, efeitos mínimos e reduced-motion; movimento pleno e todas as preferências não foram revisados. | Intervalos dos controles foram inspecionados na fonte, sem varrer todas as combinações em navegador."
summary-matematica-modulo-de-um-numero-real,Matemática,Módulo de um Número Real,manter,nenhuma,Gráfico em V e vértice relacionam módulo a valor não negativo.,"Manter significa preservar o mecanismo central dentro do recorte revisado; não é aprovação editorial nem certificação completa do capítulo. | Capturas principais mostram a cena SVG, não toda a prancha/inspetor. Tema escuro e tablet possuem medição DOM, sem captura manual integral. | Harness abriu Explorar/Testar/Reconstruir e clicou primeiro botão; não comprova avaliação pedagógica, persistência no Caderno de Erros, drag/drop nem teclado completo. | Preferências caderno, efeitos mínimos e reduced-motion; movimento pleno e todas as preferências não foram revisados. | Intervalos dos controles foram inspecionados na fonte, sem varrer todas as combinações em navegador."
summary-matematica-numeros-complexos,Matemática,Números Complexos,ajustar,baixa,"Ponto complexo, módulo e conjugado organizam representação no plano. | A prancha usa a mesma configuração complexa: “módulo é a distância” sobrepõe a graduação2 no eixo vertical, confirmado no desktop e na folha mobile.","Manter significa preservar o mecanismo central dentro do recorte revisado; não é aprovação editorial nem certificação completa do capítulo. | Capturas principais mostram a cena SVG, não toda a prancha/inspetor. Tema escuro e tablet possuem medição DOM, sem captura manual integral. | Harness abriu Explorar/Testar/Reconstruir e clicou primeiro botão; não comprova avaliação pedagógica, persistência no Caderno de Erros, drag/drop nem teclado completo. | Preferências caderno, efeitos mínimos e reduced-motion; movimento pleno e todas as preferências não foram revisados. | Intervalos dos controles foram inspecionados na fonte, sem varrer todas as combinações em navegador."
summary-matematica-polinomios,Matemática,Polinômios,manter,nenhuma,Curva cúbica representa polinômio e cruzamento com eixo horizontal.,"Manter significa preservar o mecanismo central dentro do recorte revisado; não é aprovação editorial nem certificação completa do capítulo. | Capturas principais mostram a cena SVG, não toda a prancha/inspetor. Tema escuro e tablet possuem medição DOM, sem captura manual integral. | Harness abriu Explorar/Testar/Reconstruir e clicou primeiro botão; não comprova avaliação pedagógica, persistência no Caderno de Erros, drag/drop nem teclado completo. | Preferências caderno, efeitos mínimos e reduced-motion; movimento pleno e todas as preferências não foram revisados. | Intervalos dos controles foram inspecionados na fonte, sem varrer todas as combinações em navegador."
summary-matematica-equacoes-polinomiais,Matemática,Equações Polinomiais,manter,nenhuma,Curva cúbica representa equação polinomial e raízes reais.,"Manter significa preservar o mecanismo central dentro do recorte revisado; não é aprovação editorial nem certificação completa do capítulo. | Capturas principais mostram a cena SVG, não toda a prancha/inspetor. Tema escuro e tablet possuem medição DOM, sem captura manual integral. | Harness abriu Explorar/Testar/Reconstruir e clicou primeiro botão; não comprova avaliação pedagógica, persistência no Caderno de Erros, drag/drop nem teclado completo. | Preferências caderno, efeitos mínimos e reduced-motion; movimento pleno e todas as preferências não foram revisados. | Intervalos dos controles foram inspecionados na fonte, sem varrer todas as combinações em navegador."
mat-probabilidade-contagem,Matemática,Contagem sistemática e probabilidade,manter,nenhuma,"Grade de pares ordenados destaca mdc>1 e conta 3 favoráveis em 9, 1/3.","Manter significa preservar o mecanismo central dentro do recorte revisado; não é aprovação editorial nem certificação completa do capítulo. | Capturas principais mostram a cena SVG, não toda a prancha/inspetor. Tema escuro e tablet possuem medição DOM, sem captura manual integral. | Harness abriu Explorar/Testar/Reconstruir e clicou primeiro botão; não comprova avaliação pedagógica, persistência no Caderno de Erros, drag/drop nem teclado completo. | Preferências caderno, efeitos mínimos e reduced-motion; movimento pleno e todas as preferências não foram revisados. | Intervalos dos controles foram inspecionados na fonte, sem varrer todas as combinações em navegador. | Barra fixa aparece em parte da captura mobile produzida ao rolar o SVG para screenshot; este artefato de captura não foi contado como falha confirmada de produto."
summary-geografia-coordenadas-geograficas,Geografia,Coordenadas Geográficas,manter,nenhuma,Coordinates: representação central específica confrontada com o capítulo Coordenadas Geográficas.,"Inspeção visual da representação central: capturas light390/1440; checks DOM light/dark390/768/1440. Não certifica todos os painéis externos à captura nem aprovação editorial completa. | Movimento reduzido e efeitos mínimos; não verificado movimento completo, todos os recortes ou equivalência integral arrastar/clique/teclado. | Harness percorreu Explorar/Testar/Reconstruir; clicou primeiro botão visível, frequentemente já selecionado. changedText=false não demonstra falha nem prova mudança de estado."
summary-geografia-movimentos-da-terra,Geografia,Movimentos da Terra,manter,nenhuma,EarthSeasons: representação central específica confrontada com o capítulo Movimentos da Terra.,"Inspeção visual da representação central: capturas light390/1440; checks DOM light/dark390/768/1440. Não certifica todos os painéis externos à captura nem aprovação editorial completa. | Movimento reduzido e efeitos mínimos; não verificado movimento completo, todos os recortes ou equivalência integral arrastar/clique/teclado. | Harness percorreu Explorar/Testar/Reconstruir; clicou primeiro botão visível, frequentemente já selecionado. changedText=false não demonstra falha nem prova mudança de estado."
summary-geografia-sistema-de-fusos-horarios,Geografia,Sistema de Fusos Horários,manter,nenhuma,TimeZones: representação central específica confrontada com o capítulo Sistema de Fusos Horários.,"Inspeção visual da representação central: capturas light390/1440; checks DOM light/dark390/768/1440. Não certifica todos os painéis externos à captura nem aprovação editorial completa. | Movimento reduzido e efeitos mínimos; não verificado movimento completo, todos os recortes ou equivalência integral arrastar/clique/teclado. | Harness percorreu Explorar/Testar/Reconstruir; clicou primeiro botão visível, frequentemente já selecionado. changedText=false não demonstra falha nem prova mudança de estado."
summary-geografia-linguagem-cartografica,Geografia,Linguagem Cartográfica,manter,nenhuma,MapScale: representação central específica confrontada com o capítulo Linguagem Cartográfica.,"Inspeção visual da representação central: capturas light390/1440; checks DOM light/dark390/768/1440. Não certifica todos os painéis externos à captura nem aprovação editorial completa. | Movimento reduzido e efeitos mínimos; não verificado movimento completo, todos os recortes ou equivalência integral arrastar/clique/teclado. | Harness percorreu Explorar/Testar/Reconstruir; clicou primeiro botão visível, frequentemente já selecionado. changedText=false não demonstra falha nem prova mudança de estado."
summary-geografia-projecoes-cartograficas,Geografia,Projeções Cartográficas,manter,nenhuma,ProjectionComparison: representação central específica confrontada com o capítulo Projeções Cartográficas.,"Inspeção visual da representação central: capturas light390/1440; checks DOM light/dark390/768/1440. Não certifica todos os painéis externos à captura nem aprovação editorial completa. | Movimento reduzido e efeitos mínimos; não verificado movimento completo, todos os recortes ou equivalência integral arrastar/clique/teclado. | Harness percorreu Explorar/Testar/Reconstruir; clicou primeiro botão visível, frequentemente já selecionado. changedText=false não demonstra falha nem prova mudança de estado."
summary-geografia-cartografia-digital,Geografia,Cartografia Digital,manter,nenhuma,DigitalMapping: representação central específica confrontada com o capítulo Cartografia Digital.,"Inspeção visual da representação central: capturas light390/1440; checks DOM light/dark390/768/1440. Não certifica todos os painéis externos à captura nem aprovação editorial completa. | Movimento reduzido e efeitos mínimos; não verificado movimento completo, todos os recortes ou equivalência integral arrastar/clique/teclado. | Harness percorreu Explorar/Testar/Reconstruir; clicou primeiro botão visível, frequentemente já selecionado. changedText=false não demonstra falha nem prova mudança de estado."
summary-geografia-representacoes-graficas-e-cartograficas,Geografia,Representações Gráficas e Cartográficas,manter,nenhuma,MapElements: representação central específica confrontada com o capítulo Representações Gráficas e Cartográficas.,"Inspeção visual da representação central: capturas light390/1440; checks DOM light/dark390/768/1440. Não certifica todos os painéis externos à captura nem aprovação editorial completa. | Movimento reduzido e efeitos mínimos; não verificado movimento completo, todos os recortes ou equivalência integral arrastar/clique/teclado. | Harness percorreu Explorar/Testar/Reconstruir; clicou primeiro botão visível, frequentemente já selecionado. changedText=false não demonstra falha nem prova mudança de estado."
summary-geografia-dinamica-climatica,Geografia,Dinâmica Climática,manter,nenhuma,RainMechanisms: representação central específica confrontada com o capítulo Dinâmica Climática.,"Inspeção visual da representação central: capturas light390/1440; checks DOM light/dark390/768/1440. Não certifica todos os painéis externos à captura nem aprovação editorial completa. | Movimento reduzido e efeitos mínimos; não verificado movimento completo, todos os recortes ou equivalência integral arrastar/clique/teclado. | Harness percorreu Explorar/Testar/Reconstruir; clicou primeiro botão visível, frequentemente já selecionado. changedText=false não demonstra falha nem prova mudança de estado."
summary-geografia-clima-mundial,Geografia,Clima Mundial,manter,nenhuma,ClimateFactors: representação central específica confrontada com o capítulo Clima Mundial.,"Inspeção visual da representação central: capturas light390/1440; checks DOM light/dark390/768/1440. Não certifica todos os painéis externos à captura nem aprovação editorial completa. | Movimento reduzido e efeitos mínimos; não verificado movimento completo, todos os recortes ou equivalência integral arrastar/clique/teclado. | Harness percorreu Explorar/Testar/Reconstruir; clicou primeiro botão visível, frequentemente já selecionado. changedText=false não demonstra falha nem prova mudança de estado."
summary-geografia-geomorfologia-mundial,Geografia,Geomorfologia Mundial,manter,nenhuma,StructureBlock: representação central específica confrontada com o capítulo Geomorfologia Mundial.,"Inspeção visual da representação central: capturas light390/1440; checks DOM light/dark390/768/1440. Não certifica todos os painéis externos à captura nem aprovação editorial completa. | Movimento reduzido e efeitos mínimos; não verificado movimento completo, todos os recortes ou equivalência integral arrastar/clique/teclado. | Harness percorreu Explorar/Testar/Reconstruir; clicou primeiro botão visível, frequentemente já selecionado. changedText=false não demonstra falha nem prova mudança de estado."
summary-geografia-biogeografia-mundial,Geografia,Biogeografia Mundial,manter,nenhuma,BiomeBelt: representação central específica confrontada com o capítulo Biogeografia Mundial.,"Inspeção visual da representação central: capturas light390/1440; checks DOM light/dark390/768/1440. Não certifica todos os painéis externos à captura nem aprovação editorial completa. | Movimento reduzido e efeitos mínimos; não verificado movimento completo, todos os recortes ou equivalência integral arrastar/clique/teclado. | Harness percorreu Explorar/Testar/Reconstruir; clicou primeiro botão visível, frequentemente já selecionado. changedText=false não demonstra falha nem prova mudança de estado."
summary-geografia-agua-na-superficie-terrestre,Geografia,Água na Superfície Terrestre,manter,nenhuma,SurfaceWater: representação central específica confrontada com o capítulo Água na Superfície Terrestre.,"Inspeção visual da representação central: capturas light390/1440; checks DOM light/dark390/768/1440. Não certifica todos os painéis externos à captura nem aprovação editorial completa. | Movimento reduzido e efeitos mínimos; não verificado movimento completo, todos os recortes ou equivalência integral arrastar/clique/teclado. | Harness percorreu Explorar/Testar/Reconstruir; clicou primeiro botão visível, frequentemente já selecionado. changedText=false não demonstra falha nem prova mudança de estado."
summary-geografia-desafios-ambientais-do-seculo-xxi,Geografia,Desafios Ambientais do Século XXI,manter,nenhuma,GlobalCommons: representação central específica confrontada com o capítulo Desafios Ambientais do Século XXI.,"Inspeção visual da representação central: capturas light390/1440; checks DOM light/dark390/768/1440. Não certifica todos os painéis externos à captura nem aprovação editorial completa. | Movimento reduzido e efeitos mínimos; não verificado movimento completo, todos os recortes ou equivalência integral arrastar/clique/teclado. | Harness percorreu Explorar/Testar/Reconstruir; clicou primeiro botão visível, frequentemente já selecionado. changedText=false não demonstra falha nem prova mudança de estado."
summary-geografia-geopolitica-ambiental,Geografia,Geopolítica Ambiental,manter,nenhuma,EnvironmentalPower: representação central específica confrontada com o capítulo Geopolítica Ambiental.,"Inspeção visual da representação central: capturas light390/1440; checks DOM light/dark390/768/1440. Não certifica todos os painéis externos à captura nem aprovação editorial completa. | Movimento reduzido e efeitos mínimos; não verificado movimento completo, todos os recortes ou equivalência integral arrastar/clique/teclado. | Harness percorreu Explorar/Testar/Reconstruir; clicou primeiro botão visível, frequentemente já selecionado. changedText=false não demonstra falha nem prova mudança de estado."
summary-geografia-geopolitica-dos-recursos-hidricos,Geografia,Geopolítica dos Recursos Hídricos,manter,nenhuma,NileBasin: representação central específica confrontada com o capítulo Geopolítica dos Recursos Hídricos.,"Inspeção visual da representação central: capturas light390/1440; checks DOM light/dark390/768/1440. Não certifica todos os painéis externos à captura nem aprovação editorial completa. | Movimento reduzido e efeitos mínimos; não verificado movimento completo, todos os recortes ou equivalência integral arrastar/clique/teclado. | Harness percorreu Explorar/Testar/Reconstruir; clicou primeiro botão visível, frequentemente já selecionado. changedText=false não demonstra falha nem prova mudança de estado."
summary-geografia-hidrogeografia-mundial,Geografia,Hidrogeografia Mundial,manter,nenhuma,WorldWaters: representação central específica confrontada com o capítulo Hidrogeografia Mundial.,"Inspeção visual da representação central: capturas light390/1440; checks DOM light/dark390/768/1440. Não certifica todos os painéis externos à captura nem aprovação editorial completa. | Movimento reduzido e efeitos mínimos; não verificado movimento completo, todos os recortes ou equivalência integral arrastar/clique/teclado. | Harness percorreu Explorar/Testar/Reconstruir; clicou primeiro botão visível, frequentemente já selecionado. changedText=false não demonstra falha nem prova mudança de estado."
summary-geografia-do-mundo-bipolar-ao-multipolar,Geografia,Do Mundo Bipolar ao Multipolar,manter,nenhuma,WorldOrder: representação central específica confrontada com o capítulo Do Mundo Bipolar ao Multipolar.,"Inspeção visual da representação central: capturas light390/1440; checks DOM light/dark390/768/1440. Não certifica todos os painéis externos à captura nem aprovação editorial completa. | Movimento reduzido e efeitos mínimos; não verificado movimento completo, todos os recortes ou equivalência integral arrastar/clique/teclado. | Harness percorreu Explorar/Testar/Reconstruir; clicou primeiro botão visível, frequentemente já selecionado. changedText=false não demonstra falha nem prova mudança de estado."
summary-geografia-globalizacao-e-processos-economicos-atuais,Geografia,Globalização e Processos Econômicos Atuais,manter,nenhuma,SmartphoneChain: representação central específica confrontada com o capítulo Globalização e Processos Econômicos Atuais.,"Inspeção visual da representação central: capturas light390/1440; checks DOM light/dark390/768/1440. Não certifica todos os painéis externos à captura nem aprovação editorial completa. | Movimento reduzido e efeitos mínimos; não verificado movimento completo, todos os recortes ou equivalência integral arrastar/clique/teclado. | Harness percorreu Explorar/Testar/Reconstruir; clicou primeiro botão visível, frequentemente já selecionado. changedText=false não demonstra falha nem prova mudança de estado."
summary-geografia-geografia-das-redes-mundiais,Geografia,Geografia das Redes Mundiais,manter,nenhuma,NetworkMap: representação central específica confrontada com o capítulo Geografia das Redes Mundiais.,"Inspeção visual da representação central: capturas light390/1440; checks DOM light/dark390/768/1440. Não certifica todos os painéis externos à captura nem aprovação editorial completa. | Movimento reduzido e efeitos mínimos; não verificado movimento completo, todos os recortes ou equivalência integral arrastar/clique/teclado. | Harness percorreu Explorar/Testar/Reconstruir; clicou primeiro botão visível, frequentemente já selecionado. changedText=false não demonstra falha nem prova mudança de estado."
summary-geografia-unilateralismo-e-multilateralismo,Geografia,Unilateralismo e Multilateralismo,manter,nenhuma,Multilateral: representação central específica confrontada com o capítulo Unilateralismo e Multilateralismo.,"Inspeção visual da representação central: capturas light390/1440; checks DOM light/dark390/768/1440. Não certifica todos os painéis externos à captura nem aprovação editorial completa. | Movimento reduzido e efeitos mínimos; não verificado movimento completo, todos os recortes ou equivalência integral arrastar/clique/teclado. | Harness percorreu Explorar/Testar/Reconstruir; clicou primeiro botão visível, frequentemente já selecionado. changedText=false não demonstra falha nem prova mudança de estado."
summary-geografia-blocos-economicos,Geografia,Blocos Econômicos,manter,nenhuma,BlocIntegration: representação central específica confrontada com o capítulo Blocos Econômicos.,"Inspeção visual da representação central: capturas light390/1440; checks DOM light/dark390/768/1440. Não certifica todos os painéis externos à captura nem aprovação editorial completa. | Movimento reduzido e efeitos mínimos; não verificado movimento completo, todos os recortes ou equivalência integral arrastar/clique/teclado. | Harness percorreu Explorar/Testar/Reconstruir; clicou primeiro botão visível, frequentemente já selecionado. changedText=false não demonstra falha nem prova mudança de estado."
summary-geografia-uniao-europeia,Geografia,União Europeia,manter,nenhuma,EuropeanUnion: representação central específica confrontada com o capítulo União Europeia.,"Inspeção visual da representação central: capturas light390/1440; checks DOM light/dark390/768/1440. Não certifica todos os painéis externos à captura nem aprovação editorial completa. | Movimento reduzido e efeitos mínimos; não verificado movimento completo, todos os recortes ou equivalência integral arrastar/clique/teclado. | Harness percorreu Explorar/Testar/Reconstruir; clicou primeiro botão visível, frequentemente já selecionado. changedText=false não demonstra falha nem prova mudança de estado."
summary-geografia-desigualdades-globais,Geografia,Desigualdades Globais,manter,nenhuma,TermsOfTrade: representação central específica confrontada com o capítulo Desigualdades Globais.,"Inspeção visual da representação central: capturas light390/1440; checks DOM light/dark390/768/1440. Não certifica todos os painéis externos à captura nem aprovação editorial completa. | Movimento reduzido e efeitos mínimos; não verificado movimento completo, todos os recortes ou equivalência integral arrastar/clique/teclado. | Harness percorreu Explorar/Testar/Reconstruir; clicou primeiro botão visível, frequentemente já selecionado. changedText=false não demonstra falha nem prova mudança de estado."
summary-geografia-mobilidade-populacional,Geografia,Mobilidade Populacional,manter,nenhuma,MigrationForces: representação central específica confrontada com o capítulo Mobilidade Populacional.,"Inspeção visual da representação central: capturas light390/1440; checks DOM light/dark390/768/1440. Não certifica todos os painéis externos à captura nem aprovação editorial completa. | Movimento reduzido e efeitos mínimos; não verificado movimento completo, todos os recortes ou equivalência integral arrastar/clique/teclado. | Harness percorreu Explorar/Testar/Reconstruir; clicou primeiro botão visível, frequentemente já selecionado. changedText=false não demonstra falha nem prova mudança de estado."
summary-geografia-geografia-do-turismo,Geografia,Geografia do Turismo,manter,nenhuma,TourismTerritories: representação central específica confrontada com o capítulo Geografia do Turismo.,"Inspeção visual da representação central: capturas light390/1440; checks DOM light/dark390/768/1440. Não certifica todos os painéis externos à captura nem aprovação editorial completa. | Movimento reduzido e efeitos mínimos; não verificado movimento completo, todos os recortes ou equivalência integral arrastar/clique/teclado. | Harness percorreu Explorar/Testar/Reconstruir; clicou primeiro botão visível, frequentemente já selecionado. changedText=false não demonstra falha nem prova mudança de estado."
summary-geografia-producao-agricola-mundial,Geografia,Produção Agrícola Mundial,manter,nenhuma,AgricultureSystems: representação central específica confrontada com o capítulo Produção Agrícola Mundial.,"Inspeção visual da representação central: capturas light390/1440; checks DOM light/dark390/768/1440. Não certifica todos os painéis externos à captura nem aprovação editorial completa. | Movimento reduzido e efeitos mínimos; não verificado movimento completo, todos os recortes ou equivalência integral arrastar/clique/teclado. | Harness percorreu Explorar/Testar/Reconstruir; clicou primeiro botão visível, frequentemente já selecionado. changedText=false não demonstra falha nem prova mudança de estado."
summary-geografia-industria-i,Geografia,Indústria I,manter,nenhuma,ProductionModels: representação central específica confrontada com o capítulo Indústria I.,"Inspeção visual da representação central: capturas light390/1440; checks DOM light/dark390/768/1440. Não certifica todos os painéis externos à captura nem aprovação editorial completa. | Movimento reduzido e efeitos mínimos; não verificado movimento completo, todos os recortes ou equivalência integral arrastar/clique/teclado. | Harness percorreu Explorar/Testar/Reconstruir; clicou primeiro botão visível, frequentemente já selecionado. changedText=false não demonstra falha nem prova mudança de estado."
summary-geografia-industria-ii,Geografia,Indústria II,manter,nenhuma,NewIndustrialGeography: representação central específica confrontada com o capítulo Indústria II.,"Inspeção visual da representação central: capturas light390/1440; checks DOM light/dark390/768/1440. Não certifica todos os painéis externos à captura nem aprovação editorial completa. | Movimento reduzido e efeitos mínimos; não verificado movimento completo, todos os recortes ou equivalência integral arrastar/clique/teclado. | Harness percorreu Explorar/Testar/Reconstruir; clicou primeiro botão visível, frequentemente já selecionado. changedText=false não demonstra falha nem prova mudança de estado."
summary-geografia-gedeconomia-mundial,Geografia,Gedeconomia Mundial,manter,nenhuma,Geoeconomics: representação central específica confrontada com o capítulo Gedeconomia Mundial.,"Inspeção visual da representação central: capturas light390/1440; checks DOM light/dark390/768/1440. Não certifica todos os painéis externos à captura nem aprovação editorial completa. | Movimento reduzido e efeitos mínimos; não verificado movimento completo, todos os recortes ou equivalência integral arrastar/clique/teclado. | Harness percorreu Explorar/Testar/Reconstruir; clicou primeiro botão visível, frequentemente já selecionado. changedText=false não demonstra falha nem prova mudança de estado."
summary-geografia-terrorismo-internacional,Geografia,Terrorismo Internacional,manter,nenhuma,TerrorNetwork: representação central específica confrontada com o capítulo Terrorismo Internacional.,"Inspeção visual da representação central: capturas light390/1440; checks DOM light/dark390/768/1440. Não certifica todos os painéis externos à captura nem aprovação editorial completa. | Movimento reduzido e efeitos mínimos; não verificado movimento completo, todos os recortes ou equivalência integral arrastar/clique/teclado. | Harness percorreu Explorar/Testar/Reconstruir; clicou primeiro botão visível, frequentemente já selecionado. changedText=false não demonstra falha nem prova mudança de estado."
summary-geografia-geografia-das-religioes,Geografia,Geografia das Religiões,manter,nenhuma,ReligionsMap: representação central específica confrontada com o capítulo Geografia das Religiões.,"Inspeção visual da representação central: capturas light390/1440; checks DOM light/dark390/768/1440. Não certifica todos os painéis externos à captura nem aprovação editorial completa. | Movimento reduzido e efeitos mínimos; não verificado movimento completo, todos os recortes ou equivalência integral arrastar/clique/teclado. | Harness percorreu Explorar/Testar/Reconstruir; clicou primeiro botão visível, frequentemente já selecionado. changedText=false não demonstra falha nem prova mudança de estado."
summary-geografia-tensoes-geopoliticas-na-europa,Geografia,Tensões Geopolíticas na Europa,manter,nenhuma,EuropeTensions: representação central específica confrontada com o capítulo Tensões Geopolíticas na Europa.,"Inspeção visual da representação central: capturas light390/1440; checks DOM light/dark390/768/1440. Não certifica todos os painéis externos à captura nem aprovação editorial completa. | Movimento reduzido e efeitos mínimos; não verificado movimento completo, todos os recortes ou equivalência integral arrastar/clique/teclado. | Harness percorreu Explorar/Testar/Reconstruir; clicou primeiro botão visível, frequentemente já selecionado. changedText=false não demonstra falha nem prova mudança de estado."
summary-geografia-geopolitica-e-geoeconomia-da-america-latina,Geografia,Geopolítica e Geoeconomia da América Latina,manter,nenhuma,LatinAmericaExports: representação central específica confrontada com o capítulo Geopolítica e Geoeconomia da América Latina.,"Inspeção visual da representação central: capturas light390/1440; checks DOM light/dark390/768/1440. Não certifica todos os painéis externos à captura nem aprovação editorial completa. | Movimento reduzido e efeitos mínimos; não verificado movimento completo, todos os recortes ou equivalência integral arrastar/clique/teclado. | Harness percorreu Explorar/Testar/Reconstruir; clicou primeiro botão visível, frequentemente já selecionado. changedText=false não demonstra falha nem prova mudança de estado."
summary-geografia-africa-no-mundo-atual,Geografia,África no Mundo Atual,manter,nenhuma,AfricaToday: representação central específica confrontada com o capítulo África no Mundo Atual.,"Inspeção visual da representação central: capturas light390/1440; checks DOM light/dark390/768/1440. Não certifica todos os painéis externos à captura nem aprovação editorial completa. | Movimento reduzido e efeitos mínimos; não verificado movimento completo, todos os recortes ou equivalência integral arrastar/clique/teclado. | Harness percorreu Explorar/Testar/Reconstruir; clicou primeiro botão visível, frequentemente já selecionado. changedText=false não demonstra falha nem prova mudança de estado."
summary-geografia-geopolitica-e-geoeconomia-da-asia,Geografia,Geopolítica e Geoeconomia da Ásia,manter,nenhuma,AsiaAscent: representação central específica confrontada com o capítulo Geopolítica e Geoeconomia da Ásia.,"Inspeção visual da representação central: capturas light390/1440; checks DOM light/dark390/768/1440. Não certifica todos os painéis externos à captura nem aprovação editorial completa. | Movimento reduzido e efeitos mínimos; não verificado movimento completo, todos os recortes ou equivalência integral arrastar/clique/teclado. | Harness percorreu Explorar/Testar/Reconstruir; clicou primeiro botão visível, frequentemente já selecionado. changedText=false não demonstra falha nem prova mudança de estado."
summary-geografia-geografia-do-oriente-medio,Geografia,Geografia do Oriente Médio,manter,nenhuma,MiddleEastMap: representação central específica confrontada com o capítulo Geografia do Oriente Médio.,"Inspeção visual da representação central: capturas light390/1440; checks DOM light/dark390/768/1440. Não certifica todos os painéis externos à captura nem aprovação editorial completa. | Movimento reduzido e efeitos mínimos; não verificado movimento completo, todos os recortes ou equivalência integral arrastar/clique/teclado. | Harness percorreu Explorar/Testar/Reconstruir; clicou primeiro botão visível, frequentemente já selecionado. changedText=false não demonstra falha nem prova mudança de estado."
summary-geografia-questao-palestina,Geografia,Questão Palestina,manter,nenhuma,PalestineTimeline: representação central específica confrontada com o capítulo Questão Palestina.,"Inspeção visual da representação central: capturas light390/1440; checks DOM light/dark390/768/1440. Não certifica todos os painéis externos à captura nem aprovação editorial completa. | Movimento reduzido e efeitos mínimos; não verificado movimento completo, todos os recortes ou equivalência integral arrastar/clique/teclado. | Harness percorreu Explorar/Testar/Reconstruir; clicou primeiro botão visível, frequentemente já selecionado. changedText=false não demonstra falha nem prova mudança de estado."
summary-geografia-conflitos-no-mundo-arabe,Geografia,Conflitos no Mundo Árabe,manter,nenhuma,ArabConflicts: representação central específica confrontada com o capítulo Conflitos no Mundo Árabe.,"Inspeção visual da representação central: capturas light390/1440; checks DOM light/dark390/768/1440. Não certifica todos os painéis externos à captura nem aprovação editorial completa. | Movimento reduzido e efeitos mínimos; não verificado movimento completo, todos os recortes ou equivalência integral arrastar/clique/teclado. | Harness percorreu Explorar/Testar/Reconstruir; clicou primeiro botão visível, frequentemente já selecionado. changedText=false não demonstra falha nem prova mudança de estado."
summary-geografia-paisagem-espaco-geografico-e-ciencia-geografica,Geografia,"Paisagem, Espaço Geográfico e Ciência Geográfica",manter,nenhuma,"ThreeReadings: representação central específica confrontada com o capítulo Paisagem, Espaço Geográfico e Ciência Geográfica.","Inspeção visual da representação central: capturas light390/1440; checks DOM light/dark390/768/1440. Não certifica todos os painéis externos à captura nem aprovação editorial completa. | Movimento reduzido e efeitos mínimos; não verificado movimento completo, todos os recortes ou equivalência integral arrastar/clique/teclado. | Harness percorreu Explorar/Testar/Reconstruir; clicou primeiro botão visível, frequentemente já selecionado. changedText=false não demonstra falha nem prova mudança de estado."
summary-geografia-geologia-e-geomorfologia,Geografia,Geologia e Geomorfologia,manter,nenhuma,RockCycle: representação central específica confrontada com o capítulo Geologia e Geomorfologia.,"Inspeção visual da representação central: capturas light390/1440; checks DOM light/dark390/768/1440. Não certifica todos os painéis externos à captura nem aprovação editorial completa. | Movimento reduzido e efeitos mínimos; não verificado movimento completo, todos os recortes ou equivalência integral arrastar/clique/teclado. | Harness percorreu Explorar/Testar/Reconstruir; clicou primeiro botão visível, frequentemente já selecionado. changedText=false não demonstra falha nem prova mudança de estado."
summary-geografia-relevo-brasileiro,Geografia,Relevo Brasileiro,manter,nenhuma,ReliefProfile: representação central específica confrontada com o capítulo Relevo Brasileiro.,"Inspeção visual da representação central: capturas light390/1440; checks DOM light/dark390/768/1440. Não certifica todos os painéis externos à captura nem aprovação editorial completa. | Movimento reduzido e efeitos mínimos; não verificado movimento completo, todos os recortes ou equivalência integral arrastar/clique/teclado. | Harness percorreu Explorar/Testar/Reconstruir; clicou primeiro botão visível, frequentemente já selecionado. changedText=false não demonstra falha nem prova mudança de estado."
summary-geografia-pedologia,Geografia,Pedologia,manter,nenhuma,SoilProfiles: representação central específica confrontada com o capítulo Pedologia.,"Inspeção visual da representação central: capturas light390/1440; checks DOM light/dark390/768/1440. Não certifica todos os painéis externos à captura nem aprovação editorial completa. | Movimento reduzido e efeitos mínimos; não verificado movimento completo, todos os recortes ou equivalência integral arrastar/clique/teclado. | Harness percorreu Explorar/Testar/Reconstruir; clicou primeiro botão visível, frequentemente já selecionado. changedText=false não demonstra falha nem prova mudança de estado."
summary-geografia-climatologia-do-brasil,Geografia,Climatologia do Brasil,manter,nenhuma,ClimateMap: representação central específica confrontada com o capítulo Climatologia do Brasil.,"Inspeção visual da representação central: capturas light390/1440; checks DOM light/dark390/768/1440. Não certifica todos os painéis externos à captura nem aprovação editorial completa. | Movimento reduzido e efeitos mínimos; não verificado movimento completo, todos os recortes ou equivalência integral arrastar/clique/teclado. | Harness percorreu Explorar/Testar/Reconstruir; clicou primeiro botão visível, frequentemente já selecionado. changedText=false não demonstra falha nem prova mudança de estado."
summary-geografia-biogeografia-do-brasil-i,Geografia,Biogeografia do Brasil I,manter,nenhuma,BiomesProfile: representação central específica confrontada com o capítulo Biogeografia do Brasil I.,"Inspeção visual da representação central: capturas light390/1440; checks DOM light/dark390/768/1440. Não certifica todos os painéis externos à captura nem aprovação editorial completa. | Movimento reduzido e efeitos mínimos; não verificado movimento completo, todos os recortes ou equivalência integral arrastar/clique/teclado. | Harness percorreu Explorar/Testar/Reconstruir; clicou primeiro botão visível, frequentemente já selecionado. changedText=false não demonstra falha nem prova mudança de estado."
summary-geografia-biogeografia-do-brasil-ii,Geografia,Biogeografia do Brasil II,manter,nenhuma,WetlandsCoast: representação central específica confrontada com o capítulo Biogeografia do Brasil II.,"Inspeção visual da representação central: capturas light390/1440; checks DOM light/dark390/768/1440. Não certifica todos os painéis externos à captura nem aprovação editorial completa. | Movimento reduzido e efeitos mínimos; não verificado movimento completo, todos os recortes ou equivalência integral arrastar/clique/teclado. | Harness percorreu Explorar/Testar/Reconstruir; clicou primeiro botão visível, frequentemente já selecionado. changedText=false não demonstra falha nem prova mudança de estado."
summary-geografia-politicas-ambientais-brasileiras,Geografia,Políticas Ambientais Brasileiras,manter,nenhuma,EnvironmentalLaw: representação central específica confrontada com o capítulo Políticas Ambientais Brasileiras.,"Inspeção visual da representação central: capturas light390/1440; checks DOM light/dark390/768/1440. Não certifica todos os painéis externos à captura nem aprovação editorial completa. | Movimento reduzido e efeitos mínimos; não verificado movimento completo, todos os recortes ou equivalência integral arrastar/clique/teclado. | Harness percorreu Explorar/Testar/Reconstruir; clicou primeiro botão visível, frequentemente já selecionado. changedText=false não demonstra falha nem prova mudança de estado."
summary-geografia-hidrogeografia-do-brasil,Geografia,Hidrogeografia do Brasil,manter,nenhuma,BrazilBasins: representação central específica confrontada com o capítulo Hidrogeografia do Brasil.,"Inspeção visual da representação central: capturas light390/1440; checks DOM light/dark390/768/1440. Não certifica todos os painéis externos à captura nem aprovação editorial completa. | Movimento reduzido e efeitos mínimos; não verificado movimento completo, todos os recortes ou equivalência integral arrastar/clique/teclado. | Harness percorreu Explorar/Testar/Reconstruir; clicou primeiro botão visível, frequentemente já selecionado. changedText=false não demonstra falha nem prova mudança de estado."
summary-geografia-dominios-morfoclimaticos,Geografia,Domínios Morfoclimáticos,manter,nenhuma,DomainsMap: representação central específica confrontada com o capítulo Domínios Morfoclimáticos.,"Inspeção visual da representação central: capturas light390/1440; checks DOM light/dark390/768/1440. Não certifica todos os painéis externos à captura nem aprovação editorial completa. | Movimento reduzido e efeitos mínimos; não verificado movimento completo, todos os recortes ou equivalência integral arrastar/clique/teclado. | Harness percorreu Explorar/Testar/Reconstruir; clicou primeiro botão visível, frequentemente já selecionado. changedText=false não demonstra falha nem prova mudança de estado."
summary-geografia-matriz-energetica,Geografia,Matriz Energética,manter,nenhuma,EnergyMatrix: representação central específica confrontada com o capítulo Matriz Energética.,"Inspeção visual da representação central: capturas light390/1440; checks DOM light/dark390/768/1440. Não certifica todos os painéis externos à captura nem aprovação editorial completa. | Movimento reduzido e efeitos mínimos; não verificado movimento completo, todos os recortes ou equivalência integral arrastar/clique/teclado. | Harness percorreu Explorar/Testar/Reconstruir; clicou primeiro botão visível, frequentemente já selecionado. changedText=false não demonstra falha nem prova mudança de estado."
summary-geografia-combustiveis-fosseis-e-biocombustiveis-no-brasil,Geografia,Combustíveis Fósseis e Biocombustíveis no Brasil,manter,nenhuma,combustiveis-biocombustiveis-brasil: representação central específica confrontada com o capítulo Combustíveis Fósseis e Biocombustíveis no Brasil.,"Inspeção visual da representação central: capturas light390/1440; checks DOM light/dark390/768/1440. Não certifica todos os painéis externos à captura nem aprovação editorial completa. | Movimento reduzido e efeitos mínimos; não verificado movimento completo, todos os recortes ou equivalência integral arrastar/clique/teclado. | Harness percorreu Explorar/Testar/Reconstruir; clicou primeiro botão visível, frequentemente já selecionado. changedText=false não demonstra falha nem prova mudança de estado."
summary-geografia-energia-eletrica-no-mundo,Geografia,Energia Elétrica no Mundo,manter,nenhuma,WorldElectricity: representação central específica confrontada com o capítulo Energia Elétrica no Mundo.,"Inspeção visual da representação central: capturas light390/1440; checks DOM light/dark390/768/1440. Não certifica todos os painéis externos à captura nem aprovação editorial completa. | Movimento reduzido e efeitos mínimos; não verificado movimento completo, todos os recortes ou equivalência integral arrastar/clique/teclado. | Harness percorreu Explorar/Testar/Reconstruir; clicou primeiro botão visível, frequentemente já selecionado. changedText=false não demonstra falha nem prova mudança de estado."
summary-geografia-energia-eletrica-no-brasil,Geografia,Energia Elétrica no Brasil,manter,nenhuma,energia-eletrica-brasil: representação central específica confrontada com o capítulo Energia Elétrica no Brasil.,"Inspeção visual da representação central: capturas light390/1440; checks DOM light/dark390/768/1440. Não certifica todos os painéis externos à captura nem aprovação editorial completa. | Movimento reduzido e efeitos mínimos; não verificado movimento completo, todos os recortes ou equivalência integral arrastar/clique/teclado. | Harness percorreu Explorar/Testar/Reconstruir; clicou primeiro botão visível, frequentemente já selecionado. changedText=false não demonstra falha nem prova mudança de estado."
summary-geografia-producao-mineral,Geografia,Produção Mineral,manter,nenhuma,MineralGeography: representação central específica confrontada com o capítulo Produção Mineral.,"Inspeção visual da representação central: capturas light390/1440; checks DOM light/dark390/768/1440. Não certifica todos os painéis externos à captura nem aprovação editorial completa. | Movimento reduzido e efeitos mínimos; não verificado movimento completo, todos os recortes ou equivalência integral arrastar/clique/teclado. | Harness percorreu Explorar/Testar/Reconstruir; clicou primeiro botão visível, frequentemente já selecionado. changedText=false não demonstra falha nem prova mudança de estado."
summary-geografia-o-espaco-agrario-brasileiro,Geografia,O Espaço Agrário Brasileiro,manter,nenhuma,AgrarianSpace: representação central específica confrontada com o capítulo O Espaço Agrário Brasileiro.,"Inspeção visual da representação central: capturas light390/1440; checks DOM light/dark390/768/1440. Não certifica todos os painéis externos à captura nem aprovação editorial completa. | Movimento reduzido e efeitos mínimos; não verificado movimento completo, todos os recortes ou equivalência integral arrastar/clique/teclado. | Harness percorreu Explorar/Testar/Reconstruir; clicou primeiro botão visível, frequentemente já selecionado. changedText=false não demonstra falha nem prova mudança de estado."
summary-geografia-o-espaco-industrial-brasileiro-i,Geografia,O Espaço Industrial Brasileiro I,manter,nenhuma,IndustrialSaoPaulo: representação central específica confrontada com o capítulo O Espaço Industrial Brasileiro I.,"Inspeção visual da representação central: capturas light390/1440; checks DOM light/dark390/768/1440. Não certifica todos os painéis externos à captura nem aprovação editorial completa. | Movimento reduzido e efeitos mínimos; não verificado movimento completo, todos os recortes ou equivalência integral arrastar/clique/teclado. | Harness percorreu Explorar/Testar/Reconstruir; clicou primeiro botão visível, frequentemente já selecionado. changedText=false não demonstra falha nem prova mudança de estado."
summary-geografia-o-espaco-industrial-brasileiro-ii,Geografia,O Espaço Industrial Brasileiro II,manter,nenhuma,IndustrialDeconcentration: representação central específica confrontada com o capítulo O Espaço Industrial Brasileiro II.,"Inspeção visual da representação central: capturas light390/1440; checks DOM light/dark390/768/1440. Não certifica todos os painéis externos à captura nem aprovação editorial completa. | Movimento reduzido e efeitos mínimos; não verificado movimento completo, todos os recortes ou equivalência integral arrastar/clique/teclado. | Harness percorreu Explorar/Testar/Reconstruir; clicou primeiro botão visível, frequentemente já selecionado. changedText=false não demonstra falha nem prova mudança de estado."
summary-geografia-dinamica-demografica,Geografia,Dinâmica Demográfica,manter,nenhuma,DemographicTransition: representação central específica confrontada com o capítulo Dinâmica Demográfica.,"Inspeção visual da representação central: capturas light390/1440; checks DOM light/dark390/768/1440. Não certifica todos os painéis externos à captura nem aprovação editorial completa. | Movimento reduzido e efeitos mínimos; não verificado movimento completo, todos os recortes ou equivalência integral arrastar/clique/teclado. | Harness percorreu Explorar/Testar/Reconstruir; clicou primeiro botão visível, frequentemente já selecionado. changedText=false não demonstra falha nem prova mudança de estado."
summary-geografia-estrutura-etnica-e-fluxos-migratorios,Geografia,Estrutura Étnica e Fluxos Migratórios,manter,nenhuma,fluxos-populacionais: representação central específica confrontada com o capítulo Estrutura Étnica e Fluxos Migratórios.,"Inspeção visual da representação central: capturas light390/1440; checks DOM light/dark390/768/1440. Não certifica todos os painéis externos à captura nem aprovação editorial completa. | Movimento reduzido e efeitos mínimos; não verificado movimento completo, todos os recortes ou equivalência integral arrastar/clique/teclado. | Harness percorreu Explorar/Testar/Reconstruir; clicou primeiro botão visível, frequentemente já selecionado. changedText=false não demonstra falha nem prova mudança de estado."
summary-geografia-o-espaco-urbano-i,Geografia,O Espaço Urbano I,manter,nenhuma,UrbanHierarchy: representação central específica confrontada com o capítulo O Espaço Urbano I.,"Inspeção visual da representação central: capturas light390/1440; checks DOM light/dark390/768/1440. Não certifica todos os painéis externos à captura nem aprovação editorial completa. | Movimento reduzido e efeitos mínimos; não verificado movimento completo, todos os recortes ou equivalência integral arrastar/clique/teclado. | Harness percorreu Explorar/Testar/Reconstruir; clicou primeiro botão visível, frequentemente já selecionado. changedText=false não demonstra falha nem prova mudança de estado."
summary-geografia-o-espaco-urbano-ii,Geografia,O Espaço Urbano II,manter,nenhuma,UrbanSegregation: representação central específica confrontada com o capítulo O Espaço Urbano II.,"Inspeção visual da representação central: capturas light390/1440; checks DOM light/dark390/768/1440. Não certifica todos os painéis externos à captura nem aprovação editorial completa. | Movimento reduzido e efeitos mínimos; não verificado movimento completo, todos os recortes ou equivalência integral arrastar/clique/teclado. | Harness percorreu Explorar/Testar/Reconstruir; clicou primeiro botão visível, frequentemente já selecionado. changedText=false não demonstra falha nem prova mudança de estado."
summary-geografia-as-redes-de-transportes,Geografia,As Redes de Transportes,manter,nenhuma,TransportModes: representação central específica confrontada com o capítulo As Redes de Transportes.,"Inspeção visual da representação central: capturas light390/1440; checks DOM light/dark390/768/1440. Não certifica todos os painéis externos à captura nem aprovação editorial completa. | Movimento reduzido e efeitos mínimos; não verificado movimento completo, todos os recortes ou equivalência integral arrastar/clique/teclado. | Harness percorreu Explorar/Testar/Reconstruir; clicou primeiro botão visível, frequentemente já selecionado. changedText=false não demonstra falha nem prova mudança de estado."
summary-geografia-os-fluxos-do-comercio-externo,Geografia,Os Fluxos do Comércio Externo,manter,nenhuma,rede-comercio-externo: representação central específica confrontada com o capítulo Os Fluxos do Comércio Externo.,"Inspeção visual da representação central: capturas light390/1440; checks DOM light/dark390/768/1440. Não certifica todos os painéis externos à captura nem aprovação editorial completa. | Movimento reduzido e efeitos mínimos; não verificado movimento completo, todos os recortes ou equivalência integral arrastar/clique/teclado. | Harness percorreu Explorar/Testar/Reconstruir; clicou primeiro botão visível, frequentemente já selecionado. changedText=false não demonstra falha nem prova mudança de estado."
summary-historia-introducao-a-historia-e-primeiras-civilizacoes,História,Introdução à História e Primeiras Civilizações,manter,nenhuma,FirstCities: representação central específica confrontada com o capítulo Introdução à História e Primeiras Civilizações.,"Inspeção visual da representação central: capturas light390/1440; checks DOM light/dark390/768/1440. Não certifica todos os painéis externos à captura nem aprovação editorial completa. | Movimento reduzido e efeitos mínimos; não verificado movimento completo, todos os recortes ou equivalência integral arrastar/clique/teclado. | Harness percorreu Explorar/Testar/Reconstruir; clicou primeiro botão visível, frequentemente já selecionado. changedText=false não demonstra falha nem prova mudança de estado."
summary-historia-antiguidade-classica-o-mundo-grego,História,Antiguidade Clássica: o Mundo Grego,manter,nenhuma,GreekPoleis: representação central específica confrontada com o capítulo Antiguidade Clássica: o Mundo Grego.,"Inspeção visual da representação central: capturas light390/1440; checks DOM light/dark390/768/1440. Não certifica todos os painéis externos à captura nem aprovação editorial completa. | Movimento reduzido e efeitos mínimos; não verificado movimento completo, todos os recortes ou equivalência integral arrastar/clique/teclado. | Harness percorreu Explorar/Testar/Reconstruir; clicou primeiro botão visível, frequentemente já selecionado. changedText=false não demonstra falha nem prova mudança de estado."
summary-historia-antiguidade-classica-o-mundo-romano,História,Antiguidade Clássica: o Mundo Romano,manter,nenhuma,RomanPower: representação central específica confrontada com o capítulo Antiguidade Clássica: o Mundo Romano.,"Inspeção visual da representação central: capturas light390/1440; checks DOM light/dark390/768/1440. Não certifica todos os painéis externos à captura nem aprovação editorial completa. | Movimento reduzido e efeitos mínimos; não verificado movimento completo, todos os recortes ou equivalência integral arrastar/clique/teclado. | Harness percorreu Explorar/Testar/Reconstruir; clicou primeiro botão visível, frequentemente já selecionado. changedText=false não demonstra falha nem prova mudança de estado."
summary-historia-alta-idade-media-e-feudalismo,História,Alta Idade Média e Feudalismo,manter,nenhuma,FeudalBonds: representação central específica confrontada com o capítulo Alta Idade Média e Feudalismo.,"Inspeção visual da representação central: capturas light390/1440; checks DOM light/dark390/768/1440. Não certifica todos os painéis externos à captura nem aprovação editorial completa. | Movimento reduzido e efeitos mínimos; não verificado movimento completo, todos os recortes ou equivalência integral arrastar/clique/teclado. | Harness percorreu Explorar/Testar/Reconstruir; clicou primeiro botão visível, frequentemente já selecionado. changedText=false não demonstra falha nem prova mudança de estado."
summary-historia-baixa-idade-media,História,Baixa Idade Média,manter,nenhuma,BlackDeath: representação central específica confrontada com o capítulo Baixa Idade Média.,"Inspeção visual da representação central: capturas light390/1440; checks DOM light/dark390/768/1440. Não certifica todos os painéis externos à captura nem aprovação editorial completa. | Movimento reduzido e efeitos mínimos; não verificado movimento completo, todos os recortes ou equivalência integral arrastar/clique/teclado. | Harness percorreu Explorar/Testar/Reconstruir; clicou primeiro botão visível, frequentemente já selecionado. changedText=false não demonstra falha nem prova mudança de estado."
summary-historia-a-primeira-globalizacao,História,A Primeira Globalização,manter,nenhuma,FirstGlobalization: representação central específica confrontada com o capítulo A Primeira Globalização.,"Inspeção visual da representação central: capturas light390/1440; checks DOM light/dark390/768/1440. Não certifica todos os painéis externos à captura nem aprovação editorial completa. | Movimento reduzido e efeitos mínimos; não verificado movimento completo, todos os recortes ou equivalência integral arrastar/clique/teclado. | Harness percorreu Explorar/Testar/Reconstruir; clicou primeiro botão visível, frequentemente já selecionado. changedText=false não demonstra falha nem prova mudança de estado."
summary-historia-america-espanhola,História,América Espanhola,manter,nenhuma,SpanishCastes: representação central específica confrontada com o capítulo América Espanhola.,"Inspeção visual da representação central: capturas light390/1440; checks DOM light/dark390/768/1440. Não certifica todos os painéis externos à captura nem aprovação editorial completa. | Movimento reduzido e efeitos mínimos; não verificado movimento completo, todos os recortes ou equivalência integral arrastar/clique/teclado. | Harness percorreu Explorar/Testar/Reconstruir; clicou primeiro botão visível, frequentemente já selecionado. changedText=false não demonstra falha nem prova mudança de estado."
summary-historia-vida-urbana-e-renascimento-cultural,História,Vida Urbana e Renascimento Cultural,manter,nenhuma,RenaissanceChain: representação central específica confrontada com o capítulo Vida Urbana e Renascimento Cultural.,"Inspeção visual da representação central: capturas light390/1440; checks DOM light/dark390/768/1440. Não certifica todos os painéis externos à captura nem aprovação editorial completa. | Movimento reduzido e efeitos mínimos; não verificado movimento completo, todos os recortes ou equivalência integral arrastar/clique/teclado. | Harness percorreu Explorar/Testar/Reconstruir; clicou primeiro botão visível, frequentemente já selecionado. changedText=false não demonstra falha nem prova mudança de estado."
summary-historia-reforma-religiosa,História,Reforma Religiosa,manter,nenhuma,ReformationDialectic: representação central específica confrontada com o capítulo Reforma Religiosa.,"Inspeção visual da representação central: capturas light390/1440; checks DOM light/dark390/768/1440. Não certifica todos os painéis externos à captura nem aprovação editorial completa. | Movimento reduzido e efeitos mínimos; não verificado movimento completo, todos os recortes ou equivalência integral arrastar/clique/teclado. | Harness percorreu Explorar/Testar/Reconstruir; clicou primeiro botão visível, frequentemente já selecionado. changedText=false não demonstra falha nem prova mudança de estado."
summary-historia-absolutismo,História,Absolutismo,manter,nenhuma,AbsolutismPaths: representação central específica confrontada com o capítulo Absolutismo.,"Inspeção visual da representação central: capturas light390/1440; checks DOM light/dark390/768/1440. Não certifica todos os painéis externos à captura nem aprovação editorial completa. | Movimento reduzido e efeitos mínimos; não verificado movimento completo, todos os recortes ou equivalência integral arrastar/clique/teclado. | Harness percorreu Explorar/Testar/Reconstruir; clicou primeiro botão visível, frequentemente já selecionado. changedText=false não demonstra falha nem prova mudança de estado."
summary-historia-revolucao-industrial,História,Revolução Industrial,manter,nenhuma,IndustrialRevolution: representação central específica confrontada com o capítulo Revolução Industrial.,"Inspeção visual da representação central: capturas light390/1440; checks DOM light/dark390/768/1440. Não certifica todos os painéis externos à captura nem aprovação editorial completa. | Movimento reduzido e efeitos mínimos; não verificado movimento completo, todos os recortes ou equivalência integral arrastar/clique/teclado. | Harness percorreu Explorar/Testar/Reconstruir; clicou primeiro botão visível, frequentemente já selecionado. changedText=false não demonstra falha nem prova mudança de estado."
summary-historia-iluminismo,História,Iluminismo,manter,nenhuma,EnlightenmentLamp: representação central específica confrontada com o capítulo Iluminismo.,"Inspeção visual da representação central: capturas light390/1440; checks DOM light/dark390/768/1440. Não certifica todos os painéis externos à captura nem aprovação editorial completa. | Movimento reduzido e efeitos mínimos; não verificado movimento completo, todos os recortes ou equivalência integral arrastar/clique/teclado. | Harness percorreu Explorar/Testar/Reconstruir; clicou primeiro botão visível, frequentemente já selecionado. changedText=false não demonstra falha nem prova mudança de estado."
summary-historia-revolucao-francesa,História,Revolução Francesa,manter,nenhuma,FrenchRevolution: representação central específica confrontada com o capítulo Revolução Francesa.,"Inspeção visual da representação central: capturas light390/1440; checks DOM light/dark390/768/1440. Não certifica todos os painéis externos à captura nem aprovação editorial completa. | Movimento reduzido e efeitos mínimos; não verificado movimento completo, todos os recortes ou equivalência integral arrastar/clique/teclado. | Harness percorreu Explorar/Testar/Reconstruir; clicou primeiro botão visível, frequentemente já selecionado. changedText=false não demonstra falha nem prova mudança de estado."
summary-historia-america-no-seculo-xix,História,América no Século XIX,manter,nenhuma,AmericasNineteenth: representação central específica confrontada com o capítulo América no Século XIX.,"Inspeção visual da representação central: capturas light390/1440; checks DOM light/dark390/768/1440. Não certifica todos os painéis externos à captura nem aprovação editorial completa. | Movimento reduzido e efeitos mínimos; não verificado movimento completo, todos os recortes ou equivalência integral arrastar/clique/teclado. | Harness percorreu Explorar/Testar/Reconstruir; clicou primeiro botão visível, frequentemente já selecionado. changedText=false não demonstra falha nem prova mudança de estado."
summary-historia-europa-no-seculo-xix,História,Europa no Século XIX,manter,nenhuma,WorkerRoads: representação central específica confrontada com o capítulo Europa no Século XIX.,"Inspeção visual da representação central: capturas light390/1440; checks DOM light/dark390/768/1440. Não certifica todos os painéis externos à captura nem aprovação editorial completa. | Movimento reduzido e efeitos mínimos; não verificado movimento completo, todos os recortes ou equivalência integral arrastar/clique/teclado. | Harness percorreu Explorar/Testar/Reconstruir; clicou primeiro botão visível, frequentemente já selecionado. changedText=false não demonstra falha nem prova mudança de estado."
summary-historia-imperialismo-e-belle-epoque,História,Imperialismo e Belle Époque,manter,nenhuma,ColonialRule: representação central específica confrontada com o capítulo Imperialismo e Belle Époque.,"Inspeção visual da representação central: capturas light390/1440; checks DOM light/dark390/768/1440. Não certifica todos os painéis externos à captura nem aprovação editorial completa. | Movimento reduzido e efeitos mínimos; não verificado movimento completo, todos os recortes ou equivalência integral arrastar/clique/teclado. | Harness percorreu Explorar/Testar/Reconstruir; clicou primeiro botão visível, frequentemente já selecionado. changedText=false não demonstra falha nem prova mudança de estado."
summary-historia-primeira-guerra-mundial-1914-1918,História,Primeira Guerra Mundial (1914-1918),manter,nenhuma,AllianceFuse: representação central específica confrontada com o capítulo Primeira Guerra Mundial (1914-1918).,"Inspeção visual da representação central: capturas light390/1440; checks DOM light/dark390/768/1440. Não certifica todos os painéis externos à captura nem aprovação editorial completa. | Movimento reduzido e efeitos mínimos; não verificado movimento completo, todos os recortes ou equivalência integral arrastar/clique/teclado. | Harness percorreu Explorar/Testar/Reconstruir; clicou primeiro botão visível, frequentemente já selecionado. changedText=false não demonstra falha nem prova mudança de estado."
summary-historia-grandes-revolucoes-do-seculo-xx,História,Grandes Revoluções do Século XX,manter,nenhuma,CenturyRevolutions: representação central específica confrontada com o capítulo Grandes Revoluções do Século XX.,"Inspeção visual da representação central: capturas light390/1440; checks DOM light/dark390/768/1440. Não certifica todos os painéis externos à captura nem aprovação editorial completa. | Movimento reduzido e efeitos mínimos; não verificado movimento completo, todos os recortes ou equivalência integral arrastar/clique/teclado. | Harness percorreu Explorar/Testar/Reconstruir; clicou primeiro botão visível, frequentemente já selecionado. changedText=false não demonstra falha nem prova mudança de estado."
summary-historia-o-periodo-entreguerras-1918-1939,História,O Período Entreguerras (1918-1939),manter,nenhuma,InterwarChain: representação central específica confrontada com o capítulo O Período Entreguerras (1918-1939).,"Inspeção visual da representação central: capturas light390/1440; checks DOM light/dark390/768/1440. Não certifica todos os painéis externos à captura nem aprovação editorial completa. | Movimento reduzido e efeitos mínimos; não verificado movimento completo, todos os recortes ou equivalência integral arrastar/clique/teclado. | Harness percorreu Explorar/Testar/Reconstruir; clicou primeiro botão visível, frequentemente já selecionado. changedText=false não demonstra falha nem prova mudança de estado."
summary-historia-o-nazismo-na-alemanha,História,O Nazismo na Alemanha,manter,nenhuma,DemocracyCracks: representação central específica confrontada com o capítulo O Nazismo na Alemanha.,"Inspeção visual da representação central: capturas light390/1440; checks DOM light/dark390/768/1440. Não certifica todos os painéis externos à captura nem aprovação editorial completa. | Movimento reduzido e efeitos mínimos; não verificado movimento completo, todos os recortes ou equivalência integral arrastar/clique/teclado. | Harness percorreu Explorar/Testar/Reconstruir; clicou primeiro botão visível, frequentemente já selecionado. changedText=false não demonstra falha nem prova mudança de estado."
summary-historia-segunda-guerra-mundial-1939-1945,História,Segunda Guerra Mundial (1939-1945),manter,nenhuma,WorldWarTwo: representação central específica confrontada com o capítulo Segunda Guerra Mundial (1939-1945).,"Inspeção visual da representação central: capturas light390/1440; checks DOM light/dark390/768/1440. Não certifica todos os painéis externos à captura nem aprovação editorial completa. | Movimento reduzido e efeitos mínimos; não verificado movimento completo, todos os recortes ou equivalência integral arrastar/clique/teclado. | Harness percorreu Explorar/Testar/Reconstruir; clicou primeiro botão visível, frequentemente já selecionado. changedText=false não demonstra falha nem prova mudança de estado."
summary-historia-guerra-fria,História,Guerra Fria,manter,nenhuma,ColdWar: representação central específica confrontada com o capítulo Guerra Fria.,"Inspeção visual da representação central: capturas light390/1440; checks DOM light/dark390/768/1440. Não certifica todos os painéis externos à captura nem aprovação editorial completa. | Movimento reduzido e efeitos mínimos; não verificado movimento completo, todos os recortes ou equivalência integral arrastar/clique/teclado. | Harness percorreu Explorar/Testar/Reconstruir; clicou primeiro botão visível, frequentemente já selecionado. changedText=false não demonstra falha nem prova mudança de estado."
summary-historia-descolonizacao-afro-asiatica,História,Descolonização Afro-Asiática,manter,nenhuma,Decolonization: representação central específica confrontada com o capítulo Descolonização Afro-Asiática.,"Inspeção visual da representação central: capturas light390/1440; checks DOM light/dark390/768/1440. Não certifica todos os painéis externos à captura nem aprovação editorial completa. | Movimento reduzido e efeitos mínimos; não verificado movimento completo, todos os recortes ou equivalência integral arrastar/clique/teclado. | Harness percorreu Explorar/Testar/Reconstruir; clicou primeiro botão visível, frequentemente já selecionado. changedText=false não demonstra falha nem prova mudança de estado."
summary-historia-america-latina-no-seculo-xx,História,América Latina no Século XX,manter,nenhuma,LatinAmericaTwentieth: representação central específica confrontada com o capítulo América Latina no Século XX.,"Inspeção visual da representação central: capturas light390/1440; checks DOM light/dark390/768/1440. Não certifica todos os painéis externos à captura nem aprovação editorial completa. | Movimento reduzido e efeitos mínimos; não verificado movimento completo, todos os recortes ou equivalência integral arrastar/clique/teclado. | Harness percorreu Explorar/Testar/Reconstruir; clicou primeiro botão visível, frequentemente já selecionado. changedText=false não demonstra falha nem prova mudança de estado."
summary-historia-o-fim-da-guerra-fria,História,O Fim da Guerra Fria,manter,nenhuma,ColdWarEnd: representação central específica confrontada com o capítulo O Fim da Guerra Fria.,"Inspeção visual da representação central: capturas light390/1440; checks DOM light/dark390/768/1440. Não certifica todos os painéis externos à captura nem aprovação editorial completa. | Movimento reduzido e efeitos mínimos; não verificado movimento completo, todos os recortes ou equivalência integral arrastar/clique/teclado. | Harness percorreu Explorar/Testar/Reconstruir; clicou primeiro botão visível, frequentemente já selecionado. changedText=false não demonstra falha nem prova mudança de estado."
summary-historia-a-historia-e-o-brasil,História,A História e o Brasil,manter,nenhuma,NarratorBeam: representação central específica confrontada com o capítulo A História e o Brasil.,"Inspeção visual da representação central: capturas light390/1440; checks DOM light/dark390/768/1440. Não certifica todos os painéis externos à captura nem aprovação editorial completa. | Movimento reduzido e efeitos mínimos; não verificado movimento completo, todos os recortes ou equivalência integral arrastar/clique/teclado. | Harness percorreu Explorar/Testar/Reconstruir; clicou primeiro botão visível, frequentemente já selecionado. changedText=false não demonstra falha nem prova mudança de estado."
summary-historia-grandes-navegacoes-e-conquista-colonial,História,Grandes Navegações e Conquista Colonial,manter,nenhuma,Navigations: representação central específica confrontada com o capítulo Grandes Navegações e Conquista Colonial.,"Inspeção visual da representação central: capturas light390/1440; checks DOM light/dark390/768/1440. Não certifica todos os painéis externos à captura nem aprovação editorial completa. | Movimento reduzido e efeitos mínimos; não verificado movimento completo, todos os recortes ou equivalência integral arrastar/clique/teclado. | Harness percorreu Explorar/Testar/Reconstruir; clicou primeiro botão visível, frequentemente já selecionado. changedText=false não demonstra falha nem prova mudança de estado."
summary-historia-a-montagem-da-colonizacao,História,A Montagem da Colonização,manter,nenhuma,Colonization: representação central específica confrontada com o capítulo A Montagem da Colonização.,"Inspeção visual da representação central: capturas light390/1440; checks DOM light/dark390/768/1440. Não certifica todos os painéis externos à captura nem aprovação editorial completa. | Movimento reduzido e efeitos mínimos; não verificado movimento completo, todos os recortes ou equivalência integral arrastar/clique/teclado. | Harness percorreu Explorar/Testar/Reconstruir; clicou primeiro botão visível, frequentemente já selecionado. changedText=false não demonstra falha nem prova mudança de estado."
summary-historia-dinamica-interna-da-colonizacao,História,Dinâmica Interna da Colonização,ajustar,media,EngenhoScene: representação central específica confrontada com o capítulo Dinâmica Interna da Colonização. | Rótulos essenciais e ressalva historiográfica ficam muito pequenos no celular; ampliar tipografia ou oferecer navegação espacial sem reduzir o desenho inteiro.,"Inspeção visual da representação central: capturas light390/1440; checks DOM light/dark390/768/1440. Não certifica todos os painéis externos à captura nem aprovação editorial completa. | Movimento reduzido e efeitos mínimos; não verificado movimento completo, todos os recortes ou equivalência integral arrastar/clique/teclado. | Harness percorreu Explorar/Testar/Reconstruir; clicou primeiro botão visível, frequentemente já selecionado. changedText=false não demonstra falha nem prova mudança de estado."
summary-historia-disputas-europeias-no-brasil-colonial,História,Disputas Europeias no Brasil Colonial,manter,nenhuma,ColonialDisputes: representação central específica confrontada com o capítulo Disputas Europeias no Brasil Colonial.,"Inspeção visual da representação central: capturas light390/1440; checks DOM light/dark390/768/1440. Não certifica todos os painéis externos à captura nem aprovação editorial completa. | Movimento reduzido e efeitos mínimos; não verificado movimento completo, todos os recortes ou equivalência integral arrastar/clique/teclado. | Harness percorreu Explorar/Testar/Reconstruir; clicou primeiro botão visível, frequentemente já selecionado. changedText=false não demonstra falha nem prova mudança de estado."
summary-historia-a-interiorizacao-da-colonizacao,História,A Interiorização da Colonização,manter,nenhuma,InteriorizationScene: representação central específica confrontada com o capítulo A Interiorização da Colonização.,"Inspeção visual da representação central: capturas light390/1440; checks DOM light/dark390/768/1440. Não certifica todos os painéis externos à captura nem aprovação editorial completa. | Movimento reduzido e efeitos mínimos; não verificado movimento completo, todos os recortes ou equivalência integral arrastar/clique/teclado. | Harness percorreu Explorar/Testar/Reconstruir; clicou primeiro botão visível, frequentemente já selecionado. changedText=false não demonstra falha nem prova mudança de estado."
summary-historia-a-mineracao-no-brasil-colonial,História,A Mineração no Brasil Colonial,ajustar,baixa,MiningColonyScene: representação central específica confrontada com o capítulo A Mineração no Brasil Colonial. | A placa CASA DE FUNDIÇÃO é ilegível no tamanho móvel. A relação do quinto continua clara; ampliar a identificação do edifício.,"Inspeção visual da representação central: capturas light390/1440; checks DOM light/dark390/768/1440. Não certifica todos os painéis externos à captura nem aprovação editorial completa. | Movimento reduzido e efeitos mínimos; não verificado movimento completo, todos os recortes ou equivalência integral arrastar/clique/teclado. | Harness percorreu Explorar/Testar/Reconstruir; clicou primeiro botão visível, frequentemente já selecionado. changedText=false não demonstra falha nem prova mudança de estado."
summary-historia-a-crise-do-antigo-sistema-colonial,História,A Crise do Antigo Sistema Colonial,manter,nenhuma,ColonialRevolts: representação central específica confrontada com o capítulo A Crise do Antigo Sistema Colonial.,"Inspeção visual da representação central: capturas light390/1440; checks DOM light/dark390/768/1440. Não certifica todos os painéis externos à captura nem aprovação editorial completa. | Movimento reduzido e efeitos mínimos; não verificado movimento completo, todos os recortes ou equivalência integral arrastar/clique/teclado. | Harness percorreu Explorar/Testar/Reconstruir; clicou primeiro botão visível, frequentemente já selecionado. changedText=false não demonstra falha nem prova mudança de estado."
summary-historia-a-independencia-do-brasil,História,A Independência do Brasil,ajustar,alta,"IndependenceBoard: representação central específica confrontada com o capítulo A Independência do Brasil. | A prancha alarga a página no celular/tablet; a viewport interna planejada cresce junto do SVG, em vez de limitar a largura. Impor min-width:0 nos ancestrais/flex items e conter a largura da prancha para manter o pan somente interno.","Inspeção visual da representação central: capturas light390/1440; checks DOM light/dark390/768/1440. Não certifica todos os painéis externos à captura nem aprovação editorial completa. | Movimento reduzido e efeitos mínimos; não verificado movimento completo, todos os recortes ou equivalência integral arrastar/clique/teclado. | Harness percorreu Explorar/Testar/Reconstruir; clicou primeiro botão visível, frequentemente já selecionado. changedText=false não demonstra falha nem prova mudança de estado."
summary-historia-brasil-imperio-formacao-do-estado-nacional-brasileiro,História,Brasil Império: Formação do Estado Nacional Brasileiro,manter,nenhuma,StateFormation: representação central específica confrontada com o capítulo Brasil Império: Formação do Estado Nacional Brasileiro.,"Inspeção visual da representação central: capturas light390/1440; checks DOM light/dark390/768/1440. Não certifica todos os painéis externos à captura nem aprovação editorial completa. | Movimento reduzido e efeitos mínimos; não verificado movimento completo, todos os recortes ou equivalência integral arrastar/clique/teclado. | Harness percorreu Explorar/Testar/Reconstruir; clicou primeiro botão visível, frequentemente já selecionado. changedText=false não demonstra falha nem prova mudança de estado."
summary-historia-brasil-imperio-o-periodo-regencial-1831-1840,História,Brasil Império: o Período Regencial (1831-1840),manter,nenhuma,RegencyRevolts: representação central específica confrontada com o capítulo Brasil Império: o Período Regencial (1831-1840).,"Inspeção visual da representação central: capturas light390/1440; checks DOM light/dark390/768/1440. Não certifica todos os painéis externos à captura nem aprovação editorial completa. | Movimento reduzido e efeitos mínimos; não verificado movimento completo, todos os recortes ou equivalência integral arrastar/clique/teclado. | Harness percorreu Explorar/Testar/Reconstruir; clicou primeiro botão visível, frequentemente já selecionado. changedText=false não demonstra falha nem prova mudança de estado."
summary-historia-brasil-imperio-segundo-reinado-1840-1889,História,Brasil Império: Segundo Reinado (1840-1889),manter,nenhuma,SegundoReinado: representação central específica confrontada com o capítulo Brasil Império: Segundo Reinado (1840-1889).,"Inspeção visual da representação central: capturas light390/1440; checks DOM light/dark390/768/1440. Não certifica todos os painéis externos à captura nem aprovação editorial completa. | Movimento reduzido e efeitos mínimos; não verificado movimento completo, todos os recortes ou equivalência integral arrastar/clique/teclado. | Harness percorreu Explorar/Testar/Reconstruir; clicou primeiro botão visível, frequentemente já selecionado. changedText=false não demonstra falha nem prova mudança de estado."
summary-historia-brasil-imperio-o-declinio-do-segundo-reinado,História,Brasil Império: o Declínio do Segundo Reinado,manter,nenhuma,EmpireDecline: representação central específica confrontada com o capítulo Brasil Império: o Declínio do Segundo Reinado.,"Inspeção visual da representação central: capturas light390/1440; checks DOM light/dark390/768/1440. Não certifica todos os painéis externos à captura nem aprovação editorial completa. | Movimento reduzido e efeitos mínimos; não verificado movimento completo, todos os recortes ou equivalência integral arrastar/clique/teclado. | Harness percorreu Explorar/Testar/Reconstruir; clicou primeiro botão visível, frequentemente já selecionado. changedText=false não demonstra falha nem prova mudança de estado."
summary-historia-a-republica-da-espada,História,A República da Espada,manter,nenhuma,RepublicaEspada: representação central específica confrontada com o capítulo A República da Espada.,"Inspeção visual da representação central: capturas light390/1440; checks DOM light/dark390/768/1440. Não certifica todos os painéis externos à captura nem aprovação editorial completa. | Movimento reduzido e efeitos mínimos; não verificado movimento completo, todos os recortes ou equivalência integral arrastar/clique/teclado. | Harness percorreu Explorar/Testar/Reconstruir; clicou primeiro botão visível, frequentemente já selecionado. changedText=false não demonstra falha nem prova mudança de estado."
summary-historia-ascensao-e-dominio-das-oligarquias,História,Ascensão e Domínio das Oligarquias,manter,nenhuma,OligarchyPyramid: representação central específica confrontada com o capítulo Ascensão e Domínio das Oligarquias.,"Inspeção visual da representação central: capturas light390/1440; checks DOM light/dark390/768/1440. Não certifica todos os painéis externos à captura nem aprovação editorial completa. | Movimento reduzido e efeitos mínimos; não verificado movimento completo, todos os recortes ou equivalência integral arrastar/clique/teclado. | Harness percorreu Explorar/Testar/Reconstruir; clicou primeiro botão visível, frequentemente já selecionado. changedText=false não demonstra falha nem prova mudança de estado."
summary-historia-a-primeira-republica-o-declinio-oligarquico-1889-1930,História,A Primeira República: o Declínio Oligárquico (1889-1930),manter,nenhuma,OligarchicDecline: representação central específica confrontada com o capítulo A Primeira República: o Declínio Oligárquico (1889-1930).,"Inspeção visual da representação central: capturas light390/1440; checks DOM light/dark390/768/1440. Não certifica todos os painéis externos à captura nem aprovação editorial completa. | Movimento reduzido e efeitos mínimos; não verificado movimento completo, todos os recortes ou equivalência integral arrastar/clique/teclado. | Harness percorreu Explorar/Testar/Reconstruir; clicou primeiro botão visível, frequentemente já selecionado. changedText=false não demonstra falha nem prova mudança de estado."
summary-historia-a-era-vargas,História,A Era Vargas,manter,nenhuma,ProvisionalRoad: representação central específica confrontada com o capítulo A Era Vargas.,"Inspeção visual da representação central: capturas light390/1440; checks DOM light/dark390/768/1440. Não certifica todos os painéis externos à captura nem aprovação editorial completa. | Movimento reduzido e efeitos mínimos; não verificado movimento completo, todos os recortes ou equivalência integral arrastar/clique/teclado. | Harness percorreu Explorar/Testar/Reconstruir; clicou primeiro botão visível, frequentemente já selecionado. changedText=false não demonstra falha nem prova mudança de estado."
summary-historia-a-era-vargas-o-governo-constitucional-1934-1937,História,A Era Vargas: o Governo Constitucional (1934-1937),manter,nenhuma,CohenEscalation: representação central específica confrontada com o capítulo A Era Vargas: o Governo Constitucional (1934-1937).,"Inspeção visual da representação central: capturas light390/1440; checks DOM light/dark390/768/1440. Não certifica todos os painéis externos à captura nem aprovação editorial completa. | Movimento reduzido e efeitos mínimos; não verificado movimento completo, todos os recortes ou equivalência integral arrastar/clique/teclado. | Harness percorreu Explorar/Testar/Reconstruir; clicou primeiro botão visível, frequentemente já selecionado. changedText=false não demonstra falha nem prova mudança de estado."
summary-historia-a-era-vargas-o-estado-novo,História,A Era Vargas: o Estado Novo,manter,nenhuma,WarMirror: representação central específica confrontada com o capítulo A Era Vargas: o Estado Novo.,"Inspeção visual da representação central: capturas light390/1440; checks DOM light/dark390/768/1440. Não certifica todos os painéis externos à captura nem aprovação editorial completa. | Movimento reduzido e efeitos mínimos; não verificado movimento completo, todos os recortes ou equivalência integral arrastar/clique/teclado. | Harness percorreu Explorar/Testar/Reconstruir; clicou primeiro botão visível, frequentemente já selecionado. changedText=false não demonstra falha nem prova mudança de estado."
summary-historia-republica-liberal-1945-1964-democracia-em-tempos-de-guerra-fria,História,República Liberal (1945-1964): Democracia em Tempos de Guerra Fria,manter,nenhuma,DemocraciaGuerraFria: representação central específica confrontada com o capítulo República Liberal (1945-1964): Democracia em Tempos de Guerra Fria.,"Inspeção visual da representação central: capturas light390/1440; checks DOM light/dark390/768/1440. Não certifica todos os painéis externos à captura nem aprovação editorial completa. | Movimento reduzido e efeitos mínimos; não verificado movimento completo, todos os recortes ou equivalência integral arrastar/clique/teclado. | Harness percorreu Explorar/Testar/Reconstruir; clicou primeiro botão visível, frequentemente já selecionado. changedText=false não demonstra falha nem prova mudança de estado."
summary-historia-republica-liberal-1945-1964-desenvolvimentismo-e-populismo,História,República Liberal (1945-1964): Desenvolvimentismo e Populismo,manter,nenhuma,Desenvolvimentismo: representação central específica confrontada com o capítulo República Liberal (1945-1964): Desenvolvimentismo e Populismo.,"Inspeção visual da representação central: capturas light390/1440; checks DOM light/dark390/768/1440. Não certifica todos os painéis externos à captura nem aprovação editorial completa. | Movimento reduzido e efeitos mínimos; não verificado movimento completo, todos os recortes ou equivalência integral arrastar/clique/teclado. | Harness percorreu Explorar/Testar/Reconstruir; clicou primeiro botão visível, frequentemente já selecionado. changedText=false não demonstra falha nem prova mudança de estado."
summary-historia-regime-militar-1964-1985-i,História,Regime Militar (1964-1985) I,manter,nenhuma,RegimeMilitarI: representação central específica confrontada com o capítulo Regime Militar (1964-1985) I.,"Inspeção visual da representação central: capturas light390/1440; checks DOM light/dark390/768/1440. Não certifica todos os painéis externos à captura nem aprovação editorial completa. | Movimento reduzido e efeitos mínimos; não verificado movimento completo, todos os recortes ou equivalência integral arrastar/clique/teclado. | Harness percorreu Explorar/Testar/Reconstruir; clicou primeiro botão visível, frequentemente já selecionado. changedText=false não demonstra falha nem prova mudança de estado."
summary-historia-regime-militar-1964-1985-ii,História,Regime Militar (1964-1985) II,manter,nenhuma,RegimeMilitarII: representação central específica confrontada com o capítulo Regime Militar (1964-1985) II.,"Inspeção visual da representação central: capturas light390/1440; checks DOM light/dark390/768/1440. Não certifica todos os painéis externos à captura nem aprovação editorial completa. | Movimento reduzido e efeitos mínimos; não verificado movimento completo, todos os recortes ou equivalência integral arrastar/clique/teclado. | Harness percorreu Explorar/Testar/Reconstruir; clicou primeiro botão visível, frequentemente já selecionado. changedText=false não demonstra falha nem prova mudança de estado."
summary-historia-o-brasil-atual,História,O Brasil Atual,manter,nenhuma,InequalityGate: representação central específica confrontada com o capítulo O Brasil Atual.,"Inspeção visual da representação central: capturas light390/1440; checks DOM light/dark390/768/1440. Não certifica todos os painéis externos à captura nem aprovação editorial completa. | Movimento reduzido e efeitos mínimos; não verificado movimento completo, todos os recortes ou equivalência integral arrastar/clique/teclado. | Harness percorreu Explorar/Testar/Reconstruir; clicou primeiro botão visível, frequentemente já selecionado. changedText=false não demonstra falha nem prova mudança de estado."
geo-bonus-demografico,Geografia,Transição e bônus demográfico,ajustar,media,"LaborSectors: representação central específica confrontada com o capítulo Transição e bônus demográfico. | A prancha autoral LaborSectors explica deslocamento da mão de obra entre setores econômicos, fiel ao tópico Estrutura Ativa da População. O título Transição e bônus demográfico anuncia outro mecanismo. Conciliar título e conteúdo/recorte; não há evidência de cena genérica.","Inspeção visual da representação central: capturas light390/1440; checks DOM light/dark390/768/1440. Não certifica todos os painéis externos à captura nem aprovação editorial completa. | Movimento reduzido e efeitos mínimos; não verificado movimento completo, todos os recortes ou equivalência integral arrastar/clique/teclado. | Harness percorreu Explorar/Testar/Reconstruir; clicou primeiro botão visível, frequentemente já selecionado. changedText=false não demonstra falha nem prova mudança de estado."
atu-cop30-belem,Atualidades,"COP30 em Belém: avanços, limites e leitura de prova",redesenhar,alta,"O dossiê separa registro/contexto/avaliação, distinção útil à leitura da COP30. A imagem central contém somente três folhas com linhas, sem Belém, atores, decisões, limites ou vínculos entre eles. Inserir evidências datadas e relações do caso; não basta renomear folhas genéricas.","Capturas centrais claras de 390/1440; tablet e tema escuro medidos no navegador sem inspeção visual de todos os recortes. | Movimento reduzido e efeitos mínimos; não verificados todos os estados/animações, zoom/pan ou arrastar/teclado. | Sem aprovação editorial; ausência de overflow não equivale a cena fiel."
summary-redacao-a-dissertacao-no-vestibular-mitos-e-verdades,Redação,A Dissertação no Vestibular: Mitos e Verdades,redesenhar,alta,O conteúdo pede comparação de exigências reais de ENEM/Fuvest/Unicamp; os três cartões MITO 1/MITO 2/BANCAS não tornam visível qual regra muda. O desenho deve mostrar o efeito da decisão sobre um exemplo textual concreto.,"Capturas centrais claras de 390/1440; tablet e tema escuro medidos no navegador sem inspeção visual de todos os recortes. | Movimento reduzido e efeitos mínimos; não verificados todos os estados/animações, zoom/pan ou arrastar/teclado. | Sem aprovação editorial; ausência de overflow não equivale a cena fiel."
summary-redacao-o-que-se-avalia-na-dissertacao-competencias-e-habilidades,Redação,O que se Avalia na Dissertação: Competências e Habilidades,ajustar,media,"O conteúdo pede pontuação 0–200 e equilíbrio entre as cinco competências; o destaque só percorre cartões C1–C5. O desenho deve mostrar o efeito da decisão sobre um exemplo textual concreto. | Harness detecta rolagem horizontal da página em 390 px nos dois temas. Validação dirigida confirma scrollWidth 392 px para viewport de 390 px, prancha/jornada com borda direita em 392,22 px. É extravasamento pequeno mas real; os cartões seguintes em carrosséis locais fora do viewport não são todos bugs. Corrigir a contenção do layout sem atribuir isso ao rodapé recortado na captura.","Capturas centrais claras de 390/1440; tablet e tema escuro medidos no navegador sem inspeção visual de todos os recortes. | Movimento reduzido e efeitos mínimos; não verificados todos os estados/animações, zoom/pan ou arrastar/teclado. | Sem aprovação editorial; ausência de overflow não equivale a cena fiel."
summary-redacao-organizando-as-ideias-brainstorm-e-mind-maps,Redação,Organizando as Ideias: Brainstorm e Mind Maps,ajustar,media,O conteúdo pede eliminação das ideias irrelevantes e ordenação dos argumentos; na imagem os quatro ramos causa/recorte/efeito/ação permanecem juntos. O desenho deve mostrar o efeito da decisão sobre um exemplo textual concreto.,"Capturas centrais claras de 390/1440; tablet e tema escuro medidos no navegador sem inspeção visual de todos os recortes. | Movimento reduzido e efeitos mínimos; não verificados todos os estados/animações, zoom/pan ou arrastar/teclado. | Sem aprovação editorial; ausência de overflow não equivale a cena fiel."
summary-redacao-projeto-de-texto-em-favor-da-progressao-textual,Redação,Projeto de Texto em Favor da Progressão Textual,ajustar,media,"O exemplo de mobilidade encadeia tese, argumento, análise e retomada com funções diferentes, pertinente à progressão. A experiência ainda é uma lista de parágrafos cujo controle muda destaque; mostrar visualmente relações de causalidade e diferença entre repetição e avanço.","Capturas centrais claras de 390/1440; tablet e tema escuro medidos no navegador sem inspeção visual de todos os recortes. | Movimento reduzido e efeitos mínimos; não verificados todos os estados/animações, zoom/pan ou arrastar/teclado. | Sem aprovação editorial; ausência de overflow não equivale a cena fiel."
summary-redacao-repertorio-o-diferencial-de-redacoes-de-sucesso,Redação,Repertório: o Diferencial de Redações de Sucesso,ajustar,media,"A ponte referência→tese é pertinente ao repertório produtivo, mas as duas caixas não trazem referência concreta nem o argumento antes/depois. Mostrar transformação textual verificável conforme O que conta como repertório; Repertório produtivo x decorativo; Como construir.","Capturas centrais claras de 390/1440; tablet e tema escuro medidos no navegador sem inspeção visual de todos os recortes. | Movimento reduzido e efeitos mínimos; não verificados todos os estados/animações, zoom/pan ou arrastar/teclado. | Sem aprovação editorial; ausência de overflow não equivale a cena fiel."
summary-redacao-qual-sera-o-tema-deste-ano-grandes-eixos-tematicos,Redação,Qual Será o Tema deste Ano: Grandes Eixos Temáticos,redesenhar,alta,O conteúdo pede passagem concreta de um eixo (por exemplo educação) para recorte e tensão discutível; círculos sociedade/problema/recorte não mostram a transformação textual. O desenho deve mostrar o efeito da decisão sobre um exemplo textual concreto.,"Capturas centrais claras de 390/1440; tablet e tema escuro medidos no navegador sem inspeção visual de todos os recortes. | Movimento reduzido e efeitos mínimos; não verificados todos os estados/animações, zoom/pan ou arrastar/teclado. | Sem aprovação editorial; ausência de overflow não equivale a cena fiel."
summary-redacao-diferentes-graus-de-adequacao-a-proposta,Redação,Diferentes Graus de Adequação à Proposta,redesenhar,alta,"O conteúdo pede comparar frases de fuga, tangenciamento e resposta ao núcleo da proposta; círculos EIXO/RECORTE/RESPOSTA exibem escala mas não demonstram o atendimento ao comando. O desenho deve mostrar o efeito da decisão sobre um exemplo textual concreto.","Capturas centrais claras de 390/1440; tablet e tema escuro medidos no navegador sem inspeção visual de todos os recortes. | Movimento reduzido e efeitos mínimos; não verificados todos os estados/animações, zoom/pan ou arrastar/teclado. | Sem aprovação editorial; ausência de overflow não equivale a cena fiel."
summary-redacao-tangenciamento-e-fuga-a-fronteira-do-tema,Redação,Tangenciamento e Fuga: a Fronteira do Tema,redesenhar,alta,O conteúdo pede fronteira entre texto relacionado ao eixo e texto que responde ao tema; círculos concêntricos não mostram onde uma tese perde o núcleo pedido. O desenho deve mostrar o efeito da decisão sobre um exemplo textual concreto.,"Capturas centrais claras de 390/1440; tablet e tema escuro medidos no navegador sem inspeção visual de todos os recortes. | Movimento reduzido e efeitos mínimos; não verificados todos os estados/animações, zoom/pan ou arrastar/teclado. | Sem aprovação editorial; ausência de overflow não equivale a cena fiel."
summary-redacao-generos-e-sua-relacao-com-a-estrutura-do-texto,Redação,Gêneros e sua Relação com a Estrutura do Texto,redesenhar,alta,"O conteúdo pede mudança de estrutura e voz entre carta, artigo e dissertação; quem lê/voz/função/efeito apenas nomeia os fatores. O desenho deve mostrar o efeito da decisão sobre um exemplo textual concreto.","Capturas centrais claras de 390/1440; tablet e tema escuro medidos no navegador sem inspeção visual de todos os recortes. | Movimento reduzido e efeitos mínimos; não verificados todos os estados/animações, zoom/pan ou arrastar/teclado. | Sem aprovação editorial; ausência de overflow não equivale a cena fiel."
summary-redacao-estrutura-classica-do-texto-dissertativo,Redação,Estrutura Clássica do Texto Dissertativo,redesenhar,alta,"O conteúdo pede introdução → desenvolvimento → conclusão com funções e ligação à tese; a cena usa quem lê/voz/função/efeito, esquema de gênero sem os três blocos da dissertação. O desenho deve mostrar o efeito da decisão sobre um exemplo textual concreto.","Capturas centrais claras de 390/1440; tablet e tema escuro medidos no navegador sem inspeção visual de todos os recortes. | Movimento reduzido e efeitos mínimos; não verificados todos os estados/animações, zoom/pan ou arrastar/teclado. | Sem aprovação editorial; ausência de overflow não equivale a cena fiel."
summary-redacao-lendo-a-coletanea-a-apreensao-de-sentidos-i,Redação,Lendo a Coletânea: a Apreensão de Sentidos I,redesenhar,alta,O conteúdo pede comparação de convergência/divergência entre textos da coletânea; fonte A → leitura → texto omite uma segunda fonte e seus sentidos. O desenho deve mostrar o efeito da decisão sobre um exemplo textual concreto.,"Capturas centrais claras de 390/1440; tablet e tema escuro medidos no navegador sem inspeção visual de todos os recortes. | Movimento reduzido e efeitos mínimos; não verificados todos os estados/animações, zoom/pan ou arrastar/teclado. | Sem aprovação editorial; ausência de overflow não equivale a cena fiel."
summary-redacao-lendo-a-coletanea-a-apreensao-de-sentidos-ii,Redação,Lendo a Coletânea: a Apreensão de Sentidos II,redesenhar,alta,"O conteúdo pede leitura de gráfico/imagem com fonte, eixo, escala e inferência; três folhas fonte A/leitura/texto não mostram o material não verbal nem distorções de dados. O desenho deve mostrar o efeito da decisão sobre um exemplo textual concreto.","Capturas centrais claras de 390/1440; tablet e tema escuro medidos no navegador sem inspeção visual de todos os recortes. | Movimento reduzido e efeitos mínimos; não verificados todos os estados/animações, zoom/pan ou arrastar/teclado. | Sem aprovação editorial; ausência de overflow não equivale a cena fiel."
summary-redacao-lendo-a-coletanea-a-compreensao-e-o-texto-autoral-i,Redação,Lendo a Coletânea: a Compreensão e o Texto Autoral I,redesenhar,alta,"O conteúdo pede diferença observável entre copiar, reformular e construir argumento próprio; as três folhas contêm linhas sem palavras a comparar. O desenho deve mostrar o efeito da decisão sobre um exemplo textual concreto.","Capturas centrais claras de 390/1440; tablet e tema escuro medidos no navegador sem inspeção visual de todos os recortes. | Movimento reduzido e efeitos mínimos; não verificados todos os estados/animações, zoom/pan ou arrastar/teclado. | Sem aprovação editorial; ausência de overflow não equivale a cena fiel."
summary-redacao-lendo-a-coletanea-a-compreensao-e-o-texto-autoral-ii,Redação,Lendo a Coletânea: a Compreensão e o Texto Autoral II,redesenhar,alta,"O conteúdo pede concordância crítica, ressalva e repertório externo aplicados a trecho real; fonte A/leitura/texto não mostra esse diálogo. O desenho deve mostrar o efeito da decisão sobre um exemplo textual concreto.","Capturas centrais claras de 390/1440; tablet e tema escuro medidos no navegador sem inspeção visual de todos os recortes. | Movimento reduzido e efeitos mínimos; não verificados todos os estados/animações, zoom/pan ou arrastar/teclado. | Sem aprovação editorial; ausência de overflow não equivale a cena fiel."
summary-redacao-incrementando-o-repertorio-meio-ambiente,Redação,Incrementando o Repertório: Meio Ambiente,redesenhar,alta,"A cena reutiliza LENTE→TESE ou EIXO→TESE e troca o pequeno ícone de domínio. Para Incrementando o Repertório: Meio Ambiente, a fonte desenvolve Conceitos-chave; Marcos e dados; Recortes prováveis: Para temas ambientais, valem conceitos como desenvolvimento sustentável, externalidade negativa, tragédia dos comuns, justiça ambiental, pegada ecológica, responsabilidades comuns porém diferenciadas e economia circular. Cada um permite analisar o problema por um ângulo distinto . O tema específico não organiza o desenho e a decisão textual fica em rótulo/comentário. Mostrar exemplo de tese, referência, causa ou intervenção desse domínio e seu vínculo.","Capturas centrais claras de 390/1440; tablet e tema escuro medidos no navegador sem inspeção visual de todos os recortes. | Movimento reduzido e efeitos mínimos; não verificados todos os estados/animações, zoom/pan ou arrastar/teclado. | Sem aprovação editorial; ausência de overflow não equivale a cena fiel."
summary-redacao-analisando-tema-de-redacao-meio-ambiente,Redação,Analisando Tema de Redação: Meio Ambiente,redesenhar,alta,"A cena reutiliza LENTE→TESE ou EIXO→TESE e troca o pequeno ícone de domínio. Para Analisando Tema de Redação: Meio Ambiente, a fonte desenvolve Lendo a proposta; Montando os argumentos; Intervenção: Diante de uma proposta ambiental, identifique se o recorte é o problema, a solução ou o conflito entre interesses. Um tema sobre descarte de eletrônicos pede análise de consumo, obsolescência e logística reversa; um tema sobre crise hídrica pede gestão, desigualdade de acesso e u. O tema específico não organiza o desenho e a decisão textual fica em rótulo/comentário. Mostrar exemplo de tese, referência, causa ou intervenção desse domínio e seu vínculo.","Capturas centrais claras de 390/1440; tablet e tema escuro medidos no navegador sem inspeção visual de todos os recortes. | Movimento reduzido e efeitos mínimos; não verificados todos os estados/animações, zoom/pan ou arrastar/teclado. | Sem aprovação editorial; ausência de overflow não equivale a cena fiel."
summary-redacao-incrementando-o-repertorio-educacao-e-trabalho,Redação,Incrementando o Repertório: Educação e Trabalho,redesenhar,alta,"A cena reutiliza LENTE→TESE ou EIXO→TESE e troca o pequeno ícone de domínio. Para Incrementando o Repertório: Educação e Trabalho, a fonte desenvolve Conceitos-chave; Dados e marcos; Recortes prováveis: São úteis capital cultural de Bourdieu, para explicar como a origem social afeta o desempenho escolar; meritocracia e sua crítica; educação bancária e educação libertadora, de Paulo Freire; qualificação e requalificação profissional; e informalidade e precarização, para conectar . O tema específico não organiza o desenho e a decisão textual fica em rótulo/comentário. Mostrar exemplo de tese, referência, causa ou intervenção desse domínio e seu vínculo.","Capturas centrais claras de 390/1440; tablet e tema escuro medidos no navegador sem inspeção visual de todos os recortes. | Movimento reduzido e efeitos mínimos; não verificados todos os estados/animações, zoom/pan ou arrastar/teclado. | Sem aprovação editorial; ausência de overflow não equivale a cena fiel."
summary-redacao-analisando-tema-de-redacao-educacao-e-trabalho,Redação,Analisando Tema de Redação: Educação e Trabalho,redesenhar,alta,"A cena reutiliza LENTE→TESE ou EIXO→TESE e troca o pequeno ícone de domínio. Para Analisando Tema de Redação: Educação e Trabalho, a fonte desenvolve Delimitando o problema; Estrutura de argumentos; Intervenção: Num tema sobre evasão escolar, o problema não é a escola em geral, e sim os fatores que levam à saída antes da conclusão: necessidade de trabalhar, gravidez, distância, violência, desinteresse ligado a currículo, e falhas na permanência. Nomear o fator escolhido é o que dá foco a. O tema específico não organiza o desenho e a decisão textual fica em rótulo/comentário. Mostrar exemplo de tese, referência, causa ou intervenção desse domínio e seu vínculo.","Capturas centrais claras de 390/1440; tablet e tema escuro medidos no navegador sem inspeção visual de todos os recortes. | Movimento reduzido e efeitos mínimos; não verificados todos os estados/animações, zoom/pan ou arrastar/teclado. | Sem aprovação editorial; ausência de overflow não equivale a cena fiel."
summary-redacao-incrementando-o-repertorio-temas-abstratos,Redação,Incrementando o Repertório: Temas Abstratos,redesenhar,alta,"A cena reutiliza LENTE→TESE ou EIXO→TESE e troca o pequeno ícone de domínio. Para Incrementando o Repertório: Temas Abstratos, a fonte desenvolve O que são temas abstratos; Repertório filosófico e literário; Como concretizar: São propostas centradas em conceitos, e não em problemas concretos imediatos: o valor do tempo, os limites da liberdade, o sentido do trabalho, a busca pela felicidade, o papel do erro. Exigem definição conceitual e uso de exemplos concretos para ancorar a discussão sem perder a . O tema específico não organiza o desenho e a decisão textual fica em rótulo/comentário. Mostrar exemplo de tese, referência, causa ou intervenção desse domínio e seu vínculo.","Capturas centrais claras de 390/1440; tablet e tema escuro medidos no navegador sem inspeção visual de todos os recortes. | Movimento reduzido e efeitos mínimos; não verificados todos os estados/animações, zoom/pan ou arrastar/teclado. | Sem aprovação editorial; ausência de overflow não equivale a cena fiel."
summary-redacao-analisando-tema-abstrato-de-redacao,Redação,Analisando Tema Abstrato de Redação,redesenhar,alta,"A cena reutiliza LENTE→TESE ou EIXO→TESE e troca o pequeno ícone de domínio. Para Analisando Tema Abstrato de Redação, a fonte desenvolve Lendo a proposta; Estruturando; Conclusão: Em temas abstratos, o enunciado costuma trazer um conceito e um verbo que orienta a discussão, como analisar os limites, discutir a importância, avaliar os desafios. Esse verbo define a operação exigida, e ignorá-lo produz texto que trata do conceito sem responder ao que foi pedi. O tema específico não organiza o desenho e a decisão textual fica em rótulo/comentário. Mostrar exemplo de tese, referência, causa ou intervenção desse domínio e seu vínculo.","Capturas centrais claras de 390/1440; tablet e tema escuro medidos no navegador sem inspeção visual de todos os recortes. | Movimento reduzido e efeitos mínimos; não verificados todos os estados/animações, zoom/pan ou arrastar/teclado. | Sem aprovação editorial; ausência de overflow não equivale a cena fiel."
summary-redacao-incrementando-o-repertorio-corpo-saude-e-sexualidade,Redação,"Incrementando o Repertório: Corpo, Saúde e Sexualidade",redesenhar,alta,"A cena reutiliza LENTE→TESE ou EIXO→TESE e troca o pequeno ícone de domínio. Para Incrementando o Repertório: Corpo, Saúde e Sexualidade, a fonte desenvolve Conceitos-chave; Dados e marcos; Recortes prováveis: Rendem bem os conceitos de determinantes sociais da saúde, biopoder e disciplina em Foucault, padrão estético e indústria cultural, saúde como direito na Constituição de 1988, integralidade do SUS, tabu e silenciamento, e a distinção entre sexo, gênero e orientação sexual, freque. O tema específico não organiza o desenho e a decisão textual fica em rótulo/comentário. Mostrar exemplo de tese, referência, causa ou intervenção desse domínio e seu vínculo.","Capturas centrais claras de 390/1440; tablet e tema escuro medidos no navegador sem inspeção visual de todos os recortes. | Movimento reduzido e efeitos mínimos; não verificados todos os estados/animações, zoom/pan ou arrastar/teclado. | Sem aprovação editorial; ausência de overflow não equivale a cena fiel."
summary-redacao-analisando-tema-de-redacao-corpo-saude-e-sexualidade,Redação,"Analisando Tema de Redação: Corpo, Saúde e Sexualidade",redesenhar,alta,"A cena reutiliza LENTE→TESE ou EIXO→TESE e troca o pequeno ícone de domínio. Para Analisando Tema de Redação: Corpo, Saúde e Sexualidade, a fonte desenvolve Delimitação sensível; Argumentos possíveis; Intervenção: Temas dessa área exigem cuidado com generalizações e com afirmações que possam ferir direitos. O texto deve tratar de estruturas sociais, políticas públicas e representações culturais, evitando julgamento moral de indivíduos e evitando qualquer proposta que viole os direitos huma. O tema específico não organiza o desenho e a decisão textual fica em rótulo/comentário. Mostrar exemplo de tese, referência, causa ou intervenção desse domínio e seu vínculo.","Capturas centrais claras de 390/1440; tablet e tema escuro medidos no navegador sem inspeção visual de todos os recortes. | Movimento reduzido e efeitos mínimos; não verificados todos os estados/animações, zoom/pan ou arrastar/teclado. | Sem aprovação editorial; ausência de overflow não equivale a cena fiel."
summary-redacao-incrementando-o-repertorio-violencia-leis-e-punicao,Redação,"Incrementando o Repertório: Violência, Leis e Punição",redesenhar,alta,"A cena reutiliza LENTE→TESE ou EIXO→TESE e troca o pequeno ícone de domínio. Para Incrementando o Repertório: Violência, Leis e Punição, a fonte desenvolve Conceitos-chave; Dados e marcos; Recortes prováveis: São produtivos os conceitos de violência estrutural, seletividade penal, encarceramento em massa, função da pena entre retribuição e ressocialização, cultura da violência, e a distinção entre segurança pública e política de segurança, que separa reação imediata de estratégia de l. O tema específico não organiza o desenho e a decisão textual fica em rótulo/comentário. Mostrar exemplo de tese, referência, causa ou intervenção desse domínio e seu vínculo.","Capturas centrais claras de 390/1440; tablet e tema escuro medidos no navegador sem inspeção visual de todos os recortes. | Movimento reduzido e efeitos mínimos; não verificados todos os estados/animações, zoom/pan ou arrastar/teclado. | Sem aprovação editorial; ausência de overflow não equivale a cena fiel."
summary-redacao-analisando-tema-de-redacao-violencia-leis-e-punicao,Redação,"Analisando Tema de Redação: Violência, Leis e Punição",redesenhar,alta,"A cena reutiliza LENTE→TESE ou EIXO→TESE e troca o pequeno ícone de domínio. Para Analisando Tema de Redação: Violência, Leis e Punição, a fonte desenvolve Delimitação; Argumentos possíveis; Intervenção: Num tema sobre violência contra a mulher, o recorte pode estar na subnotificação, na rede de atendimento, na cultura machista ou na efetividade das medidas protetivas. Escolher um eixo e sustentá-lo é mais produtivo que tentar cobrir todos, o que produz texto superficial e repeti. O tema específico não organiza o desenho e a decisão textual fica em rótulo/comentário. Mostrar exemplo de tese, referência, causa ou intervenção desse domínio e seu vínculo.","Capturas centrais claras de 390/1440; tablet e tema escuro medidos no navegador sem inspeção visual de todos os recortes. | Movimento reduzido e efeitos mínimos; não verificados todos os estados/animações, zoom/pan ou arrastar/teclado. | Sem aprovação editorial; ausência de overflow não equivale a cena fiel."
summary-redacao-incrementando-o-repertorio-cidadania-e-poder,Redação,Incrementando o Repertório: Cidadania e Poder,redesenhar,alta,"A cena reutiliza LENTE→TESE ou EIXO→TESE e troca o pequeno ícone de domínio. Para Incrementando o Repertório: Cidadania e Poder, a fonte desenvolve Conceitos-chave; Marcos institucionais; Recortes prováveis: São úteis as gerações de direitos de Marshall, cidadania regulada de José Murilo de Carvalho, esfera pública de Habermas, democracia representativa e participativa, contrato social em Rousseau e Locke, e a distinção entre igualdade formal e material, essencial para discutir polít. O tema específico não organiza o desenho e a decisão textual fica em rótulo/comentário. Mostrar exemplo de tese, referência, causa ou intervenção desse domínio e seu vínculo.","Capturas centrais claras de 390/1440; tablet e tema escuro medidos no navegador sem inspeção visual de todos os recortes. | Movimento reduzido e efeitos mínimos; não verificados todos os estados/animações, zoom/pan ou arrastar/teclado. | Sem aprovação editorial; ausência de overflow não equivale a cena fiel."
summary-redacao-analisando-tema-de-redacao-cidadania-e-poder,Redação,Analisando Tema de Redação: Cidadania e Poder,redesenhar,alta,"A cena reutiliza LENTE→TESE ou EIXO→TESE e troca o pequeno ícone de domínio. Para Analisando Tema de Redação: Cidadania e Poder, a fonte desenvolve Delimitação; Argumentos possíveis; Intervenção: Num tema sobre participação política juvenil, o recorte pode estar no desinteresse, na desinformação, na ausência de canais acessíveis ou na descrença nas instituições. Identificar o fator central orienta a escolha dos argumentos e evita que o texto trate genericamente de polític. O tema específico não organiza o desenho e a decisão textual fica em rótulo/comentário. Mostrar exemplo de tese, referência, causa ou intervenção desse domínio e seu vínculo.","Capturas centrais claras de 390/1440; tablet e tema escuro medidos no navegador sem inspeção visual de todos os recortes. | Movimento reduzido e efeitos mínimos; não verificados todos os estados/animações, zoom/pan ou arrastar/teclado. | Sem aprovação editorial; ausência de overflow não equivale a cena fiel."
summary-redacao-incrementando-o-repertorio-arte-cultura-e-relacoes-sociais,Redação,"Incrementando o Repertório: Arte, Cultura e Relações Sociais",redesenhar,alta,"A cena reutiliza LENTE→TESE ou EIXO→TESE e troca o pequeno ícone de domínio. Para Incrementando o Repertório: Arte, Cultura e Relações Sociais, a fonte desenvolve Conceitos-chave; Marcos e políticas; Recortes prováveis: São produtivos indústria cultural de Adorno e Horkheimer, capital cultural de Bourdieu, patrimônio material e imaterial, apropriação cultural, hibridismo, memória e esquecimento, e a distinção entre cultura erudita, popular e de massa, que costuma ser cobrada em recortes sobre ac. O tema específico não organiza o desenho e a decisão textual fica em rótulo/comentário. Mostrar exemplo de tese, referência, causa ou intervenção desse domínio e seu vínculo.","Capturas centrais claras de 390/1440; tablet e tema escuro medidos no navegador sem inspeção visual de todos os recortes. | Movimento reduzido e efeitos mínimos; não verificados todos os estados/animações, zoom/pan ou arrastar/teclado. | Sem aprovação editorial; ausência de overflow não equivale a cena fiel."
summary-redacao-analisando-o-tema-de-redacao-arte-cultura-e-relacoes-sociais,Redação,"Analisando o Tema de Redação: Arte, Cultura e Relações Sociais",redesenhar,alta,"A cena reutiliza LENTE→TESE ou EIXO→TESE e troca o pequeno ícone de domínio. Para Analisando o Tema de Redação: Arte, Cultura e Relações Sociais, a fonte desenvolve Delimitação; Argumentos possíveis; Intervenção: Num tema sobre acesso a bens culturais, o recorte pode estar na distribuição desigual de equipamentos, no custo, na formação escolar, no transporte ou na representatividade dos acervos. Escolher um eixo e sustentá-lo com dados e conceitos evita o texto genérico sobre a importânci. O tema específico não organiza o desenho e a decisão textual fica em rótulo/comentário. Mostrar exemplo de tese, referência, causa ou intervenção desse domínio e seu vínculo.","Capturas centrais claras de 390/1440; tablet e tema escuro medidos no navegador sem inspeção visual de todos os recortes. | Movimento reduzido e efeitos mínimos; não verificados todos os estados/animações, zoom/pan ou arrastar/teclado. | Sem aprovação editorial; ausência de overflow não equivale a cena fiel."
summary-redacao-incrementando-o-repertorio-midia-e-sociedade,Redação,Incrementando o Repertório: Mídia e Sociedade,redesenhar,alta,"A cena reutiliza LENTE→TESE ou EIXO→TESE e troca o pequeno ícone de domínio. Para Incrementando o Repertório: Mídia e Sociedade, a fonte desenvolve Conceitos-chave; Marcos e dados; Recortes prováveis: Rendem indústria cultural, esfera pública, agenda-setting, bolha e câmara de eco, economia da atenção, desinformação e pós-verdade, além da distinção entre liberdade de expressão e responsabilidade sobre conteúdo, tema central nos debates sobre regulação de plataformas.. O tema específico não organiza o desenho e a decisão textual fica em rótulo/comentário. Mostrar exemplo de tese, referência, causa ou intervenção desse domínio e seu vínculo.","Capturas centrais claras de 390/1440; tablet e tema escuro medidos no navegador sem inspeção visual de todos os recortes. | Movimento reduzido e efeitos mínimos; não verificados todos os estados/animações, zoom/pan ou arrastar/teclado. | Sem aprovação editorial; ausência de overflow não equivale a cena fiel."
summary-redacao-analisando-tema-de-redacao-midia-e-sociedade,Redação,Analisando Tema de Redação: Mídia e Sociedade,redesenhar,alta,"A cena reutiliza LENTE→TESE ou EIXO→TESE e troca o pequeno ícone de domínio. Para Analisando Tema de Redação: Mídia e Sociedade, a fonte desenvolve Delimitação; Argumentos possíveis; Intervenção: Num tema sobre desinformação, o recorte pode estar na velocidade de circulação, na ausência de educação midiática, no modelo de negócio das plataformas ou nos efeitos sobre saúde e eleições. Definir o eixo permite argumentar com profundidade em vez de listar problemas.. O tema específico não organiza o desenho e a decisão textual fica em rótulo/comentário. Mostrar exemplo de tese, referência, causa ou intervenção desse domínio e seu vínculo.","Capturas centrais claras de 390/1440; tablet e tema escuro medidos no navegador sem inspeção visual de todos os recortes. | Movimento reduzido e efeitos mínimos; não verificados todos os estados/animações, zoom/pan ou arrastar/teclado. | Sem aprovação editorial; ausência de overflow não equivale a cena fiel."
summary-redacao-paragrafo-de-introducao-delimitando-a-opiniao,Redação,Parágrafo de Introdução: Delimitando a Opinião,redesenhar,alta,O conteúdo pede tese delimitada e anúncio dos argumentos no parágrafo; quem lê/voz/função/efeito não representa tese nem recorte. O desenho deve mostrar o efeito da decisão sobre um exemplo textual concreto.,"Capturas centrais claras de 390/1440; tablet e tema escuro medidos no navegador sem inspeção visual de todos os recortes. | Movimento reduzido e efeitos mínimos; não verificados todos os estados/animações, zoom/pan ou arrastar/teclado. | Sem aprovação editorial; ausência de overflow não equivale a cena fiel."
summary-redacao-paragrafo-de-introducao-como-contextualizar,Redação,Parágrafo de Introdução: como Contextualizar,redesenhar,alta,O conteúdo pede abertura pertinente ligada ao tema em contraste com contextualização ornamental; quem lê/voz/função/efeito não mostra essa ligação. O desenho deve mostrar o efeito da decisão sobre um exemplo textual concreto.,"Capturas centrais claras de 390/1440; tablet e tema escuro medidos no navegador sem inspeção visual de todos os recortes. | Movimento reduzido e efeitos mínimos; não verificados todos os estados/animações, zoom/pan ou arrastar/teclado. | Sem aprovação editorial; ausência de overflow não equivale a cena fiel."
summary-redacao-argumentacao-auditorio-particular-e-universal,Redação,Argumentação: Auditório Particular e Universal,redesenhar,alta,O conteúdo pede mudança das razões e pressupostos conforme o auditório; LENTE/conceito → TESE/explicada não representa interlocutor ou adesão. O desenho deve mostrar o efeito da decisão sobre um exemplo textual concreto.,"Capturas centrais claras de 390/1440; tablet e tema escuro medidos no navegador sem inspeção visual de todos os recortes. | Movimento reduzido e efeitos mínimos; não verificados todos os estados/animações, zoom/pan ou arrastar/teclado. | Sem aprovação editorial; ausência de overflow não equivale a cena fiel."
summary-redacao-argumentacao-quase-logica-e-efeito-de-verdade,Redação,Argumentação Quase-Lógica e Efeito de Verdade,ajustar,media,"A cena compara caso A/caso B e diferença de condição decisiva, mecanismo pertinente à falsa equivalência. Falta nomear situações reais e contemplar o efeito de verdade por contradição, transitividade ou comparação indicado na fonte; a equivalência gráfica corrigida não prova igualdade absoluta.","Capturas centrais claras de 390/1440; tablet e tema escuro medidos no navegador sem inspeção visual de todos os recortes. | Movimento reduzido e efeitos mínimos; não verificados todos os estados/animações, zoom/pan ou arrastar/teclado. | Sem aprovação editorial; ausência de overflow não equivale a cena fiel."
summary-redacao-argumentacao-e-coerencia-interna,Redação,Argumentação e Coerência Interna,ajustar,media,"A cena específica causa/consequência/resposta mostra consequência ausente, salto e solução desconectada, representando uma falha real de coerência interna. A fonte define estados corrigidos com elos. Preservar o mecanismo e acrescentar o trecho completo antes/depois que confirme ausência de contradição e derivação da solução.","Capturas centrais claras de 390/1440; tablet e tema escuro medidos no navegador sem inspeção visual de todos os recortes. | Movimento reduzido e efeitos mínimos; não verificados todos os estados/animações, zoom/pan ou arrastar/teclado. | Sem aprovação editorial; ausência de overflow não equivale a cena fiel."
summary-redacao-argumentacao-e-coerencia-externa,Redação,Argumentação e Coerência Externa,redesenhar,alta,O conteúdo pede checagem de afirmação factual/repertório/proposta contra realidade e fonte; fonte A/leitura/texto não desenha confronto entre afirmação e evidência externa. O desenho deve mostrar o efeito da decisão sobre um exemplo textual concreto.,"Capturas centrais claras de 390/1440; tablet e tema escuro medidos no navegador sem inspeção visual de todos os recortes. | Movimento reduzido e efeitos mínimos; não verificados todos os estados/animações, zoom/pan ou arrastar/teclado. | Sem aprovação editorial; ausência de overflow não equivale a cena fiel."
summary-redacao-recursos-argumentativos-dados-numericos-e-exemplos,Redação,Recursos Argumentativos: Dados Numéricos e Exemplos,redesenhar,alta,O conteúdo pede dado com fonte/unidade/contexto → leitura → sustentação da tese; fonte A/leitura/texto com linhas não permite observar a estatística nem sua análise. O desenho deve mostrar o efeito da decisão sobre um exemplo textual concreto.,"Capturas centrais claras de 390/1440; tablet e tema escuro medidos no navegador sem inspeção visual de todos os recortes. | Movimento reduzido e efeitos mínimos; não verificados todos os estados/animações, zoom/pan ou arrastar/teclado. | Sem aprovação editorial; ausência de overflow não equivale a cena fiel."
summary-redacao-recursos-argumentativos-vozes-prestigiadas,Redação,Recursos Argumentativos: Vozes Prestigiadas,redesenhar,alta,O conteúdo pede citação de autoridade pertinente seguida de explicação; LENTE→TESE não traz autor/ideia/argumento que demonstre o uso adequado. O desenho deve mostrar o efeito da decisão sobre um exemplo textual concreto.,"Capturas centrais claras de 390/1440; tablet e tema escuro medidos no navegador sem inspeção visual de todos os recortes. | Movimento reduzido e efeitos mínimos; não verificados todos os estados/animações, zoom/pan ou arrastar/teclado. | Sem aprovação editorial; ausência de overflow não equivale a cena fiel."
summary-redacao-ressalvando-o-ponto-de-vista-contrario,Redação,Ressalvando o Ponto de Vista Contrário,ajustar,media,"A gangorra mostra a concessão “embora haja avanços” sem retorno à tese, e a fonte prevê “mas a barreira continua” como contrapeso. A metáfora distingue concessão de abandono da tese. Preservar e acrescentar período completo antes/depois para verificar a precisão da ressalva.","Capturas centrais claras de 390/1440; tablet e tema escuro medidos no navegador sem inspeção visual de todos os recortes. | Movimento reduzido e efeitos mínimos; não verificados todos os estados/animações, zoom/pan ou arrastar/teclado. | Sem aprovação editorial; ausência de overflow não equivale a cena fiel."
summary-redacao-refutando-o-ponto-contrario,Redação,Refutando o Ponto Contrário,ajustar,media,Contraponto→premissa e carimbo “está errado” distinguem discordância de razão demonstrada; a fonte prevê critério que rompe a premissa. Preservar este mecanismo específico e mostrar os enunciados completos da objeção e refutação com evidência.,"Capturas centrais claras de 390/1440; tablet e tema escuro medidos no navegador sem inspeção visual de todos os recortes. | Movimento reduzido e efeitos mínimos; não verificados todos os estados/animações, zoom/pan ou arrastar/teclado. | Sem aprovação editorial; ausência de overflow não equivale a cena fiel."
summary-redacao-recursos-argumentativos-interdiscursividade-e-intertextualidade,Redação,Recursos Argumentativos: Interdiscursividade e Intertextualidade,redesenhar,alta,O conteúdo pede trechos ou discursos retomados e transformação do sentido; as folhas genéricas fonte A/leitura/texto não contêm enunciados reconhecíveis. O desenho deve mostrar o efeito da decisão sobre um exemplo textual concreto.,"Capturas centrais claras de 390/1440; tablet e tema escuro medidos no navegador sem inspeção visual de todos os recortes. | Movimento reduzido e efeitos mínimos; não verificados todos os estados/animações, zoom/pan ou arrastar/teclado. | Sem aprovação editorial; ausência de overflow não equivale a cena fiel."
summary-redacao-recursos-argumentativos-temas-de-redacao-ja-analisados,Redação,Recursos Argumentativos: Temas de Redação já Analisados,redesenhar,alta,O conteúdo pede transposição com ajuste entre duas propostas; LENTE→TESE não representa os dois temas nem a diferença de recorte. O desenho deve mostrar o efeito da decisão sobre um exemplo textual concreto.,"Capturas centrais claras de 390/1440; tablet e tema escuro medidos no navegador sem inspeção visual de todos os recortes. | Movimento reduzido e efeitos mínimos; não verificados todos os estados/animações, zoom/pan ou arrastar/teclado. | Sem aprovação editorial; ausência de overflow não equivale a cena fiel."
summary-redacao-recursos-argumentativos-fatos-da-atualidade,Redação,Recursos Argumentativos: Fatos da Atualidade,redesenhar,alta,"O conteúdo pede evento datado, fonte verificada e relação com tese; fonte A/leitura/texto não desenha o evento ou a checagem. O desenho deve mostrar o efeito da decisão sobre um exemplo textual concreto.","Capturas centrais claras de 390/1440; tablet e tema escuro medidos no navegador sem inspeção visual de todos os recortes. | Movimento reduzido e efeitos mínimos; não verificados todos os estados/animações, zoom/pan ou arrastar/teclado. | Sem aprovação editorial; ausência de overflow não equivale a cena fiel."
summary-redacao-recursos-argumentativos-multiplos-dominios-do-saber,Redação,Recursos Argumentativos: Múltiplos Domínios do Saber,redesenhar,alta,O conteúdo pede articulação de duas áreas em uma explicação comum; LENTE→TESE única não mostra domínios ou vínculo entre eles. O desenho deve mostrar o efeito da decisão sobre um exemplo textual concreto.,"Capturas centrais claras de 390/1440; tablet e tema escuro medidos no navegador sem inspeção visual de todos os recortes. | Movimento reduzido e efeitos mínimos; não verificados todos os estados/animações, zoom/pan ou arrastar/teclado. | Sem aprovação editorial; ausência de overflow não equivale a cena fiel."
summary-redacao-conclusao-por-sintese-ou-retomada-da-tese,Redação,Conclusão por Síntese ou Retomada da Tese,redesenhar,alta,O conteúdo pede síntese das razões e retomada transformada da tese; quem lê/voz/função/efeito não mostra os argumentos convergindo no fechamento. O desenho deve mostrar o efeito da decisão sobre um exemplo textual concreto.,"Capturas centrais claras de 390/1440; tablet e tema escuro medidos no navegador sem inspeção visual de todos os recortes. | Movimento reduzido e efeitos mínimos; não verificados todos os estados/animações, zoom/pan ou arrastar/teclado. | Sem aprovação editorial; ausência de overflow não equivale a cena fiel."
summary-redacao-conclusao-sumarizacao-focalizacao-e-expressividade,Redação,"Conclusão: Sumarização, Focalização e Expressividade",redesenhar,alta,"O conteúdo pede comparar os efeitos de sumarizar, focalizar e expressar em três finais; quem lê/voz/função/efeito não representa as estratégias de conclusão. O desenho deve mostrar o efeito da decisão sobre um exemplo textual concreto.","Capturas centrais claras de 390/1440; tablet e tema escuro medidos no navegador sem inspeção visual de todos os recortes. | Movimento reduzido e efeitos mínimos; não verificados todos os estados/animações, zoom/pan ou arrastar/teclado. | Sem aprovação editorial; ausência de overflow não equivale a cena fiel."
summary-redacao-proposta-de-intervencao-atores-sociais-e-cidadania,Redação,Proposta de Intervenção: Atores Sociais e Cidadania,ajustar,media,"A cadeia agente/ação/meio/finalidade evidencia “a sociedade” como agente vago e prevê escola+rede local como agente capaz. Preservar a distinção e explicitar competência institucional/corresponsabilidade em exemplo completo, incluindo detalhamento quando aplicável.","Capturas centrais claras de 390/1440; tablet e tema escuro medidos no navegador sem inspeção visual de todos os recortes. | Movimento reduzido e efeitos mínimos; não verificados todos os estados/animações, zoom/pan ou arrastar/teclado. | Sem aprovação editorial; ausência de overflow não equivale a cena fiel."
summary-redacao-proposta-de-intervencao-viabilizacao-e-inovacao,Redação,Proposta de Intervenção: Viabilização e Inovação,ajustar,media,A cena mostra agente/ação/meio/finalidade e meio ausente; o capítulo e o laboratório exigem cinco elementos incluindo detalhamento. Completar o quinto elemento e tornar recursos e capacidade de execução observáveis.,"Capturas centrais claras de 390/1440; tablet e tema escuro medidos no navegador sem inspeção visual de todos os recortes. | Movimento reduzido e efeitos mínimos; não verificados todos os estados/animações, zoom/pan ou arrastar/teclado. | Sem aprovação editorial; ausência de overflow não equivale a cena fiel."
summary-redacao-proposta-de-intervencao-coerencia-argumentativa,Redação,Proposta de Intervenção: Coerência Argumentativa,ajustar,media,"A causa “falta de acesso” é ligada a uma cadeia com ação “campanha”, tornando observável o desvio entre problema e solução; a fonte prevê mudança para remover a barreira. Preservar e acrescentar exemplo textual onde a ação enfrenta precisamente a causa argumentada.","Capturas centrais claras de 390/1440; tablet e tema escuro medidos no navegador sem inspeção visual de todos os recortes. | Movimento reduzido e efeitos mínimos; não verificados todos os estados/animações, zoom/pan ou arrastar/teclado. | Sem aprovação editorial; ausência de overflow não equivale a cena fiel."
summary-redacao-proposta-de-intervencao-respeito-aos-direitos-humanos,Redação,Proposta de Intervenção: Respeito aos Direitos Humanos,ajustar,media,"A linha de dignidade/liberdade e o meio que sai dela (“restringe um grupo”) tornam a violação observável. A fonte prevê meio inclusivo dentro do limite. Preservar o mecanismo e acrescentar caso concreto com titulares e direitos afetados, para a decisão não depender apenas de caixas abstratas.","Capturas centrais claras de 390/1440; tablet e tema escuro medidos no navegador sem inspeção visual de todos os recortes. | Movimento reduzido e efeitos mínimos; não verificados todos os estados/animações, zoom/pan ou arrastar/teclado. | Sem aprovação editorial; ausência de overflow não equivale a cena fiel."
summary-redacao-recursos-de-coesao-referencial-no-texto-dissertativo,Redação,Recursos de Coesão Referencial no Texto Dissertativo,redesenhar,alta,O conteúdo pede antecedente ligado a pronome/sinônimo/elipse e ambiguidade resolvida; fonte A/leitura/texto não mostra nenhum antecedente ou elo referencial. O desenho deve mostrar o efeito da decisão sobre um exemplo textual concreto.,"Capturas centrais claras de 390/1440; tablet e tema escuro medidos no navegador sem inspeção visual de todos os recortes. | Movimento reduzido e efeitos mínimos; não verificados todos os estados/animações, zoom/pan ou arrastar/teclado. | Sem aprovação editorial; ausência de overflow não equivale a cena fiel."
summary-redacao-recursos-de-coesao-sequencial-no-texto-dissertativo,Redação,Recursos de Coesão Sequencial no Texto Dissertativo,redesenhar,alta,O conteúdo pede troca de conectivo alterando causa/consequência/contraste no período; fonte A/leitura/texto não mostra conectivo ou duas proposições ligadas. O desenho deve mostrar o efeito da decisão sobre um exemplo textual concreto.,"Capturas centrais claras de 390/1440; tablet e tema escuro medidos no navegador sem inspeção visual de todos os recortes. | Movimento reduzido e efeitos mínimos; não verificados todos os estados/animações, zoom/pan ou arrastar/teclado. | Sem aprovação editorial; ausência de overflow não equivale a cena fiel."
summary-redacao-coesao-no-texto-dissertativo-analise-de-problemas,Redação,Coesão no Texto Dissertativo: Análise de Problemas,redesenhar,alta,O conteúdo pede diagnóstico e correção de referência ambígua ou relação lógica inadequada; fonte A/leitura/texto não torna o problema textual observável. O desenho deve mostrar o efeito da decisão sobre um exemplo textual concreto.,"Capturas centrais claras de 390/1440; tablet e tema escuro medidos no navegador sem inspeção visual de todos os recortes. | Movimento reduzido e efeitos mínimos; não verificados todos os estados/animações, zoom/pan ou arrastar/teclado. | Sem aprovação editorial; ausência de overflow não equivale a cena fiel."
summary-redacao-recursos-linguisticos-norma-clareza-e-expressividade,Redação,"Recursos Linguísticos: Norma, Clareza e Expressividade",ajustar,media,"Caixas encaixadas tornam a complexidade visível e a fonte prevê duas unidades com sujeito/relação/complemento. Falta exibir o período original e reescrito para verificar norma, clareza e expressividade, pois trocar caixas não demonstra a alteração do sentido textual.","Capturas centrais claras de 390/1440; tablet e tema escuro medidos no navegador sem inspeção visual de todos os recortes. | Movimento reduzido e efeitos mínimos; não verificados todos os estados/animações, zoom/pan ou arrastar/teclado. | Sem aprovação editorial; ausência de overflow não equivale a cena fiel."
summary-redacao-os-direitos-humanos-de-1-geracao-direitos-individuais,Redação,Os Direitos Humanos de 1ª Geração: Direitos Individuais,ajustar,media,"A cena específica organiza titular/garantia ou poder público/participação/grupo, correspondendo a O que são; Caráter negativo; Uso em redação; porém o estado inicial só apresenta a lacuna. Expandir com caso concreto e distinguir as gerações e seus titulares/obrigações em comparação visual, sem resumir saúde e ambiente no mesmo grupo.","Capturas centrais claras de 390/1440; tablet e tema escuro medidos no navegador sem inspeção visual de todos os recortes. | Movimento reduzido e efeitos mínimos; não verificados todos os estados/animações, zoom/pan ou arrastar/teclado. | Sem aprovação editorial; ausência de overflow não equivale a cena fiel."
summary-redacao-os-direitos-humanos-de-2-e-3-geracao-direitos-sociais-coletivos-e-difusos,Redação,"Os Direitos Humanos de 2ª e 3ª Geração: Direitos Sociais, Coletivos e Difusos",ajustar,media,"A cena específica organiza titular/garantia ou poder público/participação/grupo, correspondendo a Segunda geração; Terceira geração; Uso em redação; porém o estado inicial só apresenta a lacuna. Expandir com caso concreto e distinguir as gerações e seus titulares/obrigações em comparação visual, sem resumir saúde e ambiente no mesmo grupo.","Capturas centrais claras de 390/1440; tablet e tema escuro medidos no navegador sem inspeção visual de todos os recortes. | Movimento reduzido e efeitos mínimos; não verificados todos os estados/animações, zoom/pan ou arrastar/teclado. | Sem aprovação editorial; ausência de overflow não equivale a cena fiel."
summary-redacao-redacoes-nota-1000-trunfos-a-inspirar,Redação,Redações Nota 1000: Trunfos a Inspirar,redesenhar,alta,"O conteúdo pede marcas de tese, progressão, repertório e intervenção em redação exemplar; quem lê/voz/função/efeito não apresenta redação ou anotação das qualidades. O desenho deve mostrar o efeito da decisão sobre um exemplo textual concreto.","Capturas centrais claras de 390/1440; tablet e tema escuro medidos no navegador sem inspeção visual de todos os recortes. | Movimento reduzido e efeitos mínimos; não verificados todos os estados/animações, zoom/pan ou arrastar/teclado. | Sem aprovação editorial; ausência de overflow não equivale a cena fiel."
summary-redacao-redacoes-na-midia-como-aprimorar,Redação,Redações na Mídia: como Aprimorar,redesenhar,alta,"O conteúdo pede trecho original, comentário de correção e versão revista; fonte A/leitura/texto não mostra edição ou ganho de sentido. O desenho deve mostrar o efeito da decisão sobre um exemplo textual concreto.","Capturas centrais claras de 390/1440; tablet e tema escuro medidos no navegador sem inspeção visual de todos os recortes. | Movimento reduzido e efeitos mínimos; não verificados todos os estados/animações, zoom/pan ou arrastar/teclado. | Sem aprovação editorial; ausência de overflow não equivale a cena fiel."
summary-filosofia-o-nascimento-da-filosofia-do-mito-ao-logos,Filosofia,O Nascimento da Filosofia: do Mito ao Logos,ajustar,media,"O raio é o mesmo objeto nos critérios mito/logos e os enunciados distinguem tradição/autoridade de argumentação/contestação. Mecanismo pertinente confirmado; aprofundar representação da justificativa racional no próprio desenho, hoje baseada principalmente na troca das palavras.","Capturas centrais claras de 390/1440; tablet e tema escuro medidos no navegador sem inspeção visual de todos os recortes. | Movimento reduzido e efeitos mínimos; não verificados todos os estados/animações, zoom/pan ou arrastar/teclado. | Sem aprovação editorial; ausência de overflow não equivale a cena fiel."
summary-filosofia-os-filosofos-da-physis-tales-anaximandro-e-anaximenes,Filosofia,"Os Filósofos da Physis: Tales, Anaximandro e Anaxímenes",redesenhar,alta,"A figura central exibe pilares vazios rotulados Tales / Anaximandro / Anaxímenes. O capítulo exige visualizar relações específicas (a água como arché; o ápeiron, o indeterminado e ilimitado, por trás de todo elemento sensível); selecionar um pilar muda foco/altura e revela prosa, sem representar esse mecanismo. Construir comparação visual do objeto ou situação descrita, evitando reutilizar somente nomes sobre as mesmas colunas.","Capturas centrais claras de 390/1440; tablet e tema escuro medidos no navegador sem inspeção visual de todos os recortes. | Movimento reduzido e efeitos mínimos; não verificados todos os estados/animações, zoom/pan ou arrastar/teclado. | Sem aprovação editorial; ausência de overflow não equivale a cena fiel."
summary-filosofia-heraclito-e-parmenides-o-ser-e-o-devir,Filosofia,Heráclito e Parmênides: o Ser e o Devir,redesenhar,alta,"A figura central exibe pilares vazios rotulados Heráclito / Parmênides / Aristóteles. O capítulo exige visualizar relações específicas (a realidade é fluxo permanente; tudo passa, nada permanece; o ser é, o não-ser não é, nem pode de modo algum ser pensado ou dito); selecionar um pilar muda foco/altura e revela prosa, sem representar esse mecanismo. Construir comparação visual do objeto ou situação descrita, evitando reutilizar somente nomes sobre as mesmas colunas.","Capturas centrais claras de 390/1440; tablet e tema escuro medidos no navegador sem inspeção visual de todos os recortes. | Movimento reduzido e efeitos mínimos; não verificados todos os estados/animações, zoom/pan ou arrastar/teclado. | Sem aprovação editorial; ausência de overflow não equivale a cena fiel."
summary-filosofia-os-sofistas-e-a-crise-da-verdade,Filosofia,Os Sofistas e a Crise da Verdade,redesenhar,alta,"A figura central exibe pilares vazios rotulados Protágoras / Crítica de Platão / Reabilitação historiográfica. O capítulo exige visualizar relações específicas (o homem é a medida de todas as coisas; não há verdade objetiva independente de quem a afirma; os sofistas vendem persuasão sem compromisso com a verdade, como bajulação que agrada sem cuidar da saúde); selecionar um pilar muda foco/altura e revela prosa, sem representar esse mecanismo. Construir comparação visual do objeto ou situação descrita, evitando reutilizar somente nomes sobre as mesmas colunas.","Capturas centrais claras de 390/1440; tablet e tema escuro medidos no navegador sem inspeção visual de todos os recortes. | Movimento reduzido e efeitos mínimos; não verificados todos os estados/animações, zoom/pan ou arrastar/teclado. | Sem aprovação editorial; ausência de overflow não equivale a cena fiel."
summary-filosofia-o-metodo-socratico-e-a-maieutica,Filosofia,O Método Socrático e a Maiêutica,redesenhar,alta,Dois círculos Certeza / Aporia / Maiêutica trocam de posição; o terceiro rótulo só aparece embaixo. A fonte descreve o interlocutor começa seguro de que domina o conceito; perguntas revelam contradições e desfazem a falsa segurança. Trocar círculos não torna visível a contradição/produção de ideia ou genealogia: desenhar a transformação conceitual específica deste capítulo.,"Capturas centrais claras de 390/1440; tablet e tema escuro medidos no navegador sem inspeção visual de todos os recortes. | Movimento reduzido e efeitos mínimos; não verificados todos os estados/animações, zoom/pan ou arrastar/teclado. | Sem aprovação editorial; ausência de overflow não equivale a cena fiel."
summary-filosofia-a-teoria-das-ideias-de-platao,Filosofia,A Teoria das Ideias de Platão,redesenhar,alta,"A figura central exibe pilares vazios rotulados Heráclito / Parmênides / Platão. O capítulo exige visualizar relações específicas (tudo flui e nada permanece; conhecimento estável seria impossível; o ser é uno, imóvel e imutável; a mudança que percebemos é ilusão dos sentidos); selecionar um pilar muda foco/altura e revela prosa, sem representar esse mecanismo. Construir comparação visual do objeto ou situação descrita, evitando reutilizar somente nomes sobre as mesmas colunas.","Capturas centrais claras de 390/1440; tablet e tema escuro medidos no navegador sem inspeção visual de todos os recortes. | Movimento reduzido e efeitos mínimos; não verificados todos os estados/animações, zoom/pan ou arrastar/teclado. | Sem aprovação editorial; ausência de overflow não equivale a cena fiel."
summary-filosofia-o-mito-da-caverna,Filosofia,O Mito da Caverna,redesenhar,alta,"Sombras/Fogo/Dia/Sol aparecem apenas como quatro degraus. Falta a relação prisioneiro–objetos–fogo–sombras e percurso de libertação que organiza a alegoria na fonte. Desenhar a caverna e as projeções, vinculando cada etapa à mudança de conhecimento.","Capturas centrais claras de 390/1440; tablet e tema escuro medidos no navegador sem inspeção visual de todos os recortes. | Movimento reduzido e efeitos mínimos; não verificados todos os estados/animações, zoom/pan ou arrastar/teclado. | Sem aprovação editorial; ausência de overflow não equivale a cena fiel."
summary-filosofia-a-alegoria-da-linha-dividida-e-o-conhecimento,Filosofia,A Alegoria da Linha Dividida e o Conhecimento,ajustar,media,"Degraus Eikasia / Pistis / Dianoia / Noesis comunicam ordem, mas não exibem os objetos e distinções do capítulo (lida com sombras, reflexos e imagens — cópias de cópias, o grau mais baixo da linha; lida com os próprios objetos sensíveis — animais, plantas e artefatos — e não mais com suas imagens). Incorporar exemplos e relações à escala; não depender exclusivamente do comentário fora do desenho.","Capturas centrais claras de 390/1440; tablet e tema escuro medidos no navegador sem inspeção visual de todos os recortes. | Movimento reduzido e efeitos mínimos; não verificados todos os estados/animações, zoom/pan ou arrastar/teclado. | Sem aprovação editorial; ausência de overflow não equivale a cena fiel."
summary-filosofia-logica-e-metafisica-aristotelicas,Filosofia,Lógica e Metafísica Aristotélicas,redesenhar,alta,"A sequência Premissa maior / Premissa menor / Conclusão necessária / Validade ≠ verdade explicita ordem, mas os retângulos mostram apenas rótulos, com os elos futuros muito esmaecidos. Tornar a ligação pedagógica visível com um exemplo do capítulo (liga o termo maior (mortal) a um termo médio (homem), estabelecendo a premissa geral do silogismo; liga o termo menor (Sócrates) ao mesmo termo médio, conectando o caso particular à premissa geral), além de avançar a seleção e mostrar prosa. A figura deve mostrar, respectivamente, premissas e conclusão ou eventos observados versus conexão necessária; a cadeia de nomes não permite testar essa distinção.","Capturas centrais claras de 390/1440; tablet e tema escuro medidos no navegador sem inspeção visual de todos os recortes. | Movimento reduzido e efeitos mínimos; não verificados todos os estados/animações, zoom/pan ou arrastar/teclado. | Sem aprovação editorial; ausência de overflow não equivale a cena fiel."
summary-filosofia-a-etica-a-nicomaco-e-a-doutrina-do-meio-termo,Filosofia,A Ética a Nicômaco e a Doutrina do Meio-Termo,redesenhar,alta,"A escada Falta→Meio→Excesso sugere subida progressiva ao excesso. A fonte diz que coragem é virtude e covardia/temeridade são vícios opostos, e que o meio depende de prudência, não média automática. Usar uma régua bilateral com caso concreto e meio contextual.","Capturas centrais claras de 390/1440; tablet e tema escuro medidos no navegador sem inspeção visual de todos os recortes. | Movimento reduzido e efeitos mínimos; não verificados todos os estados/animações, zoom/pan ou arrastar/teclado. | Sem aprovação editorial; ausência de overflow não equivale a cena fiel."
summary-filosofia-politica-aristotelica-o-homem-como-animal-politico,Filosofia,Política Aristotélica: o Homem como Animal Político,redesenhar,alta,"A figura central exibe pilares vazios rotulados Zoon politikon / Politeia / Formas degeneradas. O capítulo exige visualizar relações específicas (o ser humano só realiza plenamente sua natureza na vida política organizada; o governo misto que visa o bem comum é a forma mais estável na prática); selecionar um pilar muda foco/altura e revela prosa, sem representar esse mecanismo. Construir comparação visual do objeto ou situação descrita, evitando reutilizar somente nomes sobre as mesmas colunas.","Capturas centrais claras de 390/1440; tablet e tema escuro medidos no navegador sem inspeção visual de todos os recortes. | Movimento reduzido e efeitos mínimos; não verificados todos os estados/animações, zoom/pan ou arrastar/teclado. | Sem aprovação editorial; ausência de overflow não equivale a cena fiel."
summary-filosofia-patristica-e-santo-agostinho,Filosofia,Patrística e Santo Agostinho,redesenhar,alta,"A figura central exibe pilares vazios rotulados Agostinho (fé e razão) / Maniqueísmo / Agostinho (privatio boni). O capítulo exige visualizar relações específicas (a fé precede e ilumina o entendimento, sem dispensá-lo; o mal seria um princípio cósmico próprio, tão real quanto o bem, em conflito eterno com ele); selecionar um pilar muda foco/altura e revela prosa, sem representar esse mecanismo. Construir comparação visual do objeto ou situação descrita, evitando reutilizar somente nomes sobre as mesmas colunas.","Capturas centrais claras de 390/1440; tablet e tema escuro medidos no navegador sem inspeção visual de todos os recortes. | Movimento reduzido e efeitos mínimos; não verificados todos os estados/animações, zoom/pan ou arrastar/teclado. | Sem aprovação editorial; ausência de overflow não equivale a cena fiel."
summary-filosofia-escolastica-e-santo-tomas-de-aquino,Filosofia,Escolástica e Santo Tomás de Aquino,ajustar,media,"A sequência Aristóteles redescoberto / Fé e razão convergem / Duas verdades / Filosofia serva da teologia explicita ordem, mas os retângulos mostram apenas rótulos, com os elos futuros muito esmaecidos. Tornar a ligação pedagógica visível com um exemplo do capítulo (o resgate das obras de Aristóteles no século XIII gera um problema teológico urgente: como incorporar um sistema racional pagão sem comprometer a verdade revelada; Tomás resolve a tensão sustentando que fé e razão, corretamente compreendidas, não podem se contradizer, pois ambas têm origem última em Deus), além de avançar a seleção e mostrar prosa.","Capturas centrais claras de 390/1440; tablet e tema escuro medidos no navegador sem inspeção visual de todos os recortes. | Movimento reduzido e efeitos mínimos; não verificados todos os estados/animações, zoom/pan ou arrastar/teclado. | Sem aprovação editorial; ausência de overflow não equivale a cena fiel."
summary-filosofia-a-relacao-entre-fe-e-razao,Filosofia,A Relação entre Fé e Razão,redesenhar,alta,"A figura central exibe pilares vazios rotulados Fideísmo / Racionalismo estrito / Harmonia. O capítulo exige visualizar relações específicas (a fé é independente da razão e pode até contrariá-la sem prejuízo; só se deve aceitar o que a razão consegue demonstrar); selecionar um pilar muda foco/altura e revela prosa, sem representar esse mecanismo. Construir comparação visual do objeto ou situação descrita, evitando reutilizar somente nomes sobre as mesmas colunas.","Capturas centrais claras de 390/1440; tablet e tema escuro medidos no navegador sem inspeção visual de todos os recortes. | Movimento reduzido e efeitos mínimos; não verificados todos os estados/animações, zoom/pan ou arrastar/teclado. | Sem aprovação editorial; ausência de overflow não equivale a cena fiel."
summary-filosofia-descartes-e-o-metodo-a-duvida-hiperbolica,Filosofia,Descartes e o Método: a Dúvida Hiperbólica,ajustar,media,"Degraus Sentidos / Sonho / Gênio comunicam ordem, mas não exibem os objetos e distinções do capítulo (os sentidos enganam ocasionalmente, e quem já foi enganado uma vez tem razão para desconfiar de toda informação sensorial; não há critério seguro para distinguir vigília de sonho, de modo que toda experiência sensorial presente poderia ser ilusão onírica). Incorporar exemplos e relações à escala; não depender exclusivamente do comentário fora do desenho.","Capturas centrais claras de 390/1440; tablet e tema escuro medidos no navegador sem inspeção visual de todos os recortes. | Movimento reduzido e efeitos mínimos; não verificados todos os estados/animações, zoom/pan ou arrastar/teclado. | Sem aprovação editorial; ausência de overflow não equivale a cena fiel."
summary-filosofia-racionalismo-continental-espinosa-e-leibniz,Filosofia,Racionalismo Continental: Espinosa e Leibniz,redesenhar,alta,"A figura central exibe pilares vazios rotulados Espinosa / Leibniz / Harmonia preestabelecida. O capítulo exige visualizar relações específicas (existe uma única substância infinita; tudo mais é modo dela; a realidade é feita de infinitas mônadas simples que não interagem causalmente entre si); selecionar um pilar muda foco/altura e revela prosa, sem representar esse mecanismo. Construir comparação visual do objeto ou situação descrita, evitando reutilizar somente nomes sobre as mesmas colunas.","Capturas centrais claras de 390/1440; tablet e tema escuro medidos no navegador sem inspeção visual de todos os recortes. | Movimento reduzido e efeitos mínimos; não verificados todos os estados/animações, zoom/pan ou arrastar/teclado. | Sem aprovação editorial; ausência de overflow não equivale a cena fiel."
summary-filosofia-empirismo-britanico-locke-berkeley-e-hume,Filosofia,"Empirismo Britânico: Locke, Berkeley e Hume",redesenhar,alta,"A figura central exibe pilares vazios rotulados Locke / Berkeley / Hume. O capítulo exige visualizar relações específicas (a mente nasce tábula rasa; todo conteúdo vem da experiência; ser é ser percebido; não há matéria independente de toda percepção); selecionar um pilar muda foco/altura e revela prosa, sem representar esse mecanismo. Construir comparação visual do objeto ou situação descrita, evitando reutilizar somente nomes sobre as mesmas colunas.","Capturas centrais claras de 390/1440; tablet e tema escuro medidos no navegador sem inspeção visual de todos os recortes. | Movimento reduzido e efeitos mínimos; não verificados todos os estados/animações, zoom/pan ou arrastar/teclado. | Sem aprovação editorial; ausência de overflow não equivale a cena fiel."
summary-filosofia-a-critica-de-hume-a-causalidade,Filosofia,A Crítica de Hume à Causalidade,redesenhar,alta,"A sequência Conjunção constante / Sem conexão necessária / Hábito / Indução sem fundamento explicita ordem, mas os retângulos mostram apenas rótulos, com os elos futuros muito esmaecidos. Tornar a ligação pedagógica visível com um exemplo do capítulo (observamos contiguidade, sucessão e conjunção constante entre os eventos, mas nunca a força que ligaria um ao outro; não há impressão sensorial de necessidade alguma; a ideia de conexão causal necessária fica sem base empírica que a legitime), além de avançar a seleção e mostrar prosa. A figura deve mostrar, respectivamente, premissas e conclusão ou eventos observados versus conexão necessária; a cadeia de nomes não permite testar essa distinção.","Capturas centrais claras de 390/1440; tablet e tema escuro medidos no navegador sem inspeção visual de todos os recortes. | Movimento reduzido e efeitos mínimos; não verificados todos os estados/animações, zoom/pan ou arrastar/teclado. | Sem aprovação editorial; ausência de overflow não equivale a cena fiel."
summary-filosofia-hobbes-e-o-estado-de-natureza,Filosofia,Hobbes e o Estado de Natureza,ajustar,media,"A sequência Igualdade natural / Guerra de todos / Pacto entre súditos / Soberano absoluto explicita ordem, mas os retângulos mostram apenas rótulos, com os elos futuros muito esmaecidos. Tornar a ligação pedagógica visível com um exemplo do capítulo (os indivíduos têm capacidades naturais aproximadamente iguais — mesmo o mais fraco pode matar o mais forte por astúcia ou aliança; dessa igualdade decorre a guerra de todos contra todos, condição em que a vida seria solitária, pobre, sórdida, brutal e curta), além de avançar a seleção e mostrar prosa.","Capturas centrais claras de 390/1440; tablet e tema escuro medidos no navegador sem inspeção visual de todos os recortes. | Movimento reduzido e efeitos mínimos; não verificados todos os estados/animações, zoom/pan ou arrastar/teclado. | Sem aprovação editorial; ausência de overflow não equivale a cena fiel."
summary-filosofia-locke-e-os-direitos-naturais,Filosofia,Locke e os Direitos Naturais,ajustar,media,"A sequência Lei natural / Governo fiduciário / Poder limitado / Direito de resistência explicita ordem, mas os retângulos mostram apenas rótulos, com os elos futuros muito esmaecidos. Tornar a ligação pedagógica visível com um exemplo do capítulo (o estado de natureza é regido por uma lei natural acessível à razão, que proíbe prejudicar vida, liberdade, saúde ou bens de outrem; os direitos são anteriores a qualquer governo; o contrato não cria direitos, apenas protege de modo mais eficaz os que já existiam; o governo recebe poder condicionalmente, como um depositário de confiança), além de avançar a seleção e mostrar prosa.","Capturas centrais claras de 390/1440; tablet e tema escuro medidos no navegador sem inspeção visual de todos os recortes. | Movimento reduzido e efeitos mínimos; não verificados todos os estados/animações, zoom/pan ou arrastar/teclado. | Sem aprovação editorial; ausência de overflow não equivale a cena fiel."
summary-filosofia-rousseau-e-a-vontade-geral,Filosofia,Rousseau e a Vontade Geral,ajustar,media,"A sequência Bondade natural / Propriedade corrompe / Alienação à vontade geral / Liberdade civil explicita ordem, mas os retângulos mostram apenas rótulos, com os elos futuros muito esmaecidos. Tornar a ligação pedagógica visível com um exemplo do capítulo (o homem natural é solitário, autossuficiente e bom, guiado pelo amor de si e pela piedade, sentimentos pré-sociais que moderam o egoísmo antes de qualquer lei; a desigualdade e os vícios não são naturais, mas nascem quando alguém cerca um pedaço de terra e o declara seu, inaugurando a propriedade e a dependência mútua), além de avançar a seleção e mostrar prosa.","Capturas centrais claras de 390/1440; tablet e tema escuro medidos no navegador sem inspeção visual de todos os recortes. | Movimento reduzido e efeitos mínimos; não verificados todos os estados/animações, zoom/pan ou arrastar/teclado. | Sem aprovação editorial; ausência de overflow não equivale a cena fiel."
summary-filosofia-o-ideal-iluminista-de-razao-e-progresso,Filosofia,O Ideal Iluminista de Razão e Progresso,redesenhar,alta,"A figura central exibe pilares vazios rotulados Kant / Adorno e Horkheimer / Crítica pós-colonial. O capítulo exige visualizar relações específicas (sapere aude: a razão autônoma emancipa o indivíduo da tutela alheia; reduzida a cálculo instrumental, a própria razão iluminista se converteu em instrumento de dominação técnica); selecionar um pilar muda foco/altura e revela prosa, sem representar esse mecanismo. Construir comparação visual do objeto ou situação descrita, evitando reutilizar somente nomes sobre as mesmas colunas.","Capturas centrais claras de 390/1440; tablet e tema escuro medidos no navegador sem inspeção visual de todos os recortes. | Movimento reduzido e efeitos mínimos; não verificados todos os estados/animações, zoom/pan ou arrastar/teclado. | Sem aprovação editorial; ausência de overflow não equivale a cena fiel."
summary-filosofia-a-critica-da-razao-pura,Filosofia,A Crítica da Razão Pura,redesenhar,alta,"A figura central exibe pilares vazios rotulados Visão pré-kantiana / Kant / A síntese kantiana. O capítulo exige visualizar relações específicas (o conhecimento deve se conformar aos objetos, como o receptáculo passivo do real; os objetos, enquanto conhecidos, é que se conformam à estrutura da mente); selecionar um pilar muda foco/altura e revela prosa, sem representar esse mecanismo. Construir comparação visual do objeto ou situação descrita, evitando reutilizar somente nomes sobre as mesmas colunas.","Capturas centrais claras de 390/1440; tablet e tema escuro medidos no navegador sem inspeção visual de todos os recortes. | Movimento reduzido e efeitos mínimos; não verificados todos os estados/animações, zoom/pan ou arrastar/teclado. | Sem aprovação editorial; ausência de overflow não equivale a cena fiel."
summary-filosofia-a-etica-kantiana-e-o-imperativo-categorico,Filosofia,A Ética Kantiana e o Imperativo Categórico,ajustar,media,"A sequência Boa vontade / Agir por dever / Imperativo categórico / Autonomia explicita ordem, mas os retângulos mostram apenas rótulos, com os elos futuros muito esmaecidos. Tornar a ligação pedagógica visível com um exemplo do capítulo (só a boa vontade é boa sem restrição, pois vale por querer o dever pelo próprio dever, não pelos resultados que produz; o valor moral de uma ação não está no resultado nem no sentimento que a acompanha, mas na máxima que a determina), além de avançar a seleção e mostrar prosa.","Capturas centrais claras de 390/1440; tablet e tema escuro medidos no navegador sem inspeção visual de todos os recortes. | Movimento reduzido e efeitos mínimos; não verificados todos os estados/animações, zoom/pan ou arrastar/teclado. | Sem aprovação editorial; ausência de overflow não equivale a cena fiel."
summary-filosofia-hegel-e-a-dialetica,Filosofia,Hegel e a Dialética,redesenhar,alta,"Dois círculos Posição / Contradição / Superação trocam de posição; o terceiro rótulo só aparece embaixo. A fonte descreve uma posição inicial é examinada em profundidade; suas contradições internas geram a negação, não uma oposição arbitrária. Trocar círculos não torna visível a contradição/produção de ideia ou genealogia: desenhar a transformação conceitual específica deste capítulo.","Capturas centrais claras de 390/1440; tablet e tema escuro medidos no navegador sem inspeção visual de todos os recortes. | Movimento reduzido e efeitos mínimos; não verificados todos os estados/animações, zoom/pan ou arrastar/teclado. | Sem aprovação editorial; ausência de overflow não equivale a cena fiel."
summary-filosofia-o-materialismo-historico,Filosofia,O Materialismo Histórico,ajustar,media,"Camadas Infraestrutura / Direito e política / Formas de consciência / Efeito de retorno representam uma organização espacial pertinente, porém o único vínculo gráfico parte da base. Completar as relações específicas descritas em Inversão da dialética; Infraestrutura e superestrutura; Modos de produção, inclusive ação coletiva, mediação ou retorno quando a fonte os exige; forças produtivas e relações de produção formam a base material; erguem-se sobre a base e ajudam a legitimar suas relações.","Capturas centrais claras de 390/1440; tablet e tema escuro medidos no navegador sem inspeção visual de todos os recortes. | Movimento reduzido e efeitos mínimos; não verificados todos os estados/animações, zoom/pan ou arrastar/teclado. | Sem aprovação editorial; ausência de overflow não equivale a cena fiel."
summary-filosofia-alienacao-e-mais-valia,Filosofia,Alienação e Mais-Valia,redesenhar,alta,"A figura central exibe pilares vazios rotulados Mais-valia absoluta / Mais-valia relativa / Fonte estrutural do lucro. O capítulo exige visualizar relações específicas (amplia a extração de excedente prolongando a jornada de trabalho além do tempo necessário para repor o salário, sem alterar a produtividade; amplia a extração de excedente aumentando a produtividade, sem alterar a jornada, reduzindo o tempo necessário para repor o salário); selecionar um pilar muda foco/altura e revela prosa, sem representar esse mecanismo. Construir comparação visual do objeto ou situação descrita, evitando reutilizar somente nomes sobre as mesmas colunas.","Capturas centrais claras de 390/1440; tablet e tema escuro medidos no navegador sem inspeção visual de todos os recortes. | Movimento reduzido e efeitos mínimos; não verificados todos os estados/animações, zoom/pan ou arrastar/teclado. | Sem aprovação editorial; ausência de overflow não equivale a cena fiel."
summary-filosofia-a-luta-de-classes-na-filosofia-marxista,Filosofia,A Luta de Classes na Filosofia Marxista,ajustar,media,"Camadas Relações de produção / Classe em si / Ideologia e Estado / Classe para si representam uma organização espacial pertinente, porém o único vínculo gráfico parte da base. Completar as relações específicas descritas em A tese central; Classe em si e para si; Ideologia e Estado, inclusive ação coletiva, mediação ou retorno quando a fonte os exige; definem grupos antagônicos conforme controlam ou não os meios de produção; existe objetivamente antes mesmo de reconhecer seus interesses comuns.","Capturas centrais claras de 390/1440; tablet e tema escuro medidos no navegador sem inspeção visual de todos os recortes. | Movimento reduzido e efeitos mínimos; não verificados todos os estados/animações, zoom/pan ou arrastar/teclado. | Sem aprovação editorial; ausência de overflow não equivale a cena fiel."
summary-filosofia-nietzsche-e-a-critica-aos-valores-morais,Filosofia,Nietzsche e a Crítica aos Valores Morais,redesenhar,alta,"Dois círculos Valor universal / Colapso niilista / Criação ativa trocam de posição; o terceiro rótulo só aparece embaixo. A fonte descreve a moral que chamamos de ""bons costumes"" parece nascer de reflexão neutra sobre o bem — aparência que a genealogia desmonta ao rastrear sua origem histórica; a crença que sustentava valores morais absolutos entra em colapso, abrindo o niilismo, o vazio de sentido diante da ausência de novos valores. Trocar círculos não torna visível a contradição/produção de ideia ou genealogia: desenhar a transformação conceitual específica deste capítulo.","Capturas centrais claras de 390/1440; tablet e tema escuro medidos no navegador sem inspeção visual de todos os recortes. | Movimento reduzido e efeitos mínimos; não verificados todos os estados/animações, zoom/pan ou arrastar/teclado. | Sem aprovação editorial; ausência de overflow não equivale a cena fiel."
summary-filosofia-o-existencialismo-de-sartre,Filosofia,O Existencialismo de Sartre,ajustar,media,"A sequência Existência precede essência / Liberdade radical / Responsabilidade universal / Má-fé explicita ordem, mas os retângulos mostram apenas rótulos, com os elos futuros muito esmaecidos. Tornar a ligação pedagógica visível com um exemplo do capítulo (sem Deus como artesão cósmico, o ser humano primeiro existe e só depois se define por suas escolhas; não há natureza humana fixa e prévia; porque nada determina previamente o que o ser humano é, cada indivíduo é inteiramente responsável por aquilo em que se torna), além de avançar a seleção e mostrar prosa.","Capturas centrais claras de 390/1440; tablet e tema escuro medidos no navegador sem inspeção visual de todos os recortes. | Movimento reduzido e efeitos mínimos; não verificados todos os estados/animações, zoom/pan ou arrastar/teclado. | Sem aprovação editorial; ausência de overflow não equivale a cena fiel."
summary-filosofia-a-escola-de-frankfurt-e-a-industria-cultural,Filosofia,A Escola de Frankfurt e a Indústria Cultural,ajustar,media,"Camadas Lógica do lucro / Padronização / Pseudoindividualização / Passividade representam uma organização espacial pertinente, porém o único vínculo gráfico parte da base. Completar as relações específicas descritas em Teoria crítica; Razão instrumental; Indústria cultural, inclusive ação coletiva, mediação ou retorno quando a fonte os exige; organiza a produção cultural como indústria planejada para consumo; obras aparentemente diferentes repetem a mesma fórmula.","Capturas centrais claras de 390/1440; tablet e tema escuro medidos no navegador sem inspeção visual de todos os recortes. | Movimento reduzido e efeitos mínimos; não verificados todos os estados/animações, zoom/pan ou arrastar/teclado. | Sem aprovação editorial; ausência de overflow não equivale a cena fiel."
summary-filosofia-foucault-e-as-relacoes-de-poder,Filosofia,Foucault e as Relações de Poder,redesenhar,alta,"A figura central exibe pilares vazios rotulados Modelo jurídico / Poder relacional / Poder produtivo. O capítulo exige visualizar relações específicas (trata o poder como posse centralizada no Estado e exercida sobretudo por proibição; o poder circula numa rede capilar de interações e instituições cotidianas); selecionar um pilar muda foco/altura e revela prosa, sem representar esse mecanismo. Construir comparação visual do objeto ou situação descrita, evitando reutilizar somente nomes sobre as mesmas colunas.","Capturas centrais claras de 390/1440; tablet e tema escuro medidos no navegador sem inspeção visual de todos os recortes. | Movimento reduzido e efeitos mínimos; não verificados todos os estados/animações, zoom/pan ou arrastar/teclado. | Sem aprovação editorial; ausência de overflow não equivale a cena fiel."
summary-filosofia-justica-e-direitos-humanos,Filosofia,Justiça e Direitos Humanos,redesenhar,alta,"A figura central exibe pilares vazios rotulados Teoria procedimental (Rawls) / Teoria histórica (Nozick) / Teorias de resultado. O capítulo exige visualizar relações específicas (se o procedimento de escolha foi imparcial, o resultado distributivo é justo, seja ele qual for; uma distribuição é justa se vem de aquisições e transferências voluntárias legítimas, não de um padrão final); selecionar um pilar muda foco/altura e revela prosa, sem representar esse mecanismo. Construir comparação visual do objeto ou situação descrita, evitando reutilizar somente nomes sobre as mesmas colunas.","Capturas centrais claras de 390/1440; tablet e tema escuro medidos no navegador sem inspeção visual de todos os recortes. | Movimento reduzido e efeitos mínimos; não verificados todos os estados/animações, zoom/pan ou arrastar/teclado. | Sem aprovação editorial; ausência de overflow não equivale a cena fiel."
summary-filosofia-etica-aplicada-e-bioetica,Filosofia,Ética Aplicada e Bioética,redesenhar,alta,"A figura central exibe pilares vazios rotulados Autonomia / Beneficência / O conflito real. O capítulo exige visualizar relações específicas (o paciente tem direito de decidir, informado, sobre o próprio corpo e tratamento; a equipe médica tem a obrigação positiva de promover o bem-estar do paciente); selecionar um pilar muda foco/altura e revela prosa, sem representar esse mecanismo. Construir comparação visual do objeto ou situação descrita, evitando reutilizar somente nomes sobre as mesmas colunas.","Capturas centrais claras de 390/1440; tablet e tema escuro medidos no navegador sem inspeção visual de todos os recortes. | Movimento reduzido e efeitos mínimos; não verificados todos os estados/animações, zoom/pan ou arrastar/teclado. | Sem aprovação editorial; ausência de overflow não equivale a cena fiel."
summary-filosofia-filosofia-politica-contemporanea,Filosofia,Filosofia Política Contemporânea,redesenhar,alta,"A figura central exibe pilares vazios rotulados Rawls / Sandel / Habermas. O capítulo exige visualizar relações específicas (princípios de justiça devem ser escolhidos por trás de um véu da ignorância imparcial; a pessoa é constituída por seus vínculos comunitários, não um indivíduo abstrato e descolado); selecionar um pilar muda foco/altura e revela prosa, sem representar esse mecanismo. Construir comparação visual do objeto ou situação descrita, evitando reutilizar somente nomes sobre as mesmas colunas.","Capturas centrais claras de 390/1440; tablet e tema escuro medidos no navegador sem inspeção visual de todos os recortes. | Movimento reduzido e efeitos mínimos; não verificados todos os estados/animações, zoom/pan ou arrastar/teclado. | Sem aprovação editorial; ausência de overflow não equivale a cena fiel."
summary-sociologia-o-contexto-historico-do-surgimento-da-sociologia,Sociologia,O Contexto Histórico do Surgimento da Sociologia,redesenhar,alta,"A figura central exibe pilares vazios rotulados Durkheim / Marx / Weber. O capítulo exige visualizar relações específicas (o objeto próprio é o fato social e a coesão; o objeto próprio são as relações de produção e a luta de classes); selecionar um pilar muda foco/altura e revela prosa, sem representar esse mecanismo. Construir comparação visual do objeto ou situação descrita, evitando reutilizar somente nomes sobre as mesmas colunas.","Capturas centrais claras de 390/1440; tablet e tema escuro medidos no navegador sem inspeção visual de todos os recortes. | Movimento reduzido e efeitos mínimos; não verificados todos os estados/animações, zoom/pan ou arrastar/teclado. | Sem aprovação editorial; ausência de overflow não equivale a cena fiel."
summary-sociologia-o-que-e-o-fato-social,Sociologia,O que é o Fato Social,ajustar,media,"Os cartões Exterioridade / Coercitividade / Generalidade e a reunião de condições têm relação com As três características; Tratar como coisa; Normal e patológico; falta um caso concreto visual no qual marcar ou retirar uma condição altere a situação, em vez de somente mudar checklist e texto de veredito. Fonte: existe antes e independentemente do indivíduo; impõe-se ao indivíduo e a transgressão gera sanção.","Capturas centrais claras de 390/1440; tablet e tema escuro medidos no navegador sem inspeção visual de todos os recortes. | Movimento reduzido e efeitos mínimos; não verificados todos os estados/animações, zoom/pan ou arrastar/teclado. | Sem aprovação editorial; ausência de overflow não equivale a cena fiel."
summary-sociologia-sociologia-e-senso-comum,Sociologia,Sociologia e Senso Comum,redesenhar,alta,"A figura central exibe pilares vazios rotulados Senso comum / Sociologia. O capítulo exige visualizar relações específicas (orienta a vida cotidiana e frequentemente funciona, sem exigir verificação; exige romper com as pré-noções, definir conceitos com rigor e submeter conclusões à crítica); selecionar um pilar muda foco/altura e revela prosa, sem representar esse mecanismo. Construir comparação visual do objeto ou situação descrita, evitando reutilizar somente nomes sobre as mesmas colunas.","Capturas centrais claras de 390/1440; tablet e tema escuro medidos no navegador sem inspeção visual de todos os recortes. | Movimento reduzido e efeitos mínimos; não verificados todos os estados/animações, zoom/pan ou arrastar/teclado. | Sem aprovação editorial; ausência de overflow não equivale a cena fiel."
summary-sociologia-solidariedade-mecanica-e-solidariedade-organica,Sociologia,Solidariedade Mecânica e Solidariedade Orgânica,ajustar,media,"Membros semelhantes e funções especializadas conectadas representam os dois fundamentos de coesão descritos na fonte. Mecanismo pertinente; acrescentar direitos repressivo/restitutivo como indicadores e exemplos mais autorais das funções. | Console do navegador registra rect rx=""undefined"" durante a visita. A fonte usa motion.rect com rx só em animate, sem valor inicial. A figura foi capturada, mas a renderização não é limpa; fornecer atributo rx válido no quadro inicial e verificar a alternância.","Capturas centrais claras de 390/1440; tablet e tema escuro medidos no navegador sem inspeção visual de todos os recortes. | Movimento reduzido e efeitos mínimos; não verificados todos os estados/animações, zoom/pan ou arrastar/teclado. | Sem aprovação editorial; ausência de overflow não equivale a cena fiel."
summary-sociologia-anomia-e-coesao-social,Sociologia,Anomia e Coesão Social,ajustar,media,"A grade cruza categorias Egoísta / Altruísta / Anômico / Fatalista com eixos legíveis e fonte correspondente. Preservar o cruzamento e acrescentar exemplos visuais vinculados a O conceito de anomia; O estudo sobre o suicídio; Coesão e instituições, evitando limitar o capítulo a nomes de células.","Capturas centrais claras de 390/1440; tablet e tema escuro medidos no navegador sem inspeção visual de todos os recortes. | Movimento reduzido e efeitos mínimos; não verificados todos os estados/animações, zoom/pan ou arrastar/teclado. | Sem aprovação editorial; ausência de overflow não equivale a cena fiel."
summary-sociologia-educacao-e-socializacao-em-durkheim,Sociologia,Educação e Socialização em Durkheim,ajustar,media,"A sequência Transmissão de normas / Homogeneidade mínima / Coesão garantida explicita ordem, mas os retângulos mostram apenas rótulos, com os elos futuros muito esmaecidos. Tornar a ligação pedagógica visível com um exemplo do capítulo (transmite normas, valores e conhecimentos necessários à vida coletiva; produz a homogeneidade mínima sem a qual a sociedade não se sustenta), além de avançar a seleção e mostrar prosa.","Capturas centrais claras de 390/1440; tablet e tema escuro medidos no navegador sem inspeção visual de todos os recortes. | Movimento reduzido e efeitos mínimos; não verificados todos os estados/animações, zoom/pan ou arrastar/teclado. | Sem aprovação editorial; ausência de overflow não equivale a cena fiel."
summary-sociologia-modo-de-producao-e-estrutura-social,Sociologia,Modo de Produção e Estrutura Social,ajustar,media,"Camadas Base econômica / Superestrutura representam uma organização espacial pertinente, porém o único vínculo gráfico parte da base. Completar as relações específicas descritas em O conceito; Base e superestrutura; Sucessão histórica, inclusive ação coletiva, mediação ou retorno quando a fonte os exige; condiciona a superestrutura jurídica, política e ideológica; atua de volta sobre a base, com autonomia relativa e efeitos próprios.","Capturas centrais claras de 390/1440; tablet e tema escuro medidos no navegador sem inspeção visual de todos os recortes. | Movimento reduzido e efeitos mínimos; não verificados todos os estados/animações, zoom/pan ou arrastar/teclado. | Sem aprovação editorial; ausência de overflow não equivale a cena fiel."
summary-sociologia-ideologia-e-alienacao,Sociologia,Ideologia e Alienação,ajustar,media,"Camadas Trabalho social / Ideologia representam uma organização espacial pertinente, porém o único vínculo gráfico parte da base. Completar as relações específicas descritas em Ideologia; Alienação; Fetichismo da mercadoria, inclusive ação coletiva, mediação ou retorno quando a fonte os exige; produz o valor da mercadoria, ainda que essa origem fique oculta; apresenta interesses particulares de uma classe como se fossem universais e naturais.","Capturas centrais claras de 390/1440; tablet e tema escuro medidos no navegador sem inspeção visual de todos os recortes. | Movimento reduzido e efeitos mínimos; não verificados todos os estados/animações, zoom/pan ou arrastar/teclado. | Sem aprovação editorial; ausência de overflow não equivale a cena fiel."
summary-sociologia-a-luta-de-classes-na-analise-sociologica,Sociologia,A Luta de Classes na Análise Sociológica,redesenhar,alta,"A figura central exibe pilares vazios rotulados Marx / Weber / Bourdieu. O capítulo exige visualizar relações específicas (a posição nas relações de produção — possuir ou não meios de produção; classe econômica somada a status e poder, dimensões que podem não coincidir); selecionar um pilar muda foco/altura e revela prosa, sem representar esse mecanismo. Construir comparação visual do objeto ou situação descrita, evitando reutilizar somente nomes sobre as mesmas colunas.","Capturas centrais claras de 390/1440; tablet e tema escuro medidos no navegador sem inspeção visual de todos os recortes. | Movimento reduzido e efeitos mínimos; não verificados todos os estados/animações, zoom/pan ou arrastar/teclado. | Sem aprovação editorial; ausência de overflow não equivale a cena fiel."
summary-sociologia-tipos-de-acao-social,Sociologia,Tipos de Ação Social,redesenhar,alta,"Cartões de texto apresentam Racional c/ fins / Racional c/ valores / Afetiva / Tradicional; a cena não contém ações, atores ou fluxos que mostrem a diferença entre os mecanismos. A fonte trata de calcula meios adequados para objetivos escolhidos; age por convicção, independentemente das consequências. Transformar a classificação em comparação de situações concretas, preservando as ressalvas do texto.","Capturas centrais claras de 390/1440; tablet e tema escuro medidos no navegador sem inspeção visual de todos os recortes. | Movimento reduzido e efeitos mínimos; não verificados todos os estados/animações, zoom/pan ou arrastar/teclado. | Sem aprovação editorial; ausência de overflow não equivale a cena fiel."
summary-sociologia-dominacao-e-poder-em-weber,Sociologia,Dominação e Poder em Weber,redesenhar,alta,"Cartões de texto apresentam Tradicional / Carismática / Racional-legal; a cena não contém ações, atores ou fluxos que mostrem a diferença entre os mecanismos. A fonte trata de funda-se no costume e na santidade das tradições; funda-se em qualidades extraordinárias atribuídas ao líder. Transformar a classificação em comparação de situações concretas, preservando as ressalvas do texto.","Capturas centrais claras de 390/1440; tablet e tema escuro medidos no navegador sem inspeção visual de todos os recortes. | Movimento reduzido e efeitos mínimos; não verificados todos os estados/animações, zoom/pan ou arrastar/teclado. | Sem aprovação editorial; ausência de overflow não equivale a cena fiel."
summary-sociologia-etica-protestante-e-o-espirito-do-capitalismo,Sociologia,Ética Protestante e o Espírito do Capitalismo,ajustar,media,"A sequência Angústia da salvação / Êxito como sinal de graça / Acumulação sistemática explicita ordem, mas os retângulos mostram apenas rótulos, com os elos futuros muito esmaecidos. Tornar a ligação pedagógica visível com um exemplo do capítulo (a doutrina da predestinação gerava angústia sobre a salvação; o êxito no trabalho, lido como vocação, passou a ser sinal possível de graça, e a ascese desestimulava o consumo), além de avançar a seleção e mostrar prosa.","Capturas centrais claras de 390/1440; tablet e tema escuro medidos no navegador sem inspeção visual de todos os recortes. | Movimento reduzido e efeitos mínimos; não verificados todos os estados/animações, zoom/pan ou arrastar/teclado. | Sem aprovação editorial; ausência de overflow não equivale a cena fiel."
summary-sociologia-cultura-e-etnocentrismo,Sociologia,Cultura e Etnocentrismo,redesenhar,alta,"A figura central exibe pilares vazios rotulados Etnocentrismo / Estranhamento. O capítulo exige visualizar relações específicas (julga outras culturas a partir dos valores da própria, tomando os próprios costumes como padrão do correto; estranha o familiar e familiariza o estranho, reconhecendo lógica interna em cada cultura); selecionar um pilar muda foco/altura e revela prosa, sem representar esse mecanismo. Construir comparação visual do objeto ou situação descrita, evitando reutilizar somente nomes sobre as mesmas colunas.","Capturas centrais claras de 390/1440; tablet e tema escuro medidos no navegador sem inspeção visual de todos os recortes. | Movimento reduzido e efeitos mínimos; não verificados todos os estados/animações, zoom/pan ou arrastar/teclado. | Sem aprovação editorial; ausência de overflow não equivale a cena fiel."
summary-sociologia-identidade-e-diferenca,Sociologia,Identidade e Diferença,ajustar,media,"Os cartões Reconhecimento / Redistribuição e a reunião de condições têm relação com Identidade como construção; Identidades coletivas; Diferença e desigualdade; falta um caso concreto visual no qual marcar ou retirar uma condição altere a situação, em vez de somente mudar checklist e texto de veredito. Fonte: reconhecer identidades é necessário, mas sozinho não basta; enfrentar as desigualdades materiais também é necessário.","Capturas centrais claras de 390/1440; tablet e tema escuro medidos no navegador sem inspeção visual de todos os recortes. | Movimento reduzido e efeitos mínimos; não verificados todos os estados/animações, zoom/pan ou arrastar/teclado. | Sem aprovação editorial; ausência de overflow não equivale a cena fiel."
summary-sociologia-multiculturalismo-e-relativismo-cultural,Sociologia,Multiculturalismo e Relativismo Cultural,redesenhar,alta,"A figura central exibe pilares vazios rotulados Relativismo metodológico / Relativismo moral radical. O capítulo exige visualizar relações específicas (compreende práticas pela lógica interna de cada sociedade; é ferramenta de pesquisa contra o etnocentrismo; sustenta que nenhum juízo entre culturas é possível, o que inviabiliza a defesa de direitos); selecionar um pilar muda foco/altura e revela prosa, sem representar esse mecanismo. Construir comparação visual do objeto ou situação descrita, evitando reutilizar somente nomes sobre as mesmas colunas.","Capturas centrais claras de 390/1440; tablet e tema escuro medidos no navegador sem inspeção visual de todos os recortes. | Movimento reduzido e efeitos mínimos; não verificados todos os estados/animações, zoom/pan ou arrastar/teclado. | Sem aprovação editorial; ausência de overflow não equivale a cena fiel."
summary-sociologia-classes-sociais-e-mobilidade-social,Sociologia,Classes Sociais e Mobilidade Social,ajustar,media,"A grade cruza categorias Vertical intra / Vertical inter / Horizontal intra / Horizontal inter com eixos legíveis e fonte correspondente. Preservar o cruzamento e acrescentar exemplos visuais vinculados a Estratificação; Tipos de mobilidade; Barreiras à mobilidade, evitando limitar o capítulo a nomes de células.","Capturas centrais claras de 390/1440; tablet e tema escuro medidos no navegador sem inspeção visual de todos os recortes. | Movimento reduzido e efeitos mínimos; não verificados todos os estados/animações, zoom/pan ou arrastar/teclado. | Sem aprovação editorial; ausência de overflow não equivale a cena fiel."
summary-sociologia-desigualdade-racial-no-brasil,Sociologia,Desigualdade Racial no Brasil,redesenhar,alta,"A figura central exibe pilares vazios rotulados Mito da democracia racial / Racismo estrutural. O capítulo exige visualizar relações específicas (o Brasil teria harmonia racial por causa da miscigenação; opera de forma difusa, sem leis segregacionistas explícitas, mas com efeitos concretos); selecionar um pilar muda foco/altura e revela prosa, sem representar esse mecanismo. Construir comparação visual do objeto ou situação descrita, evitando reutilizar somente nomes sobre as mesmas colunas.","Capturas centrais claras de 390/1440; tablet e tema escuro medidos no navegador sem inspeção visual de todos os recortes. | Movimento reduzido e efeitos mínimos; não verificados todos os estados/animações, zoom/pan ou arrastar/teclado. | Sem aprovação editorial; ausência de overflow não equivale a cena fiel."
summary-sociologia-desigualdade-de-genero,Sociologia,Desigualdade de Gênero,ajustar,media,"A sequência Distinguir sexo de gênero / Os papéis variam / Logo, são transformáveis explicita ordem, mas os retângulos mostram apenas rótulos, com os elos futuros muito esmaecidos. Tornar a ligação pedagógica visível com um exemplo do capítulo (sexo remete a características biológicas e gênero a construções sociais de masculinidade e feminilidade; papéis considerados naturais variam entre sociedades e ao longo da história), além de avançar a seleção e mostrar prosa.","Capturas centrais claras de 390/1440; tablet e tema escuro medidos no navegador sem inspeção visual de todos os recortes. | Movimento reduzido e efeitos mínimos; não verificados todos os estados/animações, zoom/pan ou arrastar/teclado. | Sem aprovação editorial; ausência de overflow não equivale a cena fiel."
summary-sociologia-divisao-social-do-trabalho,Sociologia,Divisão Social do Trabalho,redesenhar,alta,"A figura central exibe pilares vazios rotulados Durkheim / Marx. O capítulo exige visualizar relações específicas (é fonte de solidariedade orgânica e coesão nas sociedades modernas; sob o capitalismo, é mecanismo de alienação e de aumento da exploração); selecionar um pilar muda foco/altura e revela prosa, sem representar esse mecanismo. Construir comparação visual do objeto ou situação descrita, evitando reutilizar somente nomes sobre as mesmas colunas.","Capturas centrais claras de 390/1440; tablet e tema escuro medidos no navegador sem inspeção visual de todos os recortes. | Movimento reduzido e efeitos mínimos; não verificados todos os estados/animações, zoom/pan ou arrastar/teclado. | Sem aprovação editorial; ausência de overflow não equivale a cena fiel."
summary-sociologia-transformacoes-no-mundo-do-trabalho,Sociologia,Transformações no Mundo do Trabalho,redesenhar,alta,"A figura central exibe pilares vazios rotulados Desemprego massivo / Novas ocupações. O capítulo exige visualizar relações específicas (a automação e a IA provocariam desemprego tecnológico massivo; a automação cria novas ocupações e muda o perfil do emprego, sem gerar desemprego generalizado); selecionar um pilar muda foco/altura e revela prosa, sem representar esse mecanismo. Construir comparação visual do objeto ou situação descrita, evitando reutilizar somente nomes sobre as mesmas colunas.","Capturas centrais claras de 390/1440; tablet e tema escuro medidos no navegador sem inspeção visual de todos os recortes. | Movimento reduzido e efeitos mínimos; não verificados todos os estados/animações, zoom/pan ou arrastar/teclado. | Sem aprovação editorial; ausência de overflow não equivale a cena fiel."
summary-sociologia-precarizacao-e-uberizacao-do-trabalho,Sociologia,Precarização e Uberização do Trabalho,ajustar,media,"A sequência Ritmo e preço definidos / Controle algorítmico / Subordinação explicita ordem, mas os retângulos mostram apenas rótulos, com os elos futuros muito esmaecidos. Tornar a ligação pedagógica visível com um exemplo do capítulo (o trabalhador é classificado como parceiro autônomo, mas tem ritmo, preço e avaliação definidos pela plataforma; o algoritmo define preço, distribuição de tarefas, avaliação e possibilidade de bloqueio), além de avançar a seleção e mostrar prosa.","Capturas centrais claras de 390/1440; tablet e tema escuro medidos no navegador sem inspeção visual de todos os recortes. | Movimento reduzido e efeitos mínimos; não verificados todos os estados/animações, zoom/pan ou arrastar/teclado. | Sem aprovação editorial; ausência de overflow não equivale a cena fiel."
summary-sociologia-movimentos-sociais-classicos-e-contemporaneos,Sociologia,Movimentos Sociais Clássicos e Contemporâneos,redesenhar,alta,"Cartões de texto apresentam Clássicos / Novos movimentos; a cena não contém ações, atores ou fluxos que mostrem a diferença entre os mecanismos. A fonte trata de organizavam-se em torno de trabalho, salário e condições de produção; articulam-se em torno de identidade, reconhecimento e qualidade de vida. Transformar a classificação em comparação de situações concretas, preservando as ressalvas do texto.","Capturas centrais claras de 390/1440; tablet e tema escuro medidos no navegador sem inspeção visual de todos os recortes. | Movimento reduzido e efeitos mínimos; não verificados todos os estados/animações, zoom/pan ou arrastar/teclado. | Sem aprovação editorial; ausência de overflow não equivale a cena fiel."
summary-sociologia-cidadania-e-direitos,Sociologia,Cidadania e Direitos,ajustar,media,"Degraus Civis / Políticos / Sociais / Difusos e digitais comunicam ordem, mas não exibem os objetos e distinções do capítulo (ligados à liberdade individual e à propriedade; ligados à participação e ao voto). Incorporar exemplos e relações à escala; não depender exclusivamente do comentário fora do desenho.","Capturas centrais claras de 390/1440; tablet e tema escuro medidos no navegador sem inspeção visual de todos os recortes. | Movimento reduzido e efeitos mínimos; não verificados todos os estados/animações, zoom/pan ou arrastar/teclado. | Sem aprovação editorial; ausência de overflow não equivale a cena fiel."
summary-sociologia-democracia-e-participacao-politica,Sociologia,Democracia e Participação Política,redesenhar,alta,"Cartões de texto apresentam Direta / Representativa / Participativa; a cena não contém ações, atores ou fluxos que mostrem a diferença entre os mecanismos. A fonte trata de é exercida em assembleia, possível em comunidades pequenas; delega a decisão a eleitos. Transformar a classificação em comparação de situações concretas, preservando as ressalvas do texto.","Capturas centrais claras de 390/1440; tablet e tema escuro medidos no navegador sem inspeção visual de todos os recortes. | Movimento reduzido e efeitos mínimos; não verificados todos os estados/animações, zoom/pan ou arrastar/teclado. | Sem aprovação editorial; ausência de overflow não equivale a cena fiel."
summary-sociologia-globalizacao-economica-e-cultural,Sociologia,Globalização Econômica e Cultural,redesenhar,alta,"Cartões de texto apresentam Homogeneização / Hibridismo / Identidades locais; a cena não contém ações, atores ou fluxos que mostrem a diferença entre os mecanismos. A fonte trata de ocorre em certos consumos; reelabora localmente elementos externos. Transformar a classificação em comparação de situações concretas, preservando as ressalvas do texto.","Capturas centrais claras de 390/1440; tablet e tema escuro medidos no navegador sem inspeção visual de todos os recortes. | Movimento reduzido e efeitos mínimos; não verificados todos os estados/animações, zoom/pan ou arrastar/teclado. | Sem aprovação editorial; ausência de overflow não equivale a cena fiel."
summary-sociologia-o-estado-nacao-na-era-global,Sociologia,O Estado-Nação na Era Global,redesenhar,alta,"Cartões de texto apresentam Soberania relativizada / Estado persiste / Nacionalismo; a cena não contém ações, atores ou fluxos que mostrem a diferença entre os mecanismos. A fonte trata de é relativizada por fluxos financeiros, acordos e organismos multilaterais; continua assegurando contratos, regulando mercados e respondendo a crises. Transformar a classificação em comparação de situações concretas, preservando as ressalvas do texto.","Capturas centrais claras de 390/1440; tablet e tema escuro medidos no navegador sem inspeção visual de todos os recortes. | Movimento reduzido e efeitos mínimos; não verificados todos os estados/animações, zoom/pan ou arrastar/teclado. | Sem aprovação editorial; ausência de overflow não equivale a cena fiel."
summary-sociologia-a-sociedade-da-informacao,Sociologia,A Sociedade da Informação,ajustar,media,"Os cartões Conexão / Qualidade / Uso crítico e a reunião de condições têm relação com Características; Desigualdade digital; Dados, algoritmos e poder; falta um caso concreto visual no qual marcar ou retirar uma condição altere a situação, em vez de somente mudar checklist e texto de veredito. Fonte: disponibilidade de conexão e dispositivos; qualidade do acesso.","Capturas centrais claras de 390/1440; tablet e tema escuro medidos no navegador sem inspeção visual de todos os recortes. | Movimento reduzido e efeitos mínimos; não verificados todos os estados/animações, zoom/pan ou arrastar/teclado. | Sem aprovação editorial; ausência de overflow não equivale a cena fiel."
summary-lingua-inglesa-text-comprehension-taxonomy-and-terminology,Língua Inglesa,Text Comprehension: Taxonomy and Terminology,redesenhar,alta,"O experimento mostra ônibus atrasado/Maya e inferências sobre reunião; não organiza classificação, termos científicos ou hierarquia taxonômica do capítulo.","Inspeção visual das capturas centrais claras 390/1440; tablet e tema escuro medidos pelo harness, sem captura visual integral. | Execução com fundo caderno, efeitos mínimos e reduced motion; outros fundos/níveis e movimento completo não verificados. | Três modos e primeiro botão visível exercitados; texto mudou em apenas 1/92. A seleção pode já estar ativa ou abrir diagnóstico; isso não valida sliders, estados alternativos, teclado, drag/drop ou Caderno. Não constitui aprovação editorial. | Recorte central não permite afirmar ausência de oclusões na página inteira; barra móvel visível em algumas capturas não foi classificada como defeito."
summary-lingua-inglesa-text-comprehension-songs-and-poems,Língua Inglesa,Text Comprehension: Songs and Poems,ajustar,media,"O mecanismo/recorte tem relação identificável com Text Comprehension: Songs and Poems; preservar a operação e reforçar a composição editorial com anotações, hierarquia e relações visuais integradas. Na captura central atual predominam linhas simples, caixas/ícones e tipografia uniforme, abaixo da riqueza autoral das referências aprovadas.","Inspeção visual das capturas centrais claras 390/1440; tablet e tema escuro medidos pelo harness, sem captura visual integral. | Execução com fundo caderno, efeitos mínimos e reduced motion; outros fundos/níveis e movimento completo não verificados. | Três modos e primeiro botão visível exercitados; texto mudou em apenas 1/92. A seleção pode já estar ativa ou abrir diagnóstico; isso não valida sliders, estados alternativos, teclado, drag/drop ou Caderno. Não constitui aprovação editorial. | Recorte central não permite afirmar ausência de oclusões na página inteira; barra móvel visível em algumas capturas não foi classificada como defeito."
summary-lingua-inglesa-text-comprehension-calories-and-energy,Língua Inglesa,Text Comprehension: Calories and Energy,ajustar,media,"O mecanismo/recorte tem relação identificável com Text Comprehension: Calories and Energy; preservar a operação e reforçar a composição editorial com anotações, hierarquia e relações visuais integradas. Na captura central atual predominam linhas simples, caixas/ícones e tipografia uniforme, abaixo da riqueza autoral das referências aprovadas.","Inspeção visual das capturas centrais claras 390/1440; tablet e tema escuro medidos pelo harness, sem captura visual integral. | Execução com fundo caderno, efeitos mínimos e reduced motion; outros fundos/níveis e movimento completo não verificados. | Três modos e primeiro botão visível exercitados; texto mudou em apenas 1/92. A seleção pode já estar ativa ou abrir diagnóstico; isso não valida sliders, estados alternativos, teclado, drag/drop ou Caderno. Não constitui aprovação editorial. | Recorte central não permite afirmar ausência de oclusões na página inteira; barra móvel visível em algumas capturas não foi classificada como defeito."
summary-lingua-inglesa-text-comprehension-earthquakes,Língua Inglesa,Text Comprehension: Earthquakes,ajustar,media,"O mecanismo/recorte tem relação identificável com Text Comprehension: Earthquakes; preservar a operação e reforçar a composição editorial com anotações, hierarquia e relações visuais integradas. Na captura central atual predominam linhas simples, caixas/ícones e tipografia uniforme, abaixo da riqueza autoral das referências aprovadas.","Inspeção visual das capturas centrais claras 390/1440; tablet e tema escuro medidos pelo harness, sem captura visual integral. | Execução com fundo caderno, efeitos mínimos e reduced motion; outros fundos/níveis e movimento completo não verificados. | Três modos e primeiro botão visível exercitados; texto mudou em apenas 1/92. A seleção pode já estar ativa ou abrir diagnóstico; isso não valida sliders, estados alternativos, teclado, drag/drop ou Caderno. Não constitui aprovação editorial. | Recorte central não permite afirmar ausência de oclusões na página inteira; barra móvel visível em algumas capturas não foi classificada como defeito."
summary-lingua-inglesa-text-comprehension-hurricanes,Língua Inglesa,Text Comprehension: Hurricanes,redesenhar,alta,"O exemplo de terremoto foi reutilizado no capítulo de furacões, sem adaptar a situação e o vocabulário.","Inspeção visual das capturas centrais claras 390/1440; tablet e tema escuro medidos pelo harness, sem captura visual integral. | Execução com fundo caderno, efeitos mínimos e reduced motion; outros fundos/níveis e movimento completo não verificados. | Três modos e primeiro botão visível exercitados; texto mudou em apenas 1/92. A seleção pode já estar ativa ou abrir diagnóstico; isso não valida sliders, estados alternativos, teclado, drag/drop ou Caderno. Não constitui aprovação editorial. | Recorte central não permite afirmar ausência de oclusões na página inteira; barra móvel visível em algumas capturas não foi classificada como defeito."
summary-lingua-inglesa-text-comprehension-ecology-greenhouse-gases,Língua Inglesa,Text Comprehension: Ecology (Greenhouse Gases),ajustar,media,"O mecanismo/recorte tem relação identificável com Text Comprehension: Ecology (Greenhouse Gases); preservar a operação e reforçar a composição editorial com anotações, hierarquia e relações visuais integradas. Na captura central atual predominam linhas simples, caixas/ícones e tipografia uniforme, abaixo da riqueza autoral das referências aprovadas.","Inspeção visual das capturas centrais claras 390/1440; tablet e tema escuro medidos pelo harness, sem captura visual integral. | Execução com fundo caderno, efeitos mínimos e reduced motion; outros fundos/níveis e movimento completo não verificados. | Três modos e primeiro botão visível exercitados; texto mudou em apenas 1/92. A seleção pode já estar ativa ou abrir diagnóstico; isso não valida sliders, estados alternativos, teclado, drag/drop ou Caderno. Não constitui aprovação editorial. | Recorte central não permite afirmar ausência de oclusões na página inteira; barra móvel visível em algumas capturas não foi classificada como defeito."
summary-lingua-inglesa-text-comprehension-pollution,Língua Inglesa,Text Comprehension: Pollution,ajustar,media,"O mecanismo/recorte tem relação identificável com Text Comprehension: Pollution; preservar a operação e reforçar a composição editorial com anotações, hierarquia e relações visuais integradas. Na captura central atual predominam linhas simples, caixas/ícones e tipografia uniforme, abaixo da riqueza autoral das referências aprovadas.","Inspeção visual das capturas centrais claras 390/1440; tablet e tema escuro medidos pelo harness, sem captura visual integral. | Execução com fundo caderno, efeitos mínimos e reduced motion; outros fundos/níveis e movimento completo não verificados. | Três modos e primeiro botão visível exercitados; texto mudou em apenas 1/92. A seleção pode já estar ativa ou abrir diagnóstico; isso não valida sliders, estados alternativos, teclado, drag/drop ou Caderno. Não constitui aprovação editorial. | Recorte central não permite afirmar ausência de oclusões na página inteira; barra móvel visível em algumas capturas não foi classificada como defeito."
summary-lingua-inglesa-text-comprehension-the-human-brain,Língua Inglesa,Text Comprehension: The Human Brain,ajustar,media,"O mecanismo/recorte tem relação identificável com Text Comprehension: The Human Brain; preservar a operação e reforçar a composição editorial com anotações, hierarquia e relações visuais integradas. Na captura central atual predominam linhas simples, caixas/ícones e tipografia uniforme, abaixo da riqueza autoral das referências aprovadas.","Inspeção visual das capturas centrais claras 390/1440; tablet e tema escuro medidos pelo harness, sem captura visual integral. | Execução com fundo caderno, efeitos mínimos e reduced motion; outros fundos/níveis e movimento completo não verificados. | Três modos e primeiro botão visível exercitados; texto mudou em apenas 1/92. A seleção pode já estar ativa ou abrir diagnóstico; isso não valida sliders, estados alternativos, teclado, drag/drop ou Caderno. Não constitui aprovação editorial. | Recorte central não permite afirmar ausência de oclusões na página inteira; barra móvel visível em algumas capturas não foi classificada como defeito."
summary-lingua-inglesa-text-comprehension-global-warming,Língua Inglesa,Text Comprehension: Global Warming,redesenhar,alta,"A prancha compara sono e memória no capítulo de aquecimento global. A estratégia de cautela científica é pertinente, mas a situação central pertence a outro assunto.","Inspeção visual das capturas centrais claras 390/1440; tablet e tema escuro medidos pelo harness, sem captura visual integral. | Execução com fundo caderno, efeitos mínimos e reduced motion; outros fundos/níveis e movimento completo não verificados. | Três modos e primeiro botão visível exercitados; texto mudou em apenas 1/92. A seleção pode já estar ativa ou abrir diagnóstico; isso não valida sliders, estados alternativos, teclado, drag/drop ou Caderno. Não constitui aprovação editorial. | Recorte central não permite afirmar ausência de oclusões na página inteira; barra móvel visível em algumas capturas não foi classificada como defeito."
summary-lingua-inglesa-text-comprehension-novels-short-stories,Língua Inglesa,Text Comprehension: Novels/Short Stories,ajustar,media,"O mecanismo/recorte tem relação identificável com Text Comprehension: Novels/Short Stories; preservar a operação e reforçar a composição editorial com anotações, hierarquia e relações visuais integradas. Na captura central atual predominam linhas simples, caixas/ícones e tipografia uniforme, abaixo da riqueza autoral das referências aprovadas.","Inspeção visual das capturas centrais claras 390/1440; tablet e tema escuro medidos pelo harness, sem captura visual integral. | Execução com fundo caderno, efeitos mínimos e reduced motion; outros fundos/níveis e movimento completo não verificados. | Três modos e primeiro botão visível exercitados; texto mudou em apenas 1/92. A seleção pode já estar ativa ou abrir diagnóstico; isso não valida sliders, estados alternativos, teclado, drag/drop ou Caderno. Não constitui aprovação editorial. | Recorte central não permite afirmar ausência de oclusões na página inteira; barra móvel visível em algumas capturas não foi classificada como defeito."
summary-lingua-inglesa-text-comprehension-bacteria,Língua Inglesa,Text Comprehension: Bacteria,ajustar,media,"O mecanismo/recorte tem relação identificável com Text Comprehension: Bacteria; preservar a operação e reforçar a composição editorial com anotações, hierarquia e relações visuais integradas. Na captura central atual predominam linhas simples, caixas/ícones e tipografia uniforme, abaixo da riqueza autoral das referências aprovadas.","Inspeção visual das capturas centrais claras 390/1440; tablet e tema escuro medidos pelo harness, sem captura visual integral. | Execução com fundo caderno, efeitos mínimos e reduced motion; outros fundos/níveis e movimento completo não verificados. | Três modos e primeiro botão visível exercitados; texto mudou em apenas 1/92. A seleção pode já estar ativa ou abrir diagnóstico; isso não valida sliders, estados alternativos, teclado, drag/drop ou Caderno. Não constitui aprovação editorial. | Recorte central não permite afirmar ausência de oclusões na página inteira; barra móvel visível em algumas capturas não foi classificada como defeito."
summary-lingua-inglesa-text-comprehension-viruses,Língua Inglesa,Text Comprehension: Viruses,ajustar,media,"O mecanismo/recorte tem relação identificável com Text Comprehension: Viruses; preservar a operação e reforçar a composição editorial com anotações, hierarquia e relações visuais integradas. Na captura central atual predominam linhas simples, caixas/ícones e tipografia uniforme, abaixo da riqueza autoral das referências aprovadas.","Inspeção visual das capturas centrais claras 390/1440; tablet e tema escuro medidos pelo harness, sem captura visual integral. | Execução com fundo caderno, efeitos mínimos e reduced motion; outros fundos/níveis e movimento completo não verificados. | Três modos e primeiro botão visível exercitados; texto mudou em apenas 1/92. A seleção pode já estar ativa ou abrir diagnóstico; isso não valida sliders, estados alternativos, teclado, drag/drop ou Caderno. Não constitui aprovação editorial. | Recorte central não permite afirmar ausência de oclusões na página inteira; barra móvel visível em algumas capturas não foi classificada como defeito."
summary-lingua-inglesa-text-comprehension-discrimination-against-women,Língua Inglesa,Text Comprehension: Discrimination Against Women,ajustar,media,"O mecanismo/recorte tem relação identificável com Text Comprehension: Discrimination Against Women; preservar a operação e reforçar a composição editorial com anotações, hierarquia e relações visuais integradas. Na captura central atual predominam linhas simples, caixas/ícones e tipografia uniforme, abaixo da riqueza autoral das referências aprovadas.","Inspeção visual das capturas centrais claras 390/1440; tablet e tema escuro medidos pelo harness, sem captura visual integral. | Execução com fundo caderno, efeitos mínimos e reduced motion; outros fundos/níveis e movimento completo não verificados. | Três modos e primeiro botão visível exercitados; texto mudou em apenas 1/92. A seleção pode já estar ativa ou abrir diagnóstico; isso não valida sliders, estados alternativos, teclado, drag/drop ou Caderno. Não constitui aprovação editorial. | Recorte central não permite afirmar ausência de oclusões na página inteira; barra móvel visível em algumas capturas não foi classificada como defeito."
summary-lingua-inglesa-text-comprehension-women-empowerment,Língua Inglesa,Text Comprehension: Women Empowerment,ajustar,media,"O mecanismo/recorte tem relação identificável com Text Comprehension: Women Empowerment; preservar a operação e reforçar a composição editorial com anotações, hierarquia e relações visuais integradas. Na captura central atual predominam linhas simples, caixas/ícones e tipografia uniforme, abaixo da riqueza autoral das referências aprovadas.","Inspeção visual das capturas centrais claras 390/1440; tablet e tema escuro medidos pelo harness, sem captura visual integral. | Execução com fundo caderno, efeitos mínimos e reduced motion; outros fundos/níveis e movimento completo não verificados. | Três modos e primeiro botão visível exercitados; texto mudou em apenas 1/92. A seleção pode já estar ativa ou abrir diagnóstico; isso não valida sliders, estados alternativos, teclado, drag/drop ou Caderno. Não constitui aprovação editorial. | Recorte central não permite afirmar ausência de oclusões na página inteira; barra móvel visível em algumas capturas não foi classificada como defeito."
summary-lingua-inglesa-text-comprehension-digital-technology,Língua Inglesa,Text Comprehension: Digital Technology,redesenhar,alta,"A prancha define pathogen no capítulo de tecnologia digital; o objeto textual central não representa tese, benefícios, riscos ou condições de uso do capítulo.","Inspeção visual das capturas centrais claras 390/1440; tablet e tema escuro medidos pelo harness, sem captura visual integral. | Execução com fundo caderno, efeitos mínimos e reduced motion; outros fundos/níveis e movimento completo não verificados. | Três modos e primeiro botão visível exercitados; texto mudou em apenas 1/92. A seleção pode já estar ativa ou abrir diagnóstico; isso não valida sliders, estados alternativos, teclado, drag/drop ou Caderno. Não constitui aprovação editorial. | Recorte central não permite afirmar ausência de oclusões na página inteira; barra móvel visível em algumas capturas não foi classificada como defeito."
summary-lingua-inglesa-text-comprehension-health-probiotics,Língua Inglesa,Text Comprehension: Health – Probiotics,redesenhar,alta,"O exemplo de sono e memória é repetido no capítulo de probióticos, sem trabalhar sua definição, condições de benefício ou limites de estudo.","Inspeção visual das capturas centrais claras 390/1440; tablet e tema escuro medidos pelo harness, sem captura visual integral. | Execução com fundo caderno, efeitos mínimos e reduced motion; outros fundos/níveis e movimento completo não verificados. | Três modos e primeiro botão visível exercitados; texto mudou em apenas 1/92. A seleção pode já estar ativa ou abrir diagnóstico; isso não valida sliders, estados alternativos, teclado, drag/drop ou Caderno. Não constitui aprovação editorial. | Recorte central não permite afirmar ausência de oclusões na página inteira; barra móvel visível em algumas capturas não foi classificada como defeito."
summary-lingua-inglesa-text-comprehension-stem-cells,Língua Inglesa,Text Comprehension: Stem Cells,redesenhar,alta,"O exemplo de terremoto é repetido no capítulo de células-tronco; não demonstra cautela sobre diferenciação, ensaio ou terapia neste domínio.","Inspeção visual das capturas centrais claras 390/1440; tablet e tema escuro medidos pelo harness, sem captura visual integral. | Execução com fundo caderno, efeitos mínimos e reduced motion; outros fundos/níveis e movimento completo não verificados. | Três modos e primeiro botão visível exercitados; texto mudou em apenas 1/92. A seleção pode já estar ativa ou abrir diagnóstico; isso não valida sliders, estados alternativos, teclado, drag/drop ou Caderno. Não constitui aprovação editorial. | Recorte central não permite afirmar ausência de oclusões na página inteira; barra móvel visível em algumas capturas não foi classificada como defeito."
summary-gramatica-lingua-um-sistema-complexo,Gramática,Língua: um Sistema Complexo,ajustar,media,"O mecanismo/recorte tem relação identificável com Língua: um Sistema Complexo; preservar a operação e reforçar a composição editorial com anotações, hierarquia e relações visuais integradas. Na captura central atual predominam linhas simples, caixas/ícones e tipografia uniforme, abaixo da riqueza autoral das referências aprovadas.","Inspeção visual das capturas centrais claras 390/1440; tablet e tema escuro medidos pelo harness, sem captura visual integral. | Execução com fundo caderno, efeitos mínimos e reduced motion; outros fundos/níveis e movimento completo não verificados. | Três modos e primeiro botão visível exercitados; texto mudou em apenas 1/92. A seleção pode já estar ativa ou abrir diagnóstico; isso não valida sliders, estados alternativos, teclado, drag/drop ou Caderno. Não constitui aprovação editorial. | Recorte central não permite afirmar ausência de oclusões na página inteira; barra móvel visível em algumas capturas não foi classificada como defeito."
summary-gramatica-variacao-linguistica,Gramática,Variação Linguística,ajustar,media,"O mecanismo/recorte tem relação identificável com Variação Linguística; preservar a operação e reforçar a composição editorial com anotações, hierarquia e relações visuais integradas. Na captura central atual predominam linhas simples, caixas/ícones e tipografia uniforme, abaixo da riqueza autoral das referências aprovadas.","Inspeção visual das capturas centrais claras 390/1440; tablet e tema escuro medidos pelo harness, sem captura visual integral. | Execução com fundo caderno, efeitos mínimos e reduced motion; outros fundos/níveis e movimento completo não verificados. | Três modos e primeiro botão visível exercitados; texto mudou em apenas 1/92. A seleção pode já estar ativa ou abrir diagnóstico; isso não valida sliders, estados alternativos, teclado, drag/drop ou Caderno. Não constitui aprovação editorial. | Recorte central não permite afirmar ausência de oclusões na página inteira; barra móvel visível em algumas capturas não foi classificada como defeito."
summary-gramatica-substantivo-os-nomes-e-a-visao-do-enunciador,Gramática,Substantivo: os Nomes e a Visão do Enunciador,ajustar,media,"O mecanismo/recorte tem relação identificável com Substantivo: os Nomes e a Visão do Enunciador; preservar a operação e reforçar a composição editorial com anotações, hierarquia e relações visuais integradas. Na captura central atual predominam linhas simples, caixas/ícones e tipografia uniforme, abaixo da riqueza autoral das referências aprovadas. | O estado abstrato usa “só existe na ideia”; rever a formulação para qualidades, estados e ações dependentes de seres, evitando apresentar abstrato como meramente inexistente no mundo.","Inspeção visual das capturas centrais claras 390/1440; tablet e tema escuro medidos pelo harness, sem captura visual integral. | Execução com fundo caderno, efeitos mínimos e reduced motion; outros fundos/níveis e movimento completo não verificados. | Três modos e primeiro botão visível exercitados; texto mudou em apenas 1/92. A seleção pode já estar ativa ou abrir diagnóstico; isso não valida sliders, estados alternativos, teclado, drag/drop ou Caderno. Não constitui aprovação editorial. | Recorte central não permite afirmar ausência de oclusões na página inteira; barra móvel visível em algumas capturas não foi classificada como defeito."
summary-gramatica-tipos-de-texto-explorando-elementos-concretos-e-conceitos-abstratos,Gramática,Tipos de Texto: Explorando Elementos Concretos e Conceitos Abstratos,ajustar,media,"O mecanismo/recorte tem relação identificável com Tipos de Texto: Explorando Elementos Concretos e Conceitos Abstratos; preservar a operação e reforçar a composição editorial com anotações, hierarquia e relações visuais integradas. Na captura central atual predominam linhas simples, caixas/ícones e tipografia uniforme, abaixo da riqueza autoral das referências aprovadas.","Inspeção visual das capturas centrais claras 390/1440; tablet e tema escuro medidos pelo harness, sem captura visual integral. | Execução com fundo caderno, efeitos mínimos e reduced motion; outros fundos/níveis e movimento completo não verificados. | Três modos e primeiro botão visível exercitados; texto mudou em apenas 1/92. A seleção pode já estar ativa ou abrir diagnóstico; isso não valida sliders, estados alternativos, teclado, drag/drop ou Caderno. Não constitui aprovação editorial. | Recorte central não permite afirmar ausência de oclusões na página inteira; barra móvel visível em algumas capturas não foi classificada como defeito."
summary-gramatica-artigo-numeral-e-adjetivo-no-sintagma-nominal,Gramática,"Artigo, Numeral e Adjetivo no Sintagma Nominal",ajustar,media,"O mecanismo/recorte tem relação identificável com Artigo, Numeral e Adjetivo no Sintagma Nominal; preservar a operação e reforçar a composição editorial com anotações, hierarquia e relações visuais integradas. Na captura central atual predominam linhas simples, caixas/ícones e tipografia uniforme, abaixo da riqueza autoral das referências aprovadas.","Inspeção visual das capturas centrais claras 390/1440; tablet e tema escuro medidos pelo harness, sem captura visual integral. | Execução com fundo caderno, efeitos mínimos e reduced motion; outros fundos/níveis e movimento completo não verificados. | Três modos e primeiro botão visível exercitados; texto mudou em apenas 1/92. A seleção pode já estar ativa ou abrir diagnóstico; isso não valida sliders, estados alternativos, teclado, drag/drop ou Caderno. Não constitui aprovação editorial. | Recorte central não permite afirmar ausência de oclusões na página inteira; barra móvel visível em algumas capturas não foi classificada como defeito."
summary-gramatica-pronomes,Gramática,Pronomes,ajustar,media,"O mecanismo/recorte tem relação identificável com Pronomes; preservar a operação e reforçar a composição editorial com anotações, hierarquia e relações visuais integradas. Na captura central atual predominam linhas simples, caixas/ícones e tipografia uniforme, abaixo da riqueza autoral das referências aprovadas.","Inspeção visual das capturas centrais claras 390/1440; tablet e tema escuro medidos pelo harness, sem captura visual integral. | Execução com fundo caderno, efeitos mínimos e reduced motion; outros fundos/níveis e movimento completo não verificados. | Três modos e primeiro botão visível exercitados; texto mudou em apenas 1/92. A seleção pode já estar ativa ou abrir diagnóstico; isso não valida sliders, estados alternativos, teclado, drag/drop ou Caderno. Não constitui aprovação editorial. | Recorte central não permite afirmar ausência de oclusões na página inteira; barra móvel visível em algumas capturas não foi classificada como defeito."
summary-gramatica-verbo,Gramática,Verbo,ajustar,media,"O mecanismo/recorte tem relação identificável com Verbo; preservar a operação e reforçar a composição editorial com anotações, hierarquia e relações visuais integradas. Na captura central atual predominam linhas simples, caixas/ícones e tipografia uniforme, abaixo da riqueza autoral das referências aprovadas.","Inspeção visual das capturas centrais claras 390/1440; tablet e tema escuro medidos pelo harness, sem captura visual integral. | Execução com fundo caderno, efeitos mínimos e reduced motion; outros fundos/níveis e movimento completo não verificados. | Três modos e primeiro botão visível exercitados; texto mudou em apenas 1/92. A seleção pode já estar ativa ou abrir diagnóstico; isso não valida sliders, estados alternativos, teclado, drag/drop ou Caderno. Não constitui aprovação editorial. | Recorte central não permite afirmar ausência de oclusões na página inteira; barra móvel visível em algumas capturas não foi classificada como defeito."
summary-gramatica-adverbio-e-locucoes-adverbiais-circunstanciadores,Gramática,Advérbio e Locuções Adverbiais: Circunstanciadores,ajustar,media,"O mecanismo/recorte tem relação identificável com Advérbio e Locuções Adverbiais: Circunstanciadores; preservar a operação e reforçar a composição editorial com anotações, hierarquia e relações visuais integradas. Na captura central atual predominam linhas simples, caixas/ícones e tipografia uniforme, abaixo da riqueza autoral das referências aprovadas.","Inspeção visual das capturas centrais claras 390/1440; tablet e tema escuro medidos pelo harness, sem captura visual integral. | Execução com fundo caderno, efeitos mínimos e reduced motion; outros fundos/níveis e movimento completo não verificados. | Três modos e primeiro botão visível exercitados; texto mudou em apenas 1/92. A seleção pode já estar ativa ou abrir diagnóstico; isso não valida sliders, estados alternativos, teclado, drag/drop ou Caderno. Não constitui aprovação editorial. | Recorte central não permite afirmar ausência de oclusões na página inteira; barra móvel visível em algumas capturas não foi classificada como defeito."
summary-gramatica-verbo-e-sintaxe-da-oracao,Gramática,Verbo e Sintaxe da Oração,ajustar,media,"O mecanismo/recorte tem relação identificável com Verbo e Sintaxe da Oração; preservar a operação e reforçar a composição editorial com anotações, hierarquia e relações visuais integradas. Na captura central atual predominam linhas simples, caixas/ícones e tipografia uniforme, abaixo da riqueza autoral das referências aprovadas.","Inspeção visual das capturas centrais claras 390/1440; tablet e tema escuro medidos pelo harness, sem captura visual integral. | Execução com fundo caderno, efeitos mínimos e reduced motion; outros fundos/níveis e movimento completo não verificados. | Três modos e primeiro botão visível exercitados; texto mudou em apenas 1/92. A seleção pode já estar ativa ou abrir diagnóstico; isso não valida sliders, estados alternativos, teclado, drag/drop ou Caderno. Não constitui aprovação editorial. | Recorte central não permite afirmar ausência de oclusões na página inteira; barra móvel visível em algumas capturas não foi classificada como defeito."
summary-gramatica-concordancia,Gramática,Concordância,ajustar,media,"O mecanismo/recorte tem relação identificável com Concordância; preservar a operação e reforçar a composição editorial com anotações, hierarquia e relações visuais integradas. Na captura central atual predominam linhas simples, caixas/ícones e tipografia uniforme, abaixo da riqueza autoral das referências aprovadas.","Inspeção visual das capturas centrais claras 390/1440; tablet e tema escuro medidos pelo harness, sem captura visual integral. | Execução com fundo caderno, efeitos mínimos e reduced motion; outros fundos/níveis e movimento completo não verificados. | Três modos e primeiro botão visível exercitados; texto mudou em apenas 1/92. A seleção pode já estar ativa ou abrir diagnóstico; isso não valida sliders, estados alternativos, teclado, drag/drop ou Caderno. Não constitui aprovação editorial. | Recorte central não permite afirmar ausência de oclusões na página inteira; barra móvel visível em algumas capturas não foi classificada como defeito."
summary-gramatica-significados-implicitos,Gramática,Significados Implícitos,ajustar,media,"O mecanismo/recorte tem relação identificável com Significados Implícitos; preservar a operação e reforçar a composição editorial com anotações, hierarquia e relações visuais integradas. Na captura central atual predominam linhas simples, caixas/ícones e tipografia uniforme, abaixo da riqueza autoral das referências aprovadas.","Inspeção visual das capturas centrais claras 390/1440; tablet e tema escuro medidos pelo harness, sem captura visual integral. | Execução com fundo caderno, efeitos mínimos e reduced motion; outros fundos/níveis e movimento completo não verificados. | Três modos e primeiro botão visível exercitados; texto mudou em apenas 1/92. A seleção pode já estar ativa ou abrir diagnóstico; isso não valida sliders, estados alternativos, teclado, drag/drop ou Caderno. Não constitui aprovação editorial. | Recorte central não permite afirmar ausência de oclusões na página inteira; barra móvel visível em algumas capturas não foi classificada como defeito."
summary-gramatica-tipos-de-discurso,Gramática,Tipos de Discurso,ajustar,media,"O mecanismo/recorte tem relação identificável com Tipos de Discurso; preservar a operação e reforçar a composição editorial com anotações, hierarquia e relações visuais integradas. Na captura central atual predominam linhas simples, caixas/ícones e tipografia uniforme, abaixo da riqueza autoral das referências aprovadas.","Inspeção visual das capturas centrais claras 390/1440; tablet e tema escuro medidos pelo harness, sem captura visual integral. | Execução com fundo caderno, efeitos mínimos e reduced motion; outros fundos/níveis e movimento completo não verificados. | Três modos e primeiro botão visível exercitados; texto mudou em apenas 1/92. A seleção pode já estar ativa ou abrir diagnóstico; isso não valida sliders, estados alternativos, teclado, drag/drop ou Caderno. Não constitui aprovação editorial. | Recorte central não permite afirmar ausência de oclusões na página inteira; barra móvel visível em algumas capturas não foi classificada como defeito."
summary-gramatica-pontuacao-i-principios-para-o-uso-da-virgula,Gramática,Pontuação I: Princípios para o Uso da Vírgula,ajustar,media,"O mecanismo/recorte tem relação identificável com Pontuação I: Princípios para o Uso da Vírgula; preservar a operação e reforçar a composição editorial com anotações, hierarquia e relações visuais integradas. Na captura central atual predominam linhas simples, caixas/ícones e tipografia uniforme, abaixo da riqueza autoral das referências aprovadas.","Inspeção visual das capturas centrais claras 390/1440; tablet e tema escuro medidos pelo harness, sem captura visual integral. | Execução com fundo caderno, efeitos mínimos e reduced motion; outros fundos/níveis e movimento completo não verificados. | Três modos e primeiro botão visível exercitados; texto mudou em apenas 1/92. A seleção pode já estar ativa ou abrir diagnóstico; isso não valida sliders, estados alternativos, teclado, drag/drop ou Caderno. Não constitui aprovação editorial. | Recorte central não permite afirmar ausência de oclusões na página inteira; barra móvel visível em algumas capturas não foi classificada como defeito."
summary-gramatica-pontuacao-ii-virgula-entre-oracoes-e-outros-sinais-de-pontuacao,Gramática,Pontuação II: Vírgula entre Orações e Outros Sinais de Pontuação,ajustar,media,"O mecanismo/recorte tem relação identificável com Pontuação II: Vírgula entre Orações e Outros Sinais de Pontuação; preservar a operação e reforçar a composição editorial com anotações, hierarquia e relações visuais integradas. Na captura central atual predominam linhas simples, caixas/ícones e tipografia uniforme, abaixo da riqueza autoral das referências aprovadas.","Inspeção visual das capturas centrais claras 390/1440; tablet e tema escuro medidos pelo harness, sem captura visual integral. | Execução com fundo caderno, efeitos mínimos e reduced motion; outros fundos/níveis e movimento completo não verificados. | Três modos e primeiro botão visível exercitados; texto mudou em apenas 1/92. A seleção pode já estar ativa ou abrir diagnóstico; isso não valida sliders, estados alternativos, teclado, drag/drop ou Caderno. Não constitui aprovação editorial. | Recorte central não permite afirmar ausência de oclusões na página inteira; barra móvel visível em algumas capturas não foi classificada como defeito."
summary-gramatica-o-lexico-em-contexto-variadas-possibilidades-semanticas,Gramática,O Léxico em Contexto: Variadas Possibilidades Semânticas,ajustar,media,"O mecanismo/recorte tem relação identificável com O Léxico em Contexto: Variadas Possibilidades Semânticas; preservar a operação e reforçar a composição editorial com anotações, hierarquia e relações visuais integradas. Na captura central atual predominam linhas simples, caixas/ícones e tipografia uniforme, abaixo da riqueza autoral das referências aprovadas.","Inspeção visual das capturas centrais claras 390/1440; tablet e tema escuro medidos pelo harness, sem captura visual integral. | Execução com fundo caderno, efeitos mínimos e reduced motion; outros fundos/níveis e movimento completo não verificados. | Três modos e primeiro botão visível exercitados; texto mudou em apenas 1/92. A seleção pode já estar ativa ou abrir diagnóstico; isso não valida sliders, estados alternativos, teclado, drag/drop ou Caderno. Não constitui aprovação editorial. | Recorte central não permite afirmar ausência de oclusões na página inteira; barra móvel visível em algumas capturas não foi classificada como defeito."
summary-gramatica-ambiguidade-duplicidade-no-lexico-e-na-sintaxe,Gramática,Ambiguidade: Duplicidade no Léxico e na Sintaxe,ajustar,media,"O mecanismo/recorte tem relação identificável com Ambiguidade: Duplicidade no Léxico e na Sintaxe; preservar a operação e reforçar a composição editorial com anotações, hierarquia e relações visuais integradas. Na captura central atual predominam linhas simples, caixas/ícones e tipografia uniforme, abaixo da riqueza autoral das referências aprovadas.","Inspeção visual das capturas centrais claras 390/1440; tablet e tema escuro medidos pelo harness, sem captura visual integral. | Execução com fundo caderno, efeitos mínimos e reduced motion; outros fundos/níveis e movimento completo não verificados. | Três modos e primeiro botão visível exercitados; texto mudou em apenas 1/92. A seleção pode já estar ativa ou abrir diagnóstico; isso não valida sliders, estados alternativos, teclado, drag/drop ou Caderno. Não constitui aprovação editorial. | Recorte central não permite afirmar ausência de oclusões na página inteira; barra móvel visível em algumas capturas não foi classificada como defeito."
summary-gramatica-mecanismo-de-regencia,Gramática,Mecanismo de Regência,ajustar,media,"O mecanismo/recorte tem relação identificável com Mecanismo de Regência; preservar a operação e reforçar a composição editorial com anotações, hierarquia e relações visuais integradas. Na captura central atual predominam linhas simples, caixas/ícones e tipografia uniforme, abaixo da riqueza autoral das referências aprovadas.","Inspeção visual das capturas centrais claras 390/1440; tablet e tema escuro medidos pelo harness, sem captura visual integral. | Execução com fundo caderno, efeitos mínimos e reduced motion; outros fundos/níveis e movimento completo não verificados. | Três modos e primeiro botão visível exercitados; texto mudou em apenas 1/92. A seleção pode já estar ativa ou abrir diagnóstico; isso não valida sliders, estados alternativos, teclado, drag/drop ou Caderno. Não constitui aprovação editorial. | Recorte central não permite afirmar ausência de oclusões na página inteira; barra móvel visível em algumas capturas não foi classificada como defeito."
summary-gramatica-crase,Gramática,Crase,ajustar,media,"O mecanismo/recorte tem relação identificável com Crase; preservar a operação e reforçar a composição editorial com anotações, hierarquia e relações visuais integradas. Na captura central atual predominam linhas simples, caixas/ícones e tipografia uniforme, abaixo da riqueza autoral das referências aprovadas.","Inspeção visual das capturas centrais claras 390/1440; tablet e tema escuro medidos pelo harness, sem captura visual integral. | Execução com fundo caderno, efeitos mínimos e reduced motion; outros fundos/níveis e movimento completo não verificados. | Três modos e primeiro botão visível exercitados; texto mudou em apenas 1/92. A seleção pode já estar ativa ou abrir diagnóstico; isso não valida sliders, estados alternativos, teclado, drag/drop ou Caderno. Não constitui aprovação editorial. | Recorte central não permite afirmar ausência de oclusões na página inteira; barra móvel visível em algumas capturas não foi classificada como defeito."
summary-gramatica-processos-de-formacao-de-palavras,Gramática,Processos de Formação de Palavras,ajustar,media,"O mecanismo/recorte tem relação identificável com Processos de Formação de Palavras; preservar a operação e reforçar a composição editorial com anotações, hierarquia e relações visuais integradas. Na captura central atual predominam linhas simples, caixas/ícones e tipografia uniforme, abaixo da riqueza autoral das referências aprovadas.","Inspeção visual das capturas centrais claras 390/1440; tablet e tema escuro medidos pelo harness, sem captura visual integral. | Execução com fundo caderno, efeitos mínimos e reduced motion; outros fundos/níveis e movimento completo não verificados. | Três modos e primeiro botão visível exercitados; texto mudou em apenas 1/92. A seleção pode já estar ativa ou abrir diagnóstico; isso não valida sliders, estados alternativos, teclado, drag/drop ou Caderno. Não constitui aprovação editorial. | Recorte central não permite afirmar ausência de oclusões na página inteira; barra móvel visível em algumas capturas não foi classificada como defeito."
summary-gramatica-funcoes-sintaticas-nominais-e-vocativo,Gramática,Funções Sintáticas Nominais e Vocativo,redesenhar,alta,"A cena e seus três estados priorizam sujeito, objeto direto e vocativo; o conteúdo central deste capítulo distingue adjunto adnominal, complemento nominal, aposto e vocativo. O recorte omite a relação nominal que o capítulo ensina.","Inspeção visual das capturas centrais claras 390/1440; tablet e tema escuro medidos pelo harness, sem captura visual integral. | Execução com fundo caderno, efeitos mínimos e reduced motion; outros fundos/níveis e movimento completo não verificados. | Três modos e primeiro botão visível exercitados; texto mudou em apenas 1/92. A seleção pode já estar ativa ou abrir diagnóstico; isso não valida sliders, estados alternativos, teclado, drag/drop ou Caderno. Não constitui aprovação editorial. | Recorte central não permite afirmar ausência de oclusões na página inteira; barra móvel visível em algumas capturas não foi classificada como defeito."
summary-gramatica-tipos-de-sujeito,Gramática,Tipos de Sujeito,ajustar,media,"O mecanismo/recorte tem relação identificável com Tipos de Sujeito; preservar a operação e reforçar a composição editorial com anotações, hierarquia e relações visuais integradas. Na captura central atual predominam linhas simples, caixas/ícones e tipografia uniforme, abaixo da riqueza autoral das referências aprovadas.","Inspeção visual das capturas centrais claras 390/1440; tablet e tema escuro medidos pelo harness, sem captura visual integral. | Execução com fundo caderno, efeitos mínimos e reduced motion; outros fundos/níveis e movimento completo não verificados. | Três modos e primeiro botão visível exercitados; texto mudou em apenas 1/92. A seleção pode já estar ativa ou abrir diagnóstico; isso não valida sliders, estados alternativos, teclado, drag/drop ou Caderno. Não constitui aprovação editorial. | Recorte central não permite afirmar ausência de oclusões na página inteira; barra móvel visível em algumas capturas não foi classificada como defeito."
summary-gramatica-vozes-verbais,Gramática,Vozes Verbais,ajustar,media,"O mecanismo/recorte tem relação identificável com Vozes Verbais; preservar a operação e reforçar a composição editorial com anotações, hierarquia e relações visuais integradas. Na captura central atual predominam linhas simples, caixas/ícones e tipografia uniforme, abaixo da riqueza autoral das referências aprovadas.","Inspeção visual das capturas centrais claras 390/1440; tablet e tema escuro medidos pelo harness, sem captura visual integral. | Execução com fundo caderno, efeitos mínimos e reduced motion; outros fundos/níveis e movimento completo não verificados. | Três modos e primeiro botão visível exercitados; texto mudou em apenas 1/92. A seleção pode já estar ativa ou abrir diagnóstico; isso não valida sliders, estados alternativos, teclado, drag/drop ou Caderno. Não constitui aprovação editorial. | Recorte central não permite afirmar ausência de oclusões na página inteira; barra móvel visível em algumas capturas não foi classificada como defeito."
summary-gramatica-oracoes-substantivas,Gramática,Orações Substantivas,ajustar,media,"O mecanismo/recorte tem relação identificável com Orações Substantivas; preservar a operação e reforçar a composição editorial com anotações, hierarquia e relações visuais integradas. Na captura central atual predominam linhas simples, caixas/ícones e tipografia uniforme, abaixo da riqueza autoral das referências aprovadas.","Inspeção visual das capturas centrais claras 390/1440; tablet e tema escuro medidos pelo harness, sem captura visual integral. | Execução com fundo caderno, efeitos mínimos e reduced motion; outros fundos/níveis e movimento completo não verificados. | Três modos e primeiro botão visível exercitados; texto mudou em apenas 1/92. A seleção pode já estar ativa ou abrir diagnóstico; isso não valida sliders, estados alternativos, teclado, drag/drop ou Caderno. Não constitui aprovação editorial. | Recorte central não permite afirmar ausência de oclusões na página inteira; barra móvel visível em algumas capturas não foi classificada como defeito."
summary-gramatica-oracoes-adjetivas,Gramática,Orações Adjetivas,ajustar,media,"O mecanismo/recorte tem relação identificável com Orações Adjetivas; preservar a operação e reforçar a composição editorial com anotações, hierarquia e relações visuais integradas. Na captura central atual predominam linhas simples, caixas/ícones e tipografia uniforme, abaixo da riqueza autoral das referências aprovadas.","Inspeção visual das capturas centrais claras 390/1440; tablet e tema escuro medidos pelo harness, sem captura visual integral. | Execução com fundo caderno, efeitos mínimos e reduced motion; outros fundos/níveis e movimento completo não verificados. | Três modos e primeiro botão visível exercitados; texto mudou em apenas 1/92. A seleção pode já estar ativa ou abrir diagnóstico; isso não valida sliders, estados alternativos, teclado, drag/drop ou Caderno. Não constitui aprovação editorial. | Recorte central não permite afirmar ausência de oclusões na página inteira; barra móvel visível em algumas capturas não foi classificada como defeito."
summary-gramatica-oracoes-adverbiais,Gramática,Orações Adverbiais,ajustar,media,"O mecanismo/recorte tem relação identificável com Orações Adverbiais; preservar a operação e reforçar a composição editorial com anotações, hierarquia e relações visuais integradas. Na captura central atual predominam linhas simples, caixas/ícones e tipografia uniforme, abaixo da riqueza autoral das referências aprovadas.","Inspeção visual das capturas centrais claras 390/1440; tablet e tema escuro medidos pelo harness, sem captura visual integral. | Execução com fundo caderno, efeitos mínimos e reduced motion; outros fundos/níveis e movimento completo não verificados. | Três modos e primeiro botão visível exercitados; texto mudou em apenas 1/92. A seleção pode já estar ativa ou abrir diagnóstico; isso não valida sliders, estados alternativos, teclado, drag/drop ou Caderno. Não constitui aprovação editorial. | Recorte central não permite afirmar ausência de oclusões na página inteira; barra móvel visível em algumas capturas não foi classificada como defeito."
summary-gramatica-oracoes-coordenadas,Gramática,Orações Coordenadas,ajustar,media,"O mecanismo/recorte tem relação identificável com Orações Coordenadas; preservar a operação e reforçar a composição editorial com anotações, hierarquia e relações visuais integradas. Na captura central atual predominam linhas simples, caixas/ícones e tipografia uniforme, abaixo da riqueza autoral das referências aprovadas.","Inspeção visual das capturas centrais claras 390/1440; tablet e tema escuro medidos pelo harness, sem captura visual integral. | Execução com fundo caderno, efeitos mínimos e reduced motion; outros fundos/níveis e movimento completo não verificados. | Três modos e primeiro botão visível exercitados; texto mudou em apenas 1/92. A seleção pode já estar ativa ou abrir diagnóstico; isso não valida sliders, estados alternativos, teclado, drag/drop ou Caderno. Não constitui aprovação editorial. | Recorte central não permite afirmar ausência de oclusões na página inteira; barra móvel visível em algumas capturas não foi classificada como defeito."
summary-literatura-a-arte-e-suas-linguagens,Literatura,A Arte e suas Linguagens,redesenhar,alta,"A cena central organiza três facetas em cartões com emblemas e legendas; selecionar a faceta muda foco e leitura auxiliar, mas não demonstra no objeto literário a construção, transformação ou efeito estudado. Em A Arte e suas Linguagens, o conteúdo apresenta O que é arte, As linguagens artísticas, Função social.","Inspeção visual das capturas centrais claras 390/1440; tablet e tema escuro medidos pelo harness, sem captura visual integral. | Execução com fundo caderno, efeitos mínimos e reduced motion; outros fundos/níveis e movimento completo não verificados. | Três modos e primeiro botão visível exercitados; texto mudou em apenas 1/92. A seleção pode já estar ativa ou abrir diagnóstico; isso não valida sliders, estados alternativos, teclado, drag/drop ou Caderno. Não constitui aprovação editorial. | Recorte central não permite afirmar ausência de oclusões na página inteira; barra móvel visível em algumas capturas não foi classificada como defeito."
summary-literatura-texto-literario-x-texto-nao-literario,Literatura,Texto Literário x Texto não Literário,ajustar,media,"O mecanismo/recorte tem relação identificável com Texto Literário x Texto não Literário; preservar a operação e reforçar a composição editorial com anotações, hierarquia e relações visuais integradas. Na captura central atual predominam linhas simples, caixas/ícones e tipografia uniforme, abaixo da riqueza autoral das referências aprovadas.","Inspeção visual das capturas centrais claras 390/1440; tablet e tema escuro medidos pelo harness, sem captura visual integral. | Execução com fundo caderno, efeitos mínimos e reduced motion; outros fundos/níveis e movimento completo não verificados. | Três modos e primeiro botão visível exercitados; texto mudou em apenas 1/92. A seleção pode já estar ativa ou abrir diagnóstico; isso não valida sliders, estados alternativos, teclado, drag/drop ou Caderno. Não constitui aprovação editorial. | Recorte central não permite afirmar ausência de oclusões na página inteira; barra móvel visível em algumas capturas não foi classificada como defeito."
summary-literatura-trovadorismo-e-humanismo,Literatura,Trovadorismo e Humanismo,ajustar,media,"O mecanismo/recorte tem relação identificável com Trovadorismo e Humanismo; preservar a operação e reforçar a composição editorial com anotações, hierarquia e relações visuais integradas. Na captura central atual predominam linhas simples, caixas/ícones e tipografia uniforme, abaixo da riqueza autoral das referências aprovadas.","Inspeção visual das capturas centrais claras 390/1440; tablet e tema escuro medidos pelo harness, sem captura visual integral. | Execução com fundo caderno, efeitos mínimos e reduced motion; outros fundos/níveis e movimento completo não verificados. | Três modos e primeiro botão visível exercitados; texto mudou em apenas 1/92. A seleção pode já estar ativa ou abrir diagnóstico; isso não valida sliders, estados alternativos, teclado, drag/drop ou Caderno. Não constitui aprovação editorial. | Recorte central não permite afirmar ausência de oclusões na página inteira; barra móvel visível em algumas capturas não foi classificada como defeito."
summary-literatura-renascimento-e-camoes,Literatura,Renascimento e Camões,redesenhar,alta,"A cena central organiza três facetas em cartões com emblemas e legendas; selecionar a faceta muda foco e leitura auxiliar, mas não demonstra no objeto literário a construção, transformação ou efeito estudado. Em Renascimento e Camões, o conteúdo apresenta Classicismo, Lírica camoniana, Os Lusíadas.","Inspeção visual das capturas centrais claras 390/1440; tablet e tema escuro medidos pelo harness, sem captura visual integral. | Execução com fundo caderno, efeitos mínimos e reduced motion; outros fundos/níveis e movimento completo não verificados. | Três modos e primeiro botão visível exercitados; texto mudou em apenas 1/92. A seleção pode já estar ativa ou abrir diagnóstico; isso não valida sliders, estados alternativos, teclado, drag/drop ou Caderno. Não constitui aprovação editorial. | Recorte central não permite afirmar ausência de oclusões na página inteira; barra móvel visível em algumas capturas não foi classificada como defeito."
summary-literatura-brasil-primeiros-registros,Literatura,Brasil: Primeiros Registros,redesenhar,alta,"A cena central organiza três facetas em cartões com emblemas e legendas; selecionar a faceta muda foco e leitura auxiliar, mas não demonstra no objeto literário a construção, transformação ou efeito estudado. Em Brasil: Primeiros Registros, o conteúdo apresenta Literatura de informação, O olhar do colonizador, Literatura jesuítica.","Inspeção visual das capturas centrais claras 390/1440; tablet e tema escuro medidos pelo harness, sem captura visual integral. | Execução com fundo caderno, efeitos mínimos e reduced motion; outros fundos/níveis e movimento completo não verificados. | Três modos e primeiro botão visível exercitados; texto mudou em apenas 1/92. A seleção pode já estar ativa ou abrir diagnóstico; isso não valida sliders, estados alternativos, teclado, drag/drop ou Caderno. Não constitui aprovação editorial. | Recorte central não permite afirmar ausência de oclusões na página inteira; barra móvel visível em algumas capturas não foi classificada como defeito."
summary-literatura-a-estetica-barroca,Literatura,A Estética Barroca,redesenhar,alta,"A cena central organiza três facetas em cartões com emblemas e legendas; selecionar a faceta muda foco e leitura auxiliar, mas não demonstra no objeto literário a construção, transformação ou efeito estudado. Em A Estética Barroca, o conteúdo apresenta Contexto e tensão, Cultismo e conceptismo, No Brasil.","Inspeção visual das capturas centrais claras 390/1440; tablet e tema escuro medidos pelo harness, sem captura visual integral. | Execução com fundo caderno, efeitos mínimos e reduced motion; outros fundos/níveis e movimento completo não verificados. | Três modos e primeiro botão visível exercitados; texto mudou em apenas 1/92. A seleção pode já estar ativa ou abrir diagnóstico; isso não valida sliders, estados alternativos, teclado, drag/drop ou Caderno. Não constitui aprovação editorial. | Recorte central não permite afirmar ausência de oclusões na página inteira; barra móvel visível em algumas capturas não foi classificada como defeito."
summary-literatura-a-estetica-neoclassica,Literatura,A Estética Neoclássica,redesenhar,alta,"A cena central organiza três facetas em cartões com emblemas e legendas; selecionar a faceta muda foco e leitura auxiliar, mas não demonstra no objeto literário a construção, transformação ou efeito estudado. Em A Estética Neoclássica, o conteúdo apresenta Arcadismo, Convenções pastoris, No Brasil.","Inspeção visual das capturas centrais claras 390/1440; tablet e tema escuro medidos pelo harness, sem captura visual integral. | Execução com fundo caderno, efeitos mínimos e reduced motion; outros fundos/níveis e movimento completo não verificados. | Três modos e primeiro botão visível exercitados; texto mudou em apenas 1/92. A seleção pode já estar ativa ou abrir diagnóstico; isso não valida sliders, estados alternativos, teclado, drag/drop ou Caderno. Não constitui aprovação editorial. | Recorte central não permite afirmar ausência de oclusões na página inteira; barra móvel visível em algumas capturas não foi classificada como defeito."
summary-literatura-a-estetica-romantica-poesia,Literatura,A Estética Romântica: Poesia,redesenhar,alta,"A cena central organiza três facetas em cartões com emblemas e legendas; selecionar a faceta muda foco e leitura auxiliar, mas não demonstra no objeto literário a construção, transformação ou efeito estudado. Em A Estética Romântica: Poesia, o conteúdo apresenta As três gerações, Traços gerais, Da idealização à denúncia.","Inspeção visual das capturas centrais claras 390/1440; tablet e tema escuro medidos pelo harness, sem captura visual integral. | Execução com fundo caderno, efeitos mínimos e reduced motion; outros fundos/níveis e movimento completo não verificados. | Três modos e primeiro botão visível exercitados; texto mudou em apenas 1/92. A seleção pode já estar ativa ou abrir diagnóstico; isso não valida sliders, estados alternativos, teclado, drag/drop ou Caderno. Não constitui aprovação editorial. | Recorte central não permite afirmar ausência de oclusões na página inteira; barra móvel visível em algumas capturas não foi classificada como defeito."
summary-literatura-elementos-da-narrativa,Literatura,Elementos da Narrativa,ajustar,media,"O mecanismo/recorte tem relação identificável com Elementos da Narrativa; preservar a operação e reforçar a composição editorial com anotações, hierarquia e relações visuais integradas. Na captura central atual predominam linhas simples, caixas/ícones e tipografia uniforme, abaixo da riqueza autoral das referências aprovadas.","Inspeção visual das capturas centrais claras 390/1440; tablet e tema escuro medidos pelo harness, sem captura visual integral. | Execução com fundo caderno, efeitos mínimos e reduced motion; outros fundos/níveis e movimento completo não verificados. | Três modos e primeiro botão visível exercitados; texto mudou em apenas 1/92. A seleção pode já estar ativa ou abrir diagnóstico; isso não valida sliders, estados alternativos, teclado, drag/drop ou Caderno. Não constitui aprovação editorial. | Recorte central não permite afirmar ausência de oclusões na página inteira; barra móvel visível em algumas capturas não foi classificada como defeito."
summary-literatura-a-estetica-romantica-prosa,Literatura,A Estética Romântica: Prosa,ajustar,media,"O mecanismo/recorte tem relação identificável com A Estética Romântica: Prosa; preservar a operação e reforçar a composição editorial com anotações, hierarquia e relações visuais integradas. Na captura central atual predominam linhas simples, caixas/ícones e tipografia uniforme, abaixo da riqueza autoral das referências aprovadas.","Inspeção visual das capturas centrais claras 390/1440; tablet e tema escuro medidos pelo harness, sem captura visual integral. | Execução com fundo caderno, efeitos mínimos e reduced motion; outros fundos/níveis e movimento completo não verificados. | Três modos e primeiro botão visível exercitados; texto mudou em apenas 1/92. A seleção pode já estar ativa ou abrir diagnóstico; isso não valida sliders, estados alternativos, teclado, drag/drop ou Caderno. Não constitui aprovação editorial. | Recorte central não permite afirmar ausência de oclusões na página inteira; barra móvel visível em algumas capturas não foi classificada como defeito."
summary-literatura-a-estetica-realista,Literatura,A Estética Realista,redesenhar,alta,"A cena central organiza três facetas em cartões com emblemas e legendas; selecionar a faceta muda foco e leitura auxiliar, mas não demonstra no objeto literário a construção, transformação ou efeito estudado. Em A Estética Realista, o conteúdo apresenta Contexto e princípios, Procedimentos, Realismo e Naturalismo.","Inspeção visual das capturas centrais claras 390/1440; tablet e tema escuro medidos pelo harness, sem captura visual integral. | Execução com fundo caderno, efeitos mínimos e reduced motion; outros fundos/níveis e movimento completo não verificados. | Três modos e primeiro botão visível exercitados; texto mudou em apenas 1/92. A seleção pode já estar ativa ou abrir diagnóstico; isso não valida sliders, estados alternativos, teclado, drag/drop ou Caderno. Não constitui aprovação editorial. | Recorte central não permite afirmar ausência de oclusões na página inteira; barra móvel visível em algumas capturas não foi classificada como defeito."
summary-literatura-machado-de-assis,Literatura,Machado de Assis,redesenhar,alta,"A cena central resume o autor em três fileiras Trajetória/Técnica/Obras com emblemas, sem mostrar num trecho como a técnica altera voz, construção ou interpretação. Em Machado de Assis, o conteúdo apresenta As duas fases, O narrador machadiano, Temas e procedimentos.","Inspeção visual das capturas centrais claras 390/1440; tablet e tema escuro medidos pelo harness, sem captura visual integral. | Execução com fundo caderno, efeitos mínimos e reduced motion; outros fundos/níveis e movimento completo não verificados. | Três modos e primeiro botão visível exercitados; texto mudou em apenas 1/92. A seleção pode já estar ativa ou abrir diagnóstico; isso não valida sliders, estados alternativos, teclado, drag/drop ou Caderno. Não constitui aprovação editorial. | Recorte central não permite afirmar ausência de oclusões na página inteira; barra móvel visível em algumas capturas não foi classificada como defeito."
summary-literatura-naturalismo,Literatura,Naturalismo,ajustar,media,"O mecanismo/recorte tem relação identificável com Naturalismo; preservar a operação e reforçar a composição editorial com anotações, hierarquia e relações visuais integradas. Na captura central atual predominam linhas simples, caixas/ícones e tipografia uniforme, abaixo da riqueza autoral das referências aprovadas.","Inspeção visual das capturas centrais claras 390/1440; tablet e tema escuro medidos pelo harness, sem captura visual integral. | Execução com fundo caderno, efeitos mínimos e reduced motion; outros fundos/níveis e movimento completo não verificados. | Três modos e primeiro botão visível exercitados; texto mudou em apenas 1/92. A seleção pode já estar ativa ou abrir diagnóstico; isso não valida sliders, estados alternativos, teclado, drag/drop ou Caderno. Não constitui aprovação editorial. | Recorte central não permite afirmar ausência de oclusões na página inteira; barra móvel visível em algumas capturas não foi classificada como defeito."
summary-literatura-realismo-portugues-eca-de-queiros,Literatura,Realismo Português: Eça de Queirós,redesenhar,alta,"A cena central organiza três facetas em cartões com emblemas e legendas; selecionar a faceta muda foco e leitura auxiliar, mas não demonstra no objeto literário a construção, transformação ou efeito estudado. Em Realismo Português: Eça de Queirós, o conteúdo apresenta Contexto, Obras centrais, Procedimentos.","Inspeção visual das capturas centrais claras 390/1440; tablet e tema escuro medidos pelo harness, sem captura visual integral. | Execução com fundo caderno, efeitos mínimos e reduced motion; outros fundos/níveis e movimento completo não verificados. | Três modos e primeiro botão visível exercitados; texto mudou em apenas 1/92. A seleção pode já estar ativa ou abrir diagnóstico; isso não valida sliders, estados alternativos, teclado, drag/drop ou Caderno. Não constitui aprovação editorial. | Recorte central não permite afirmar ausência de oclusões na página inteira; barra móvel visível em algumas capturas não foi classificada como defeito."
summary-literatura-parnasianismo,Literatura,Parnasianismo,redesenhar,alta,"A cena central organiza três facetas em cartões com emblemas e legendas; selecionar a faceta muda foco e leitura auxiliar, mas não demonstra no objeto literário a construção, transformação ou efeito estudado. Em Parnasianismo, o conteúdo apresenta Arte pela arte, Rigor formal, Nomes e recepção.","Inspeção visual das capturas centrais claras 390/1440; tablet e tema escuro medidos pelo harness, sem captura visual integral. | Execução com fundo caderno, efeitos mínimos e reduced motion; outros fundos/níveis e movimento completo não verificados. | Três modos e primeiro botão visível exercitados; texto mudou em apenas 1/92. A seleção pode já estar ativa ou abrir diagnóstico; isso não valida sliders, estados alternativos, teclado, drag/drop ou Caderno. Não constitui aprovação editorial. | Recorte central não permite afirmar ausência de oclusões na página inteira; barra móvel visível em algumas capturas não foi classificada como defeito."
summary-literatura-simbolismo,Literatura,Simbolismo,redesenhar,alta,"A cena central organiza três facetas em cartões com emblemas e legendas; selecionar a faceta muda foco e leitura auxiliar, mas não demonstra no objeto literário a construção, transformação ou efeito estudado. Em Simbolismo, o conteúdo apresenta Reação ao materialismo, Recursos, Cruz e Sousa e Alphonsus.","Inspeção visual das capturas centrais claras 390/1440; tablet e tema escuro medidos pelo harness, sem captura visual integral. | Execução com fundo caderno, efeitos mínimos e reduced motion; outros fundos/níveis e movimento completo não verificados. | Três modos e primeiro botão visível exercitados; texto mudou em apenas 1/92. A seleção pode já estar ativa ou abrir diagnóstico; isso não valida sliders, estados alternativos, teclado, drag/drop ou Caderno. Não constitui aprovação editorial. | Recorte central não permite afirmar ausência de oclusões na página inteira; barra móvel visível em algumas capturas não foi classificada como defeito."
summary-literatura-pre-modernismo,Literatura,Pré-Modernismo,redesenhar,alta,"A cena central organiza três facetas em cartões com emblemas e legendas; selecionar a faceta muda foco e leitura auxiliar, mas não demonstra no objeto literário a construção, transformação ou efeito estudado. Em Pré-Modernismo, o conteúdo apresenta Um período, não uma escola, Autores e obras, Traços de linguagem.","Inspeção visual das capturas centrais claras 390/1440; tablet e tema escuro medidos pelo harness, sem captura visual integral. | Execução com fundo caderno, efeitos mínimos e reduced motion; outros fundos/níveis e movimento completo não verificados. | Três modos e primeiro botão visível exercitados; texto mudou em apenas 1/92. A seleção pode já estar ativa ou abrir diagnóstico; isso não valida sliders, estados alternativos, teclado, drag/drop ou Caderno. Não constitui aprovação editorial. | Recorte central não permite afirmar ausência de oclusões na página inteira; barra móvel visível em algumas capturas não foi classificada como defeito."
summary-literatura-vanguardas-artisticas,Literatura,Vanguardas Artísticas,ajustar,media,"O mecanismo/recorte tem relação identificável com Vanguardas Artísticas; preservar a operação e reforçar a composição editorial com anotações, hierarquia e relações visuais integradas. Na captura central atual predominam linhas simples, caixas/ícones e tipografia uniforme, abaixo da riqueza autoral das referências aprovadas.","Inspeção visual das capturas centrais claras 390/1440; tablet e tema escuro medidos pelo harness, sem captura visual integral. | Execução com fundo caderno, efeitos mínimos e reduced motion; outros fundos/níveis e movimento completo não verificados. | Três modos e primeiro botão visível exercitados; texto mudou em apenas 1/92. A seleção pode já estar ativa ou abrir diagnóstico; isso não valida sliders, estados alternativos, teclado, drag/drop ou Caderno. Não constitui aprovação editorial. | Recorte central não permite afirmar ausência de oclusões na página inteira; barra móvel visível em algumas capturas não foi classificada como defeito."
summary-literatura-fernando-pessoa,Literatura,Fernando Pessoa,ajustar,media,"O mecanismo/recorte tem relação identificável com Fernando Pessoa; preservar a operação e reforçar a composição editorial com anotações, hierarquia e relações visuais integradas. Na captura central atual predominam linhas simples, caixas/ícones e tipografia uniforme, abaixo da riqueza autoral das referências aprovadas.","Inspeção visual das capturas centrais claras 390/1440; tablet e tema escuro medidos pelo harness, sem captura visual integral. | Execução com fundo caderno, efeitos mínimos e reduced motion; outros fundos/níveis e movimento completo não verificados. | Três modos e primeiro botão visível exercitados; texto mudou em apenas 1/92. A seleção pode já estar ativa ou abrir diagnóstico; isso não valida sliders, estados alternativos, teclado, drag/drop ou Caderno. Não constitui aprovação editorial. | Recorte central não permite afirmar ausência de oclusões na página inteira; barra móvel visível em algumas capturas não foi classificada como defeito."
summary-literatura-semana-de-arte-moderna,Literatura,Semana de Arte Moderna,redesenhar,alta,"A cena central organiza três facetas em cartões com emblemas e legendas; selecionar a faceta muda foco e leitura auxiliar, mas não demonstra no objeto literário a construção, transformação ou efeito estudado. Em Semana de Arte Moderna, o conteúdo apresenta O evento, Participantes e obras, Legado.","Inspeção visual das capturas centrais claras 390/1440; tablet e tema escuro medidos pelo harness, sem captura visual integral. | Execução com fundo caderno, efeitos mínimos e reduced motion; outros fundos/níveis e movimento completo não verificados. | Três modos e primeiro botão visível exercitados; texto mudou em apenas 1/92. A seleção pode já estar ativa ou abrir diagnóstico; isso não valida sliders, estados alternativos, teclado, drag/drop ou Caderno. Não constitui aprovação editorial. | Recorte central não permite afirmar ausência de oclusões na página inteira; barra móvel visível em algumas capturas não foi classificada como defeito."
summary-literatura-modernismo-no-brasil-primeira-geracao,Literatura,Modernismo no Brasil: Primeira Geração,redesenhar,alta,"A cena central organiza três facetas em cartões com emblemas e legendas; selecionar a faceta muda foco e leitura auxiliar, mas não demonstra no objeto literário a construção, transformação ou efeito estudado. Em Modernismo no Brasil: Primeira Geração, o conteúdo apresenta A fase heroica, Manifestos e grupos, Obras centrais.","Inspeção visual das capturas centrais claras 390/1440; tablet e tema escuro medidos pelo harness, sem captura visual integral. | Execução com fundo caderno, efeitos mínimos e reduced motion; outros fundos/níveis e movimento completo não verificados. | Três modos e primeiro botão visível exercitados; texto mudou em apenas 1/92. A seleção pode já estar ativa ou abrir diagnóstico; isso não valida sliders, estados alternativos, teclado, drag/drop ou Caderno. Não constitui aprovação editorial. | Recorte central não permite afirmar ausência de oclusões na página inteira; barra móvel visível em algumas capturas não foi classificada como defeito."
summary-literatura-segunda-geracao-modernista-prosa,Literatura,Segunda Geração Modernista: Prosa,ajustar,media,"O mecanismo/recorte tem relação identificável com Segunda Geração Modernista: Prosa; preservar a operação e reforçar a composição editorial com anotações, hierarquia e relações visuais integradas. Na captura central atual predominam linhas simples, caixas/ícones e tipografia uniforme, abaixo da riqueza autoral das referências aprovadas.","Inspeção visual das capturas centrais claras 390/1440; tablet e tema escuro medidos pelo harness, sem captura visual integral. | Execução com fundo caderno, efeitos mínimos e reduced motion; outros fundos/níveis e movimento completo não verificados. | Três modos e primeiro botão visível exercitados; texto mudou em apenas 1/92. A seleção pode já estar ativa ou abrir diagnóstico; isso não valida sliders, estados alternativos, teclado, drag/drop ou Caderno. Não constitui aprovação editorial. | Recorte central não permite afirmar ausência de oclusões na página inteira; barra móvel visível em algumas capturas não foi classificada como defeito."
summary-literatura-graciliano-ramos,Literatura,Graciliano Ramos,redesenhar,alta,"A cena central resume o autor em três fileiras Trajetória/Técnica/Obras com emblemas, sem mostrar num trecho como a técnica altera voz, construção ou interpretação. Em Graciliano Ramos, o conteúdo apresenta A secura da linguagem, Vidas Secas, Outras obras.","Inspeção visual das capturas centrais claras 390/1440; tablet e tema escuro medidos pelo harness, sem captura visual integral. | Execução com fundo caderno, efeitos mínimos e reduced motion; outros fundos/níveis e movimento completo não verificados. | Três modos e primeiro botão visível exercitados; texto mudou em apenas 1/92. A seleção pode já estar ativa ou abrir diagnóstico; isso não valida sliders, estados alternativos, teclado, drag/drop ou Caderno. Não constitui aprovação editorial. | Recorte central não permite afirmar ausência de oclusões na página inteira; barra móvel visível em algumas capturas não foi classificada como defeito."
summary-literatura-segunda-geracao-modernista-poesia,Literatura,Segunda Geração Modernista: Poesia,redesenhar,alta,"A cena central organiza três facetas em cartões com emblemas e legendas; selecionar a faceta muda foco e leitura auxiliar, mas não demonstra no objeto literário a construção, transformação ou efeito estudado. Em Segunda Geração Modernista: Poesia, o conteúdo apresenta Amadurecimento, Nomes centrais, Poesia e mundo.","Inspeção visual das capturas centrais claras 390/1440; tablet e tema escuro medidos pelo harness, sem captura visual integral. | Execução com fundo caderno, efeitos mínimos e reduced motion; outros fundos/níveis e movimento completo não verificados. | Três modos e primeiro botão visível exercitados; texto mudou em apenas 1/92. A seleção pode já estar ativa ou abrir diagnóstico; isso não valida sliders, estados alternativos, teclado, drag/drop ou Caderno. Não constitui aprovação editorial. | Recorte central não permite afirmar ausência de oclusões na página inteira; barra móvel visível em algumas capturas não foi classificada como defeito."
summary-literatura-carlos-drummond-de-andrade,Literatura,Carlos Drummond de Andrade,redesenhar,alta,"A cena central resume o autor em três fileiras Trajetória/Técnica/Obras com emblemas, sem mostrar num trecho como a técnica altera voz, construção ou interpretação. Em Carlos Drummond de Andrade, o conteúdo apresenta Fases da obra, Temas centrais, Linguagem.","Inspeção visual das capturas centrais claras 390/1440; tablet e tema escuro medidos pelo harness, sem captura visual integral. | Execução com fundo caderno, efeitos mínimos e reduced motion; outros fundos/níveis e movimento completo não verificados. | Três modos e primeiro botão visível exercitados; texto mudou em apenas 1/92. A seleção pode já estar ativa ou abrir diagnóstico; isso não valida sliders, estados alternativos, teclado, drag/drop ou Caderno. Não constitui aprovação editorial. | Recorte central não permite afirmar ausência de oclusões na página inteira; barra móvel visível em algumas capturas não foi classificada como defeito."
summary-literatura-joao-cabral-de-melo-neto,Literatura,João Cabral de Melo Neto,redesenhar,alta,"A cena central resume o autor em três fileiras Trajetória/Técnica/Obras com emblemas, sem mostrar num trecho como a técnica altera voz, construção ou interpretação. Em João Cabral de Melo Neto, o conteúdo apresenta O poeta engenheiro, Morte e Vida Severina, Outras obras.","Inspeção visual das capturas centrais claras 390/1440; tablet e tema escuro medidos pelo harness, sem captura visual integral. | Execução com fundo caderno, efeitos mínimos e reduced motion; outros fundos/níveis e movimento completo não verificados. | Três modos e primeiro botão visível exercitados; texto mudou em apenas 1/92. A seleção pode já estar ativa ou abrir diagnóstico; isso não valida sliders, estados alternativos, teclado, drag/drop ou Caderno. Não constitui aprovação editorial. | Recorte central não permite afirmar ausência de oclusões na página inteira; barra móvel visível em algumas capturas não foi classificada como defeito."
summary-literatura-poesia-concreta,Literatura,Poesia Concreta,ajustar,media,"O mecanismo/recorte tem relação identificável com Poesia Concreta; preservar a operação e reforçar a composição editorial com anotações, hierarquia e relações visuais integradas. Na captura central atual predominam linhas simples, caixas/ícones e tipografia uniforme, abaixo da riqueza autoral das referências aprovadas.","Inspeção visual das capturas centrais claras 390/1440; tablet e tema escuro medidos pelo harness, sem captura visual integral. | Execução com fundo caderno, efeitos mínimos e reduced motion; outros fundos/níveis e movimento completo não verificados. | Três modos e primeiro botão visível exercitados; texto mudou em apenas 1/92. A seleção pode já estar ativa ou abrir diagnóstico; isso não valida sliders, estados alternativos, teclado, drag/drop ou Caderno. Não constitui aprovação editorial. | Recorte central não permite afirmar ausência de oclusões na página inteira; barra móvel visível em algumas capturas não foi classificada como defeito."
summary-literatura-clarice-lispector,Literatura,Clarice Lispector,redesenhar,alta,"A cena central resume o autor em três fileiras Trajetória/Técnica/Obras com emblemas, sem mostrar num trecho como a técnica altera voz, construção ou interpretação. Em Clarice Lispector, o conteúdo apresenta Uma prosa introspectiva, Obras, Linguagem.","Inspeção visual das capturas centrais claras 390/1440; tablet e tema escuro medidos pelo harness, sem captura visual integral. | Execução com fundo caderno, efeitos mínimos e reduced motion; outros fundos/níveis e movimento completo não verificados. | Três modos e primeiro botão visível exercitados; texto mudou em apenas 1/92. A seleção pode já estar ativa ou abrir diagnóstico; isso não valida sliders, estados alternativos, teclado, drag/drop ou Caderno. Não constitui aprovação editorial. | Recorte central não permite afirmar ausência de oclusões na página inteira; barra móvel visível em algumas capturas não foi classificada como defeito."
summary-literatura-guimaraes-rosa,Literatura,Guimarães Rosa,redesenhar,alta,"A cena central resume o autor em três fileiras Trajetória/Técnica/Obras com emblemas, sem mostrar num trecho como a técnica altera voz, construção ou interpretação. Em Guimarães Rosa, o conteúdo apresenta Invenção da linguagem, Grande Sertão: Veredas, Contos e temas.","Inspeção visual das capturas centrais claras 390/1440; tablet e tema escuro medidos pelo harness, sem captura visual integral. | Execução com fundo caderno, efeitos mínimos e reduced motion; outros fundos/níveis e movimento completo não verificados. | Três modos e primeiro botão visível exercitados; texto mudou em apenas 1/92. A seleção pode já estar ativa ou abrir diagnóstico; isso não valida sliders, estados alternativos, teclado, drag/drop ou Caderno. Não constitui aprovação editorial. | Recorte central não permite afirmar ausência de oclusões na página inteira; barra móvel visível em algumas capturas não foi classificada como defeito."
summary-literatura-poesia-brasileira-1960-1980,Literatura,Poesia Brasileira: 1960-1980,ajustar,media,"O mecanismo/recorte tem relação identificável com Poesia Brasileira: 1960-1980; preservar a operação e reforçar a composição editorial com anotações, hierarquia e relações visuais integradas. Na captura central atual predominam linhas simples, caixas/ícones e tipografia uniforme, abaixo da riqueza autoral das referências aprovadas.","Inspeção visual das capturas centrais claras 390/1440; tablet e tema escuro medidos pelo harness, sem captura visual integral. | Execução com fundo caderno, efeitos mínimos e reduced motion; outros fundos/níveis e movimento completo não verificados. | Três modos e primeiro botão visível exercitados; texto mudou em apenas 1/92. A seleção pode já estar ativa ou abrir diagnóstico; isso não valida sliders, estados alternativos, teclado, drag/drop ou Caderno. Não constitui aprovação editorial. | Recorte central não permite afirmar ausência de oclusões na página inteira; barra móvel visível em algumas capturas não foi classificada como defeito."
summary-literatura-prosa-brasileira-1960-1980,Literatura,Prosa Brasileira: 1960-1980,redesenhar,alta,"A cena central organiza três facetas em cartões com emblemas e legendas; selecionar a faceta muda foco e leitura auxiliar, mas não demonstra no objeto literário a construção, transformação ou efeito estudado. Em Prosa Brasileira: 1960-1980, o conteúdo apresenta Ficção e ditadura, Conto urbano e violência, Memória e testemunho.","Inspeção visual das capturas centrais claras 390/1440; tablet e tema escuro medidos pelo harness, sem captura visual integral. | Execução com fundo caderno, efeitos mínimos e reduced motion; outros fundos/níveis e movimento completo não verificados. | Três modos e primeiro botão visível exercitados; texto mudou em apenas 1/92. A seleção pode já estar ativa ou abrir diagnóstico; isso não valida sliders, estados alternativos, teclado, drag/drop ou Caderno. Não constitui aprovação editorial. | Recorte central não permite afirmar ausência de oclusões na página inteira; barra móvel visível em algumas capturas não foi classificada como defeito."
summary-literatura-literatura-lusofona-contemporanea,Literatura,Literatura Lusófona Contemporânea,redesenhar,alta,"A cena central organiza três facetas em cartões com emblemas e legendas; selecionar a faceta muda foco e leitura auxiliar, mas não demonstra no objeto literário a construção, transformação ou efeito estudado. Em Literatura Lusófona Contemporânea, o conteúdo apresenta Um campo plural, África de língua portuguesa, Portugal contemporâneo.","Inspeção visual das capturas centrais claras 390/1440; tablet e tema escuro medidos pelo harness, sem captura visual integral. | Execução com fundo caderno, efeitos mínimos e reduced motion; outros fundos/níveis e movimento completo não verificados. | Três modos e primeiro botão visível exercitados; texto mudou em apenas 1/92. A seleção pode já estar ativa ou abrir diagnóstico; isso não valida sliders, estados alternativos, teclado, drag/drop ou Caderno. Não constitui aprovação editorial. | Recorte central não permite afirmar ausência de oclusões na página inteira; barra móvel visível em algumas capturas não foi classificada como defeito."
summary-literatura-poesia-brasileira-contemporanea,Literatura,Poesia Brasileira Contemporânea,ajustar,media,"O mecanismo/recorte tem relação identificável com Poesia Brasileira Contemporânea; preservar a operação e reforçar a composição editorial com anotações, hierarquia e relações visuais integradas. Na captura central atual predominam linhas simples, caixas/ícones e tipografia uniforme, abaixo da riqueza autoral das referências aprovadas.","Inspeção visual das capturas centrais claras 390/1440; tablet e tema escuro medidos pelo harness, sem captura visual integral. | Execução com fundo caderno, efeitos mínimos e reduced motion; outros fundos/níveis e movimento completo não verificados. | Três modos e primeiro botão visível exercitados; texto mudou em apenas 1/92. A seleção pode já estar ativa ou abrir diagnóstico; isso não valida sliders, estados alternativos, teclado, drag/drop ou Caderno. Não constitui aprovação editorial. | Recorte central não permite afirmar ausência de oclusões na página inteira; barra móvel visível em algumas capturas não foi classificada como defeito."
summary-literatura-prosa-brasileira-contemporanea,Literatura,Prosa Brasileira Contemporânea,ajustar,media,"O mecanismo/recorte tem relação identificável com Prosa Brasileira Contemporânea; preservar a operação e reforçar a composição editorial com anotações, hierarquia e relações visuais integradas. Na captura central atual predominam linhas simples, caixas/ícones e tipografia uniforme, abaixo da riqueza autoral das referências aprovadas.","Inspeção visual das capturas centrais claras 390/1440; tablet e tema escuro medidos pelo harness, sem captura visual integral. | Execução com fundo caderno, efeitos mínimos e reduced motion; outros fundos/níveis e movimento completo não verificados. | Três modos e primeiro botão visível exercitados; texto mudou em apenas 1/92. A seleção pode já estar ativa ou abrir diagnóstico; isso não valida sliders, estados alternativos, teclado, drag/drop ou Caderno. Não constitui aprovação editorial. | Recorte central não permite afirmar ausência de oclusões na página inteira; barra móvel visível em algumas capturas não foi classificada como defeito."
summary-literatura-artes-plasticas-brasileiras,Literatura,Artes Plásticas Brasileiras,redesenhar,alta,"A cena central organiza três facetas em cartões com emblemas e legendas; selecionar a faceta muda foco e leitura auxiliar, mas não demonstra no objeto literário a construção, transformação ou efeito estudado. Em Artes Plásticas Brasileiras, o conteúdo apresenta Do século XIX ao modernismo, Tarsila e Portinari, Neoconcretismo e contemporâneo.","Inspeção visual das capturas centrais claras 390/1440; tablet e tema escuro medidos pelo harness, sem captura visual integral. | Execução com fundo caderno, efeitos mínimos e reduced motion; outros fundos/níveis e movimento completo não verificados. | Três modos e primeiro botão visível exercitados; texto mudou em apenas 1/92. A seleção pode já estar ativa ou abrir diagnóstico; isso não valida sliders, estados alternativos, teclado, drag/drop ou Caderno. Não constitui aprovação editorial. | Recorte central não permite afirmar ausência de oclusões na página inteira; barra móvel visível em algumas capturas não foi classificada como defeito."
summary-literatura-teatro-brasileiro,Literatura,Teatro Brasileiro,redesenhar,alta,"A cena central organiza três facetas em cartões com emblemas e legendas; selecionar a faceta muda foco e leitura auxiliar, mas não demonstra no objeto literário a construção, transformação ou efeito estudado. Em Teatro Brasileiro, o conteúdo apresenta Formação, Nelson Rodrigues, Teatro e política.","Inspeção visual das capturas centrais claras 390/1440; tablet e tema escuro medidos pelo harness, sem captura visual integral. | Execução com fundo caderno, efeitos mínimos e reduced motion; outros fundos/níveis e movimento completo não verificados. | Três modos e primeiro botão visível exercitados; texto mudou em apenas 1/92. A seleção pode já estar ativa ou abrir diagnóstico; isso não valida sliders, estados alternativos, teclado, drag/drop ou Caderno. Não constitui aprovação editorial. | Recorte central não permite afirmar ausência de oclusões na página inteira; barra móvel visível em algumas capturas não foi classificada como defeito."
summary-literatura-cancioneiro-popular-brasileiro,Literatura,Cancioneiro Popular Brasileiro,redesenhar,alta,"A cena central organiza três facetas em cartões com emblemas e legendas; selecionar a faceta muda foco e leitura auxiliar, mas não demonstra no objeto literário a construção, transformação ou efeito estudado. Em Cancioneiro Popular Brasileiro, o conteúdo apresenta Canção como texto, Momentos e nomes, Canção e censura.","Inspeção visual das capturas centrais claras 390/1440; tablet e tema escuro medidos pelo harness, sem captura visual integral. | Execução com fundo caderno, efeitos mínimos e reduced motion; outros fundos/níveis e movimento completo não verificados. | Três modos e primeiro botão visível exercitados; texto mudou em apenas 1/92. A seleção pode já estar ativa ou abrir diagnóstico; isso não valida sliders, estados alternativos, teclado, drag/drop ou Caderno. Não constitui aprovação editorial. | Recorte central não permite afirmar ausência de oclusões na página inteira; barra móvel visível em algumas capturas não foi classificada como defeito."
summary-entendimento-de-texto-fatores-de-textualidade,Entendimento de Texto,Fatores de Textualidade,ajustar,media,"O mecanismo/recorte tem relação identificável com Fatores de Textualidade; preservar a operação e reforçar a composição editorial com anotações, hierarquia e relações visuais integradas. Na captura central atual predominam linhas simples, caixas/ícones e tipografia uniforme, abaixo da riqueza autoral das referências aprovadas.","Inspeção visual das capturas centrais claras 390/1440; tablet e tema escuro medidos pelo harness, sem captura visual integral. | Execução com fundo caderno, efeitos mínimos e reduced motion; outros fundos/níveis e movimento completo não verificados. | Três modos e primeiro botão visível exercitados; texto mudou em apenas 1/92. A seleção pode já estar ativa ou abrir diagnóstico; isso não valida sliders, estados alternativos, teclado, drag/drop ou Caderno. Não constitui aprovação editorial. | Recorte central não permite afirmar ausência de oclusões na página inteira; barra móvel visível em algumas capturas não foi classificada como defeito."
summary-entendimento-de-texto-os-dois-niveis-da-leitura,Entendimento de Texto,Os Dois Níveis da Leitura,ajustar,media,"O mecanismo/recorte tem relação identificável com Os Dois Níveis da Leitura; preservar a operação e reforçar a composição editorial com anotações, hierarquia e relações visuais integradas. Na captura central atual predominam linhas simples, caixas/ícones e tipografia uniforme, abaixo da riqueza autoral das referências aprovadas.","Inspeção visual das capturas centrais claras 390/1440; tablet e tema escuro medidos pelo harness, sem captura visual integral. | Execução com fundo caderno, efeitos mínimos e reduced motion; outros fundos/níveis e movimento completo não verificados. | Três modos e primeiro botão visível exercitados; texto mudou em apenas 1/92. A seleção pode já estar ativa ou abrir diagnóstico; isso não valida sliders, estados alternativos, teclado, drag/drop ou Caderno. Não constitui aprovação editorial. | Recorte central não permite afirmar ausência de oclusões na página inteira; barra móvel visível em algumas capturas não foi classificada como defeito."
summary-entendimento-de-texto-intertextualidade-e-interdiscursividade,Entendimento de Texto,Intertextualidade e Interdiscursividade,ajustar,media,"O mecanismo/recorte tem relação identificável com Intertextualidade e Interdiscursividade; preservar a operação e reforçar a composição editorial com anotações, hierarquia e relações visuais integradas. Na captura central atual predominam linhas simples, caixas/ícones e tipografia uniforme, abaixo da riqueza autoral das referências aprovadas.","Inspeção visual das capturas centrais claras 390/1440; tablet e tema escuro medidos pelo harness, sem captura visual integral. | Execução com fundo caderno, efeitos mínimos e reduced motion; outros fundos/níveis e movimento completo não verificados. | Três modos e primeiro botão visível exercitados; texto mudou em apenas 1/92. A seleção pode já estar ativa ou abrir diagnóstico; isso não valida sliders, estados alternativos, teclado, drag/drop ou Caderno. Não constitui aprovação editorial. | Recorte central não permite afirmar ausência de oclusões na página inteira; barra móvel visível em algumas capturas não foi classificada como defeito."
summary-entendimento-de-texto-generos-textuais,Entendimento de Texto,Gêneros Textuais,ajustar,media,"O mecanismo/recorte tem relação identificável com Gêneros Textuais; preservar a operação e reforçar a composição editorial com anotações, hierarquia e relações visuais integradas. Na captura central atual predominam linhas simples, caixas/ícones e tipografia uniforme, abaixo da riqueza autoral das referências aprovadas.","Inspeção visual das capturas centrais claras 390/1440; tablet e tema escuro medidos pelo harness, sem captura visual integral. | Execução com fundo caderno, efeitos mínimos e reduced motion; outros fundos/níveis e movimento completo não verificados. | Três modos e primeiro botão visível exercitados; texto mudou em apenas 1/92. A seleção pode já estar ativa ou abrir diagnóstico; isso não valida sliders, estados alternativos, teclado, drag/drop ou Caderno. Não constitui aprovação editorial. | Recorte central não permite afirmar ausência de oclusões na página inteira; barra móvel visível em algumas capturas não foi classificada como defeito."
summary-entendimento-de-texto-generos-narrativos-e-niveis-de-compreensao,Entendimento de Texto,Gêneros Narrativos e Níveis de Compreensão,ajustar,media,"O mecanismo/recorte tem relação identificável com Gêneros Narrativos e Níveis de Compreensão; preservar a operação e reforçar a composição editorial com anotações, hierarquia e relações visuais integradas. Na captura central atual predominam linhas simples, caixas/ícones e tipografia uniforme, abaixo da riqueza autoral das referências aprovadas.","Inspeção visual das capturas centrais claras 390/1440; tablet e tema escuro medidos pelo harness, sem captura visual integral. | Execução com fundo caderno, efeitos mínimos e reduced motion; outros fundos/níveis e movimento completo não verificados. | Três modos e primeiro botão visível exercitados; texto mudou em apenas 1/92. A seleção pode já estar ativa ou abrir diagnóstico; isso não valida sliders, estados alternativos, teclado, drag/drop ou Caderno. Não constitui aprovação editorial. | Recorte central não permite afirmar ausência de oclusões na página inteira; barra móvel visível em algumas capturas não foi classificada como defeito."
summary-entendimento-de-texto-generos-nao-verbais-fundamentos-de-leitura,Entendimento de Texto,Gêneros não Verbais: Fundamentos de Leitura,ajustar,media,"O mecanismo/recorte tem relação identificável com Gêneros não Verbais: Fundamentos de Leitura; preservar a operação e reforçar a composição editorial com anotações, hierarquia e relações visuais integradas. Na captura central atual predominam linhas simples, caixas/ícones e tipografia uniforme, abaixo da riqueza autoral das referências aprovadas.","Inspeção visual das capturas centrais claras 390/1440; tablet e tema escuro medidos pelo harness, sem captura visual integral. | Execução com fundo caderno, efeitos mínimos e reduced motion; outros fundos/níveis e movimento completo não verificados. | Três modos e primeiro botão visível exercitados; texto mudou em apenas 1/92. A seleção pode já estar ativa ou abrir diagnóstico; isso não valida sliders, estados alternativos, teclado, drag/drop ou Caderno. Não constitui aprovação editorial. | Recorte central não permite afirmar ausência de oclusões na página inteira; barra móvel visível em algumas capturas não foi classificada como defeito."
summary-entendimento-de-texto-funcoes-da-linguagem,Entendimento de Texto,Funções da Linguagem,ajustar,media,"O mecanismo/recorte tem relação identificável com Funções da Linguagem; preservar a operação e reforçar a composição editorial com anotações, hierarquia e relações visuais integradas. Na captura central atual predominam linhas simples, caixas/ícones e tipografia uniforme, abaixo da riqueza autoral das referências aprovadas.","Inspeção visual das capturas centrais claras 390/1440; tablet e tema escuro medidos pelo harness, sem captura visual integral. | Execução com fundo caderno, efeitos mínimos e reduced motion; outros fundos/níveis e movimento completo não verificados. | Três modos e primeiro botão visível exercitados; texto mudou em apenas 1/92. A seleção pode já estar ativa ou abrir diagnóstico; isso não valida sliders, estados alternativos, teclado, drag/drop ou Caderno. Não constitui aprovação editorial. | Recorte central não permite afirmar ausência de oclusões na página inteira; barra móvel visível em algumas capturas não foi classificada como defeito."
summary-entendimento-de-texto-funcao-poetica-e-linguagem-literaria,Entendimento de Texto,Função Poética e Linguagem Literária,ajustar,media,"O mecanismo/recorte tem relação identificável com Função Poética e Linguagem Literária; preservar a operação e reforçar a composição editorial com anotações, hierarquia e relações visuais integradas. Na captura central atual predominam linhas simples, caixas/ícones e tipografia uniforme, abaixo da riqueza autoral das referências aprovadas.","Inspeção visual das capturas centrais claras 390/1440; tablet e tema escuro medidos pelo harness, sem captura visual integral. | Execução com fundo caderno, efeitos mínimos e reduced motion; outros fundos/níveis e movimento completo não verificados. | Três modos e primeiro botão visível exercitados; texto mudou em apenas 1/92. A seleção pode já estar ativa ou abrir diagnóstico; isso não valida sliders, estados alternativos, teclado, drag/drop ou Caderno. Não constitui aprovação editorial. | Recorte central não permite afirmar ausência de oclusões na página inteira; barra móvel visível em algumas capturas não foi classificada como defeito."
summary-entendimento-de-texto-figuras-de-linguagem,Entendimento de Texto,Figuras de Linguagem,ajustar,media,"O mecanismo/recorte tem relação identificável com Figuras de Linguagem; preservar a operação e reforçar a composição editorial com anotações, hierarquia e relações visuais integradas. Na captura central atual predominam linhas simples, caixas/ícones e tipografia uniforme, abaixo da riqueza autoral das referências aprovadas.","Inspeção visual das capturas centrais claras 390/1440; tablet e tema escuro medidos pelo harness, sem captura visual integral. | Execução com fundo caderno, efeitos mínimos e reduced motion; outros fundos/níveis e movimento completo não verificados. | Três modos e primeiro botão visível exercitados; texto mudou em apenas 1/92. A seleção pode já estar ativa ou abrir diagnóstico; isso não valida sliders, estados alternativos, teclado, drag/drop ou Caderno. Não constitui aprovação editorial. | Recorte central não permite afirmar ausência de oclusões na página inteira; barra móvel visível em algumas capturas não foi classificada como defeito."
summary-entendimento-de-texto-modelos-de-leitura-e-distorcoes-interpretativas,Entendimento de Texto,Modelos de Leitura e Distorções Interpretativas,ajustar,media,"O mecanismo/recorte tem relação identificável com Modelos de Leitura e Distorções Interpretativas; preservar a operação e reforçar a composição editorial com anotações, hierarquia e relações visuais integradas. Na captura central atual predominam linhas simples, caixas/ícones e tipografia uniforme, abaixo da riqueza autoral das referências aprovadas.","Inspeção visual das capturas centrais claras 390/1440; tablet e tema escuro medidos pelo harness, sem captura visual integral. | Execução com fundo caderno, efeitos mínimos e reduced motion; outros fundos/níveis e movimento completo não verificados. | Três modos e primeiro botão visível exercitados; texto mudou em apenas 1/92. A seleção pode já estar ativa ou abrir diagnóstico; isso não valida sliders, estados alternativos, teclado, drag/drop ou Caderno. Não constitui aprovação editorial. | Recorte central não permite afirmar ausência de oclusões na página inteira; barra móvel visível em algumas capturas não foi classificada como defeito."
summary-entendimento-de-texto-leitura-de-textos-comicos,Entendimento de Texto,Leitura de Textos Cômicos,ajustar,media,"O mecanismo/recorte tem relação identificável com Leitura de Textos Cômicos; preservar a operação e reforçar a composição editorial com anotações, hierarquia e relações visuais integradas. Na captura central atual predominam linhas simples, caixas/ícones e tipografia uniforme, abaixo da riqueza autoral das referências aprovadas.","Inspeção visual das capturas centrais claras 390/1440; tablet e tema escuro medidos pelo harness, sem captura visual integral. | Execução com fundo caderno, efeitos mínimos e reduced motion; outros fundos/níveis e movimento completo não verificados. | Três modos e primeiro botão visível exercitados; texto mudou em apenas 1/92. A seleção pode já estar ativa ou abrir diagnóstico; isso não valida sliders, estados alternativos, teclado, drag/drop ou Caderno. Não constitui aprovação editorial. | Recorte central não permite afirmar ausência de oclusões na página inteira; barra móvel visível em algumas capturas não foi classificada como defeito."
summary-entendimento-de-texto-tecnologias-digitais-da-informacao-e-comunicacao-tdic-impactos-sociais,Entendimento de Texto,Tecnologias Digitais da Informação e Comunicação (TDIC): Impactos Sociais,ajustar,media,"O mecanismo/recorte tem relação identificável com Tecnologias Digitais da Informação e Comunicação (TDIC): Impactos Sociais; preservar a operação e reforçar a composição editorial com anotações, hierarquia e relações visuais integradas. Na captura central atual predominam linhas simples, caixas/ícones e tipografia uniforme, abaixo da riqueza autoral das referências aprovadas. | No estado inicial, uso/acesso/trabalho/poder e ligações periféricas ficam quase brancos sobre a cena clara; reforçar a visibilidade contextual mesmo quando o foco é ferramenta.","Inspeção visual das capturas centrais claras 390/1440; tablet e tema escuro medidos pelo harness, sem captura visual integral. | Execução com fundo caderno, efeitos mínimos e reduced motion; outros fundos/níveis e movimento completo não verificados. | Três modos e primeiro botão visível exercitados; texto mudou em apenas 1/92. A seleção pode já estar ativa ou abrir diagnóstico; isso não valida sliders, estados alternativos, teclado, drag/drop ou Caderno. Não constitui aprovação editorial. | Recorte central não permite afirmar ausência de oclusões na página inteira; barra móvel visível em algumas capturas não foi classificada como defeito."
