ordem,id,materia,titulo,artefato_ativo,status,proxima_acao
1,summary-fisica-equacao-fundamental-da-ondulatoria,Física,Equação Fundamental da Ondulatória,board:ondulatoria,em-validacao,revisao editorial e QA pendente
2,summary-fisica-ondulatoria-ondas-eletromagneticas,Física,Ondulatória: Ondas Eletromagnéticas,board:ondulatoria,em-validacao,revisao editorial e QA pendente
3,summary-fisica-ondulatoria-som-e-suas-propriedades,Física,Ondulatória: Som e suas Propriedades,board:ondulatoria,em-validacao,revisao editorial e QA pendente
4,summary-quimica-evolucao-dos-modelos-atomicos,Química,Evolução dos Modelos Atômicos,board:modelos-atomicos,em-validacao,revisao editorial e QA pendente
5,summary-quimica-termoquimica-i,Química,Termoquímica I,board:termoquimica,em-validacao,revisao editorial e QA pendente
6,summary-quimica-termoquimica-ii,Química,Termoquímica II,board:termoquimica,em-validacao,revisao editorial e QA pendente
7,summary-biologia-bioenergetica-fotossintese-e-quimiossintese,Biologia,Bioenergética: Fotossíntese e Quimiossíntese,board:bioenergetica,em-validacao,revisao editorial e QA pendente
8,bio-ecologia-ciclo-nitrogenio,Biologia,Ciclo do nitrogênio,scene:nitrogenio-solo-atmosfera,em-validacao,revisao editorial e QA pendente
9,bio-ecologia-ciclo-hidrologico-poluicao-agua,Biologia,Ciclo hidrológico e poluição da água,scene:poluicao-agua-agentes,em-validacao,revisao editorial e QA pendente
10,summary-biologia-coracao-e-vasos-sanguineos,Biologia,Coração e Vasos Sanguíneos,board:coracao-circulacao,em-validacao,revisao editorial e QA pendente
11,bio-ecologia-dinamica-populacoes,Biologia,Dinâmica de populações,scene:estrategias-reprodutivas,em-validacao,revisao editorial e QA pendente
12,bio-ecologia-invasoras-controle-biologico,Biologia,Espécies invasoras e controle biológico,scene:invasao-impactos,em-validacao,revisao editorial e QA pendente
13,bio-ecologia-eutrofizacao,Biologia,Eutrofização e fluxo de energia,scene:eutrofizacao-lago,em-validacao,revisao editorial e QA pendente
14,bio-ecologia-sucessao,Biologia,Sucessão ecológica,scene:sucessao-comunidades,em-validacao,revisao editorial e QA pendente
15,summary-geografia-combustiveis-fosseis-e-biocombustiveis-no-brasil,Geografia,Combustíveis Fósseis e Biocombustíveis no Brasil,instrument:combustiveis-biocombustiveis-brasil,em-validacao,revisao editorial e QA pendente
16,summary-geografia-dinamica-climatica,Geografia,Dinâmica Climática,scene:tipologia,em-validacao,revisao editorial e QA pendente
17,summary-geografia-energia-eletrica-no-brasil,Geografia,Energia Elétrica no Brasil,instrument:energia-eletrica-brasil,em-validacao,revisao editorial e QA pendente
18,summary-geografia-estrutura-etnica-e-fluxos-migratorios,Geografia,Estrutura Étnica e Fluxos Migratórios,instrument:fluxos-populacionais,em-validacao,revisao editorial e QA pendente
19,summary-geografia-os-fluxos-do-comercio-externo,Geografia,Os Fluxos do Comércio Externo,instrument:rede-comercio-externo,em-validacao,revisao editorial e QA pendente
20,summary-geografia-projecoes-cartograficas,Geografia,Projeções Cartográficas,scene:tipologia,em-validacao,revisao editorial e QA pendente
21,summary-historia-revolucao-francesa,História,Revolução Francesa,scene:cadeia-de-derivacao,em-validacao,revisao editorial e QA pendente
22,summary-historia-revolucao-industrial,História,Revolução Industrial,scene:cadeia-de-derivacao,em-validacao,revisao editorial e QA pendente
23,summary-fisica-a-forca-de-contato,Física,A Força de Contato,instrument:forca-contato,nao-revisado,inspecionar mecanismo e fontes; redesenhar quando necessario
24,summary-fisica-a-fisica-por-tras-da-obtencao-de-energia-eletrica-das-quedas-d-agua-aos-reatores-nucleares,Física,"A Física por trás da Obtenção de Energia Elétrica, das Quedas-d'Água aos Reatores Nucleares",scene:geracao-eletrica,nao-revisado,inspecionar mecanismo e fontes; redesenhar quando necessario
25,summary-fisica-aceleracao-vetorial,Física,Aceleração Vetorial,scene:grade-de-eixos,nao-revisado,inspecionar mecanismo e fontes; redesenhar quando necessario
26,summary-fisica-analisando-movimentos-contidos-em-um-plano-vertical,Física,Analisando Movimentos Contidos em um Plano Vertical,instrument:plano-vertical,nao-revisado,inspecionar mecanismo e fontes; redesenhar quando necessario
27,summary-fisica-analise-de-forca-magnetica-em-fios-percorridos-por-correntes-continuas,Física,Análise de Força Magnética em Fios Percorridos por Correntes Contínuas,instrument:fios-paralelos,nao-revisado,inspecionar mecanismo e fontes; redesenhar quando necessario
28,summary-fisica-as-leis-de-newton,Física,As Leis de Newton,board:leis-newton,nao-revisado,inspecionar mecanismo e fontes; redesenhar quando necessario
29,summary-fisica-balistica,Física,Balística,instrument:balistica,nao-revisado,inspecionar mecanismo e fontes; redesenhar quando necessario
30,summary-fisica-calor-sensivel-e-calor-latente,Física,Calor Sensível e Calor Latente,board:calorimetria,nao-revisado,inspecionar mecanismo e fontes; redesenhar quando necessario
31,fis-termologia-calor,Física,"Calor, temperatura e mudanças de estado",board:calorimetria,nao-revisado,inspecionar mecanismo e fontes; redesenhar quando necessario
32,summary-fisica-campo-eletrico,Física,Campo Elétrico,instrument:campo-eletrico,nao-revisado,inspecionar mecanismo e fontes; redesenhar quando necessario
33,summary-fisica-campo-eletrico-uniforme-abordagem-escalar-e-abordagem-vetorial,Física,Campo Elétrico Uniforme: Abordagem Escalar e Abordagem Vetorial,instrument:campo-uniforme,nao-revisado,inspecionar mecanismo e fontes; redesenhar quando necessario
34,summary-fisica-campo-magnetico-devido-a-corrente-em-fio-reto-e-espira-descricao-vetorial-e-aplicacoes,Física,Campo Magnético devido à Corrente em Fio Reto e Espira: Descrição Vetorial e Aplicações,instrument:fio-espira,nao-revisado,inspecionar mecanismo e fontes; redesenhar quando necessario
35,summary-fisica-capacitores,Física,Capacitores,instrument:capacitores,nao-revisado,inspecionar mecanismo e fontes; redesenhar quando necessario
36,summary-fisica-cinematica-escalar-conceitos-fundamentais,Física,Cinemática Escalar. Conceitos Fundamentais,board:cinematica,nao-revisado,inspecionar mecanismo e fontes; redesenhar quando necessario
37,summary-fisica-circuitos-de-malha-unica,Física,Circuitos de Malha Única,board:circuitos,nao-revisado,inspecionar mecanismo e fontes; redesenhar quando necessario
38,summary-fisica-colisoes,Física,Colisões,scene:colisoes-momento-energia,nao-revisado,inspecionar mecanismo e fontes; redesenhar quando necessario
39,summary-fisica-composicao-de-movimentos,Física,Composição de Movimentos,instrument:composicao-movimentos,nao-revisado,inspecionar mecanismo e fontes; redesenhar quando necessario
40,summary-fisica-conceitos-basicos,Física,Conceitos Básicos,instrument:conceitos-ondas,nao-revisado,inspecionar mecanismo e fontes; redesenhar quando necessario
41,summary-fisica-corrente-eletrica,Física,Corrente Elétrica,instrument:corrente-eletrica,nao-revisado,inspecionar mecanismo e fontes; redesenhar quando necessario
42,summary-fisica-dilatacao-ou-contracao-termica-dos-solidos-e-liquidos,Física,Dilatação ou Contração Térmica dos Sólidos e Líquidos,scene:cadeia-de-derivacao,nao-revisado,inspecionar mecanismo e fontes; redesenhar quando necessario
43,summary-fisica-dinamica-das-cargas-eletricas,Física,Dinâmica das Cargas Elétricas,instrument:dinamica-cargas,nao-revisado,inspecionar mecanismo e fontes; redesenhar quando necessario
44,summary-fisica-dinamica-do-movimento-circular,Física,Dinâmica do Movimento Circular,instrument:dinamica-circular,nao-revisado,inspecionar mecanismo e fontes; redesenhar quando necessario
45,summary-fisica-efeito-doppler-descricao-e-estudo-quantitativo,Física,Efeito Doppler: Descrição e Estudo Quantitativo,instrument:efeito-doppler,nao-revisado,inspecionar mecanismo e fontes; redesenhar quando necessario
46,summary-fisica-eletrodinamica-as-leis-de-kirchhoff,Física,Eletrodinâmica: as Leis de Kirchhoff,instrument:leis-kirchhoff,nao-revisado,inspecionar mecanismo e fontes; redesenhar quando necessario
47,summary-fisica-eletrostatica-processos-de-eletrizacao-e-aplicacoes,Física,Eletrostática: Processos de Eletrização e Aplicações,scene:eletrizacao-cargas,nao-revisado,inspecionar mecanismo e fontes; redesenhar quando necessario
48,summary-fisica-energia-potencial-e-potencial-eletrico,Física,Energia Potencial e Potencial Elétrico,instrument:potencial-eletrico,nao-revisado,inspecionar mecanismo e fontes; redesenhar quando necessario
49,summary-fisica-equacao-do-fabricante-de-lentes-e-associacao-de-lentes,Física,Equação do Fabricante de Lentes e Associação de Lentes,board:lentes,nao-revisado,inspecionar mecanismo e fontes; redesenhar quando necessario
50,summary-fisica-equivalencia-massa-energia,Física,Equivalência Massa-Energia,instrument:massa-energia,nao-revisado,inspecionar mecanismo e fontes; redesenhar quando necessario
51,summary-fisica-estudo-analitico-das-lentes-esfericas,Física,Estudo Analítico das Lentes Esféricas,board:lentes,nao-revisado,inspecionar mecanismo e fontes; redesenhar quando necessario
52,summary-fisica-estatica,Física,Estática,scene:criterios-conjuntivos,nao-revisado,inspecionar mecanismo e fontes; redesenhar quando necessario
53,summary-fisica-fenomenos-ondulatorios-analise-de-refracao-e-reflexao-em-cordas,Física,Fenômenos Ondulatórios: Análise de Refração e Reflexão em Cordas,instrument:reflexao-cordas,nao-revisado,inspecionar mecanismo e fontes; redesenhar quando necessario
54,summary-fisica-fenomenos-ondulatorios-difracao-polarizacao-e-ressonancia,Física,"Fenômenos Ondulatórios: Difração, Polarização e Ressonância",instrument:difracao-polarizacao,nao-revisado,inspecionar mecanismo e fontes; redesenhar quando necessario
55,summary-fisica-forca-eletrica-lei-de-coulomb,Física,Força Elétrica: Lei de Coulomb,instrument:lei-coulomb,nao-revisado,inspecionar mecanismo e fontes; redesenhar quando necessario
56,summary-fisica-forca-magnetica-e-analise-de-lancamentos-de-cargas-em-um-campo-magnetico-uniforme,Física,Força Magnética e Análise de Lançamentos de Cargas em um Campo Magnético Uniforme,instrument:carga-em-b,nao-revisado,inspecionar mecanismo e fontes; redesenhar quando necessario
57,summary-fisica-forca-e-seus-tipos,Física,Força e seus Tipos,scene:forcas-vetores,nao-revisado,inspecionar mecanismo e fontes; redesenhar quando necessario
58,summary-fisica-fundamentos-da-optica-geometrica,Física,Fundamentos da Óptica Geométrica,instrument:fundamentos-optica,nao-revisado,inspecionar mecanismo e fontes; redesenhar quando necessario
59,summary-fisica-gases-ideais-variaveis-de-estado-e-as-transformacoes-gasosas,Física,Gases Ideais: Variáveis de Estado e as Transformações Gasosas,scene:transformacoes-pv,nao-revisado,inspecionar mecanismo e fontes; redesenhar quando necessario
60,summary-fisica-geradores,Física,Geradores,instrument:geradores-eletricos,nao-revisado,inspecionar mecanismo e fontes; redesenhar quando necessario
61,summary-fisica-grandezas-fisicas-e-operacoes-com-vetores,Física,Grandezas Físicas e Operações com Vetores,instrument:grandezas-vetores,nao-revisado,inspecionar mecanismo e fontes; redesenhar quando necessario
62,summary-fisica-hidrostatica-densidade-e-pressao,Física,Hidrostática: Densidade e Pressão,board:hidrostatica,nao-revisado,inspecionar mecanismo e fontes; redesenhar quando necessario
63,summary-fisica-impulso-e-quantidade-de-movimento,Física,Impulso e Quantidade de Movimento,instrument:impulso,nao-revisado,inspecionar mecanismo e fontes; redesenhar quando necessario
64,summary-fisica-inducao-eletromagnetica-analise-da-corrente-induzida-em-geradores,Física,Indução Eletromagnética: Análise da Corrente Induzida em Geradores,instrument:gerador-inducao,nao-revisado,inspecionar mecanismo e fontes; redesenhar quando necessario
65,summary-fisica-inducao-eletromagnetica-lei-de-lenz,Física,Indução Eletromagnética: Lei de Lenz,instrument:lenz,nao-revisado,inspecionar mecanismo e fontes; redesenhar quando necessario
66,summary-fisica-intensidade-sonora,Física,Intensidade Sonora,instrument:intensidade-sonora,nao-revisado,inspecionar mecanismo e fontes; redesenhar quando necessario
67,summary-fisica-interferencia-de-ondas-analise-quantitativa-aplicacoes-e-batimento,Física,"Interferência de Ondas: Análise Quantitativa, Aplicações e Batimento",instrument:interferencia-ondas,nao-revisado,inspecionar mecanismo e fontes; redesenhar quando necessario
68,summary-fisica-leis-da-gravitacao,Física,Leis da Gravitação,instrument:gravidade,nao-revisado,inspecionar mecanismo e fontes; redesenhar quando necessario
69,summary-fisica-lentes-esfericas-estudo-grafico,Física,Lentes Esféricas: Estudo Gráfico,board:lentes,nao-revisado,inspecionar mecanismo e fontes; redesenhar quando necessario
70,summary-fisica-mapeamento-do-campo-eletrico-linhas-de-forca-e-superficies-equipotenciais,Física,Mapeamento do Campo Elétrico: Linhas de Força e Superfícies Equipotenciais,instrument:mapeamento-campo-eletrico,nao-revisado,inspecionar mecanismo e fontes; redesenhar quando necessario
71,summary-fisica-medidores-eletricos,Física,Medidores Elétricos,instrument:medidores-eletricos,nao-revisado,inspecionar mecanismo e fontes; redesenhar quando necessario
72,summary-fisica-microscopio-e-luneta-astronomica-ou-telescopio-refrator-nocoes-basicas,Física,Microscópio e Luneta Astronômica (ou Telescópio Refrator): Noções Básicas,instrument:microscopio-luneta,nao-revisado,inspecionar mecanismo e fontes; redesenhar quando necessario
73,summary-fisica-movimento-harmonico-simples-mhs,Física,Movimento Harmônico Simples (MHS),instrument:mhs,nao-revisado,inspecionar mecanismo e fontes; redesenhar quando necessario
74,summary-fisica-movimento-uniforme,Física,Movimento Uniforme,instrument:movimento-uniforme,nao-revisado,inspecionar mecanismo e fontes; redesenhar quando necessario
75,summary-fisica-movimento-uniformemente-variado,Física,Movimento Uniformemente Variado,instrument:movimento-uniformemente-variado,nao-revisado,inspecionar mecanismo e fontes; redesenhar quando necessario
76,summary-fisica-maquinas-termicas-e-ciclo-de-carnot,Física,Máquinas Térmicas e Ciclo de Carnot,instrument:ciclo-carnot,nao-revisado,inspecionar mecanismo e fontes; redesenhar quando necessario
77,summary-fisica-nocoes-basicas-de-fisica-quantica,Física,Noções Básicas de Física Quântica,instrument:fisica-quantica,nao-revisado,inspecionar mecanismo e fontes; redesenhar quando necessario
78,summary-fisica-o-movimento-circular,Física,O Movimento Circular,instrument:movimento-circular,nao-revisado,inspecionar mecanismo e fontes; redesenhar quando necessario
79,summary-fisica-ondas-estacionarias-em-cordas,Física,Ondas Estacionárias em Cordas,instrument:ondas-cordas,nao-revisado,inspecionar mecanismo e fontes; redesenhar quando necessario
80,summary-fisica-ondas-estacionarias-em-tubos,Física,Ondas Estacionárias em Tubos,instrument:ondas-tubos,nao-revisado,inspecionar mecanismo e fontes; redesenhar quando necessario
81,summary-fisica-plano-inclinado,Física,Plano Inclinado,instrument:plano-inclinado,nao-revisado,inspecionar mecanismo e fontes; redesenhar quando necessario
82,summary-fisica-potencia-eletrica,Física,Potência Elétrica,instrument:potencia-eletrica,nao-revisado,inspecionar mecanismo e fontes; redesenhar quando necessario
83,summary-fisica-potencia-maquina-e-rendimento,Física,"Potência, Máquina e Rendimento",instrument:potencia,nao-revisado,inspecionar mecanismo e fontes; redesenhar quando necessario
84,summary-fisica-primeira-lei-da-termodinamica,Física,Primeira Lei da Termodinâmica,instrument:primeira-lei,nao-revisado,inspecionar mecanismo e fontes; redesenhar quando necessario
85,summary-fisica-primeira-lei-da-termodinamica-aplicada-a-algumas-transformacoes-particulares,Física,Primeira Lei da Termodinâmica Aplicada a Algumas Transformações Particulares,board:adiabatica,nao-revisado,inspecionar mecanismo e fontes; redesenhar quando necessario
86,summary-fisica-receptores,Física,Receptores,instrument:receptores-eletricos,nao-revisado,inspecionar mecanismo e fontes; redesenhar quando necessario
87,summary-fisica-reflexao-em-superficies-esfericas,Física,Reflexão em Superfícies Esféricas,instrument:espelho-esferico,nao-revisado,inspecionar mecanismo e fontes; redesenhar quando necessario
88,summary-fisica-reflexao-em-superficies-planas,Física,Reflexão em Superfícies Planas,instrument:espelho-plano,nao-revisado,inspecionar mecanismo e fontes; redesenhar quando necessario
89,summary-fisica-reflexao-eco-reverberacao-e-refracao-de-ondas,Física,"Reflexão, Eco, Reverberação e Refração de Ondas",instrument:eco-refracao,nao-revisado,inspecionar mecanismo e fontes; redesenhar quando necessario
90,summary-fisica-refracao-fundamentos-leis-e-aplicacoes,Física,"Refração: Fundamentos, Leis e Aplicações",instrument:refracao,nao-revisado,inspecionar mecanismo e fontes; redesenhar quando necessario
91,summary-fisica-resistores,Física,Resistores,instrument:resistores,nao-revisado,inspecionar mecanismo e fontes; redesenhar quando necessario
92,summary-fisica-resultante-de-um-sistema-de-forcas,Física,Resultante de um Sistema de Forças,instrument:resultante-forcas,nao-revisado,inspecionar mecanismo e fontes; redesenhar quando necessario
93,summary-fisica-sistema-de-corpos-interagindo-e-os-elementos-transmissores-de-forca,Física,Sistema de Corpos Interagindo e os Elementos Transmissores de Força,instrument:corpos-interagindo,nao-revisado,inspecionar mecanismo e fontes; redesenhar quando necessario
94,summary-fisica-sistemas-conservativos-e-sistemas-nao-conservativos,Física,Sistemas Conservativos e Sistemas Não Conservativos,instrument:nao-conservativo,nao-revisado,inspecionar mecanismo e fontes; redesenhar quando necessario
95,summary-fisica-sistemas-isolados-e-a-conservacao-da-quantidade-de-movimento,Física,Sistemas Isolados e a Conservação da Quantidade de Movimento,instrument:conservacao-momento,nao-revisado,inspecionar mecanismo e fontes; redesenhar quando necessario
96,summary-fisica-trabalho-da-forca-de-pressao-do-gas,Física,Trabalho da Força de Pressão do Gás,instrument:trabalho-gas,nao-revisado,inspecionar mecanismo e fontes; redesenhar quando necessario
97,summary-fisica-trabalho-e-energia-teorema-da-energia-cinetica,Física,Trabalho e Energia: Teorema da Energia Cinética,instrument:energia-cinetica,nao-revisado,inspecionar mecanismo e fontes; redesenhar quando necessario
98,summary-fisica-trabalho-e-energia-trabalho-de-uma-forca,Física,Trabalho e Energia: Trabalho de uma Força,instrument:trabalho-forca,nao-revisado,inspecionar mecanismo e fontes; redesenhar quando necessario
99,summary-fisica-trabalho-e-energia-o-teorema-da-energia-potencial,Física,Trabalho e Energia: o Teorema da Energia Potencial,instrument:energia-potencial,nao-revisado,inspecionar mecanismo e fontes; redesenhar quando necessario
100,summary-fisica-um-caso-particular-de-interferencia-onda-estacionaria,Física,Um Caso Particular de Interferência: Onda Estacionária,instrument:onda-estacionaria,nao-revisado,inspecionar mecanismo e fontes; redesenhar quando necessario
101,summary-fisica-velocidade-vetorial,Física,Velocidade Vetorial,instrument:velocidade-vetorial,nao-revisado,inspecionar mecanismo e fontes; redesenhar quando necessario
102,summary-fisica-imas-campo-de-inducao-magnetico-devido-a-imas-e-campo-magnetico-terrestre,Física,"Ímãs, Campo de Indução Magnético devido a Ímãs e Campo Magnético Terrestre",instrument:imas-campo-terrestre,nao-revisado,inspecionar mecanismo e fontes; redesenhar quando necessario
103,summary-fisica-optica-da-visao,Física,Óptica da Visão,board:defeitos-visao,nao-revisado,inspecionar mecanismo e fontes; redesenhar quando necessario
104,summary-fisica-orbitas,Física,Órbitas,instrument:orbitas,nao-revisado,inspecionar mecanismo e fontes; redesenhar quando necessario
105,summary-quimica-acidez-e-basicidade-pka,Química,Acidez e Basicidade (pKa),instrument:acidity,nao-revisado,inspecionar mecanismo e fontes; redesenhar quando necessario
106,summary-quimica-aspectos-quantitativos-da-eletroquimica-e-metalurgia,Química,Aspectos Quantitativos da Eletroquímica e Metalurgia,instrument:faraday-metalurgia,nao-revisado,inspecionar mecanismo e fontes; redesenhar quando necessario
107,summary-quimica-cinetica-quimica,Química,Cinética Química,scene:escala-de-graus,nao-revisado,inspecionar mecanismo e fontes; redesenhar quando necessario
108,summary-quimica-combustiveis-fosseis,Química,Combustíveis Fósseis,scene:tipologia,nao-revisado,inspecionar mecanismo e fontes; redesenhar quando necessario
109,summary-quimica-composicao-da-materia-estados-fisicos,Química,Composição da Matéria: Estados Físicos,scene:tipologia,nao-revisado,inspecionar mecanismo e fontes; redesenhar quando necessario
110,summary-quimica-calculos-estequiometricos,Química,Cálculos Estequiométricos,instrument:stoichiometry,nao-revisado,inspecionar mecanismo e fontes; redesenhar quando necessario
111,summary-quimica-deslocamento-de-equilibrio,Química,Deslocamento de Equilíbrio,instrument:equilibrium-shift,nao-revisado,inspecionar mecanismo e fontes; redesenhar quando necessario
112,summary-quimica-determinacao-de-formulas-quimicas,Química,Determinação de Fórmulas Químicas,instrument:formula,nao-revisado,inspecionar mecanismo e fontes; redesenhar quando necessario
113,summary-quimica-dispersoes,Química,Dispersões,board:dispersoes,nao-revisado,inspecionar mecanismo e fontes; redesenhar quando necessario
114,summary-quimica-efeitos-coligativos,Química,Efeitos Coligativos,scene:tipologia,nao-revisado,inspecionar mecanismo e fontes; redesenhar quando necessario
115,summary-quimica-eletroquimica-de-processos-espontaneos,Química,Eletroquímica de Processos Espontâneos,instrument:eletroquimica-espontanea,nao-revisado,inspecionar mecanismo e fontes; redesenhar quando necessario
116,summary-quimica-eletroquimica-de-processos-nao-espontaneos,Química,Eletroquímica de Processos não Espontâneos,instrument:eletrolise,nao-revisado,inspecionar mecanismo e fontes; redesenhar quando necessario
117,summary-quimica-equacoes-ionicas-e-outras-teorias-para-acidos-e-bases,Química,Equações Iônicas e outras Teorias para Ácidos e Bases,board:acido-base,nao-revisado,inspecionar mecanismo e fontes; redesenhar quando necessario
118,qui-equilibrio-acidificacao,Química,"Equilíbrio químico, acidez e intemperismo",instrument:acid-weathering,nao-revisado,inspecionar mecanismo e fontes; redesenhar quando necessario
119,summary-quimica-equilibrios-ionicos,Química,Equilíbrios Iônicos,instrument:ionic-equilibrium,nao-revisado,inspecionar mecanismo e fontes; redesenhar quando necessario
120,summary-quimica-equilibrios-ionicos-ii,Química,Equilíbrios Iônicos II,scene:grade-de-eixos,nao-revisado,inspecionar mecanismo e fontes; redesenhar quando necessario
121,summary-quimica-estequiometria-leis-ponderais,Química,Estequiometria: Leis Ponderais,board:leis-ponderais,nao-revisado,inspecionar mecanismo e fontes; redesenhar quando necessario
122,summary-quimica-estudo-dos-gases-ii,Química,Estudo dos Gases II,instrument:gas-law,nao-revisado,inspecionar mecanismo e fontes; redesenhar quando necessario
123,summary-quimica-geometria-molecular,Química,Geometria Molecular,scene:tipologia,nao-revisado,inspecionar mecanismo e fontes; redesenhar quando necessario
124,summary-quimica-interacoes-intermoleculares,Química,Interações Intermoleculares,scene:escala-de-graus,nao-revisado,inspecionar mecanismo e fontes; redesenhar quando necessario
125,summary-quimica-interpretando-reacoes-organicas,Química,Interpretando Reações Orgânicas,scene:tipologia,nao-revisado,inspecionar mecanismo e fontes; redesenhar quando necessario
126,summary-quimica-introducao-ao-estudo-das-pilhas-e-baterias,Química,Introdução ao Estudo das Pilhas e Baterias,instrument:pilhas-baterias,nao-revisado,inspecionar mecanismo e fontes; redesenhar quando necessario
127,summary-quimica-introducao-a-quimica-organica,Química,Introdução à Química Orgânica,instrument:carbon-chain,nao-revisado,inspecionar mecanismo e fontes; redesenhar quando necessario
128,summary-quimica-isomeria,Química,Isomeria,scene:tipologia,nao-revisado,inspecionar mecanismo e fontes; redesenhar quando necessario
129,summary-quimica-ligacoes-quimicas-e-alotropia,Química,Ligações Químicas e Alotropia,board:ligacoes,nao-revisado,inspecionar mecanismo e fontes; redesenhar quando necessario
130,summary-quimica-massa-atomica-mol-e-massa-molar,Química,"Massa Atômica, Mol e Massa Molar",instrument:mole,nao-revisado,inspecionar mecanismo e fontes; redesenhar quando necessario
131,summary-quimica-nomenclatura-de-compostos-organicos,Química,Nomenclatura de Compostos Orgânicos,instrument:organic-name,nao-revisado,inspecionar mecanismo e fontes; redesenhar quando necessario
132,summary-quimica-nomenclatura-de-compostos-organicos-oxigenados-e-nitrogenados,Química,Nomenclatura de Compostos Orgânicos Oxigenados e Nitrogenados,scene:tipologia,nao-revisado,inspecionar mecanismo e fontes; redesenhar quando necessario
133,summary-quimica-o-estado-gasoso,Química,O Estado Gasoso,instrument:gas-state,nao-revisado,inspecionar mecanismo e fontes; redesenhar quando necessario
134,summary-quimica-organizacao-da-tabela-periodica-dos-elementos,Química,Organização da Tabela Periódica dos Elementos,scene:tipologia,nao-revisado,inspecionar mecanismo e fontes; redesenhar quando necessario
135,summary-quimica-polaridade-das-ligacoes-e-das-moleculas,Química,Polaridade das Ligações e das Moléculas,scene:criterios-conjuntivos,nao-revisado,inspecionar mecanismo e fontes; redesenhar quando necessario
136,summary-quimica-polimeros,Química,Polímeros,instrument:polymer,nao-revisado,inspecionar mecanismo e fontes; redesenhar quando necessario
137,summary-quimica-processos-de-oxirreducao,Química,Processos de Oxirredução,instrument:redox,nao-revisado,inspecionar mecanismo e fontes; redesenhar quando necessario
138,summary-quimica-quimica-ambiental,Química,Química Ambiental,scene:cadeia-de-derivacao,nao-revisado,inspecionar mecanismo e fontes; redesenhar quando necessario
139,summary-quimica-quimica-inorganica,Química,Química Inorgânica,scene:tipologia,nao-revisado,inspecionar mecanismo e fontes; redesenhar quando necessario
140,summary-quimica-radioatividade-o-estudo-das-radiacoes,Química,Radioatividade: o Estudo das Radiações,scene:tipologia,nao-revisado,inspecionar mecanismo e fontes; redesenhar quando necessario
141,summary-quimica-reacoes-de-adicao,Química,Reações de Adição,instrument:addition,nao-revisado,inspecionar mecanismo e fontes; redesenhar quando necessario
142,summary-quimica-reacoes-de-oxidacao-em-hidrocarbonetos,Química,Reações de Oxidação em Hidrocarbonetos,instrument:oxidation,nao-revisado,inspecionar mecanismo e fontes; redesenhar quando necessario
143,summary-quimica-reacoes-de-substituicao,Química,Reações de Substituição,scene:tipologia,nao-revisado,inspecionar mecanismo e fontes; redesenhar quando necessario
144,summary-quimica-reconhecimento-de-funcoes-organicas-e-algumas-de-suas-propriedades,Química,Reconhecimento de Funções Orgânicas e Algumas de suas Propriedades,scene:tipologia,nao-revisado,inspecionar mecanismo e fontes; redesenhar quando necessario
145,summary-quimica-separacao-de-misturas,Química,Separação de Misturas,instrument:separation,nao-revisado,inspecionar mecanismo e fontes; redesenhar quando necessario
146,summary-quimica-transesterificacao-alcoolise,Química,Transesterificação (Alcoólise),instrument:biodiesel,nao-revisado,inspecionar mecanismo e fontes; redesenhar quando necessario
147,summary-quimica-transformacoes-fisicas-e-quimicas-e-balanceamento-de-equacoes,Química,Transformações Físicas e Químicas e Balanceamento de Equações,instrument:balancing,nao-revisado,inspecionar mecanismo e fontes; redesenhar quando necessario
148,summary-quimica-acidos-graxos-e-esterificacao,Química,Ácidos Graxos e Esterificação,instrument:esterification,nao-revisado,inspecionar mecanismo e fontes; redesenhar quando necessario
149,summary-quimica-alcoois,Química,Álcoois,scene:escala-de-graus,nao-revisado,inspecionar mecanismo e fontes; redesenhar quando necessario
150,summary-biologia-alelos-multiplos-e-heranca-dos-grupos-sanguineos,Biologia,Alelos Múltiplos e Herança dos Grupos Sanguíneos,instrument:alelos-multiplos,nao-revisado,inspecionar mecanismo e fontes; redesenhar quando necessario
151,summary-biologia-algas,Biologia,Algas,scene:atlas-luz-e-algas,nao-revisado,inspecionar mecanismo e fontes; redesenhar quando necessario
152,summary-biologia-anelideos,Biologia,Anelídeos,scene:tipologia,nao-revisado,inspecionar mecanismo e fontes; redesenhar quando necessario
153,bio-ecologia-aquecimento-global-pops-biorremediacao,Biologia,"Aquecimento global, POPs e biorremediação",instrument:clima-pops-biorremediacao,nao-revisado,inspecionar mecanismo e fontes; redesenhar quando necessario
154,summary-biologia-arquitetura-corporal-dos-animais-e-o-filo-dos-platelmintos-e-dos-nematodeos,Biologia,Arquitetura Corporal dos Animais e o Filo dos Platelmintos e dos Nematódeos,instrument:arquitetura-corporal,nao-revisado,inspecionar mecanismo e fontes; redesenhar quando necessario
155,summary-biologia-artropodes-aracnideos,Biologia,Artrópodes: Aracnídeos,instrument:artropodes-aracnideos,nao-revisado,inspecionar mecanismo e fontes; redesenhar quando necessario
156,summary-biologia-artropodes-insetos-crustaceos-e-miriapodes,Biologia,"Artrópodes: Insetos, Crustáceos e Miriápodes",instrument:artropodes-insetos,nao-revisado,inspecionar mecanismo e fontes; redesenhar quando necessario
157,summary-biologia-bioenergetica-fermentacao-e-respiracao,Biologia,Bioenergética: Fermentação e Respiração,scene:respiracao-compartimentos,nao-revisado,inspecionar mecanismo e fontes; redesenhar quando necessario
158,bio-ecologia-biomagnificacao,Biologia,Biomagnificação,scene:biomagnificacao-trofica,nao-revisado,inspecionar mecanismo e fontes; redesenhar quando necessario
159,summary-biologia-biomas-brasileiros,Biologia,Biomas Brasileiros,scene:tipologia,nao-revisado,inspecionar mecanismo e fontes; redesenhar quando necessario
160,summary-biologia-biotecnologia,Biologia,Biotecnologia,instrument:biotecnologia,nao-revisado,inspecionar mecanismo e fontes; redesenhar quando necessario
161,bio-ecologia-ciclo-carbono,Biologia,Ciclos biogeoquímicos: ciclo do carbono,board:ciclo-carbono,nao-revisado,inspecionar mecanismo e fontes; redesenhar quando necessario
162,summary-biologia-ciclos-de-vida,Biologia,Ciclos de Vida,scene:ciclos-meiose,nao-revisado,inspecionar mecanismo e fontes; redesenhar quando necessario
163,summary-biologia-citoplasma-estrutura-e-componentes-i,Biologia,Citoplasma: Estrutura e Componentes I,instrument:citoplasma-i,nao-revisado,inspecionar mecanismo e fontes; redesenhar quando necessario
164,summary-biologia-citoplasma-estrutura-e-componentes-ii,Biologia,Citoplasma: Estrutura e Componentes II,instrument:citoplasma-ii,nao-revisado,inspecionar mecanismo e fontes; redesenhar quando necessario
165,summary-biologia-classificacao-biologica-nomenclatura-cientifica-e-nocoes-de-sistematica-filogenetica,Biologia,"Classificação Biológica, Nomenclatura Científica e Noções de Sistemática Filogenética",scene:escala-de-graus,nao-revisado,inspecionar mecanismo e fontes; redesenhar quando necessario
166,summary-biologia-composicao-quimica-celular-carboidratos-e-lipidios,Biologia,Composição Química Celular: Carboidratos e Lipídios,scene:tipologia,nao-revisado,inspecionar mecanismo e fontes; redesenhar quando necessario
167,summary-biologia-composicao-quimica-celular-compostos-inorganicos,Biologia,Composição Química Celular: Compostos Inorgânicos,instrument:compostos-inorganicos,nao-revisado,inspecionar mecanismo e fontes; redesenhar quando necessario
168,summary-biologia-composicao-quimica-celular-proteinas-e-sua-funcao-estrutural,Biologia,Composição Química Celular: Proteínas e sua Função Estrutural,scene:cadeia-de-derivacao,nao-revisado,inspecionar mecanismo e fontes; redesenhar quando necessario
169,summary-biologia-coordenacao-endocrina-i,Biologia,Coordenação Endócrina I,instrument:coordenacao-endocrina-i,nao-revisado,inspecionar mecanismo e fontes; redesenhar quando necessario
170,summary-biologia-coordenacao-endocrina-ii,Biologia,Coordenação Endócrina II,scene:cadeia-de-derivacao,nao-revisado,inspecionar mecanismo e fontes; redesenhar quando necessario
171,summary-biologia-coordenacao-nervosa-ii,Biologia,Coordenação Nervosa II,scene:cadeia-de-derivacao,nao-revisado,inspecionar mecanismo e fontes; redesenhar quando necessario
172,summary-biologia-cordados-tetrapodes,Biologia,Cordados Tetrápodes,scene:escala-de-graus,nao-revisado,inspecionar mecanismo e fontes; redesenhar quando necessario
173,summary-biologia-divisao-celular,Biologia,Divisão Celular,board:divisao-celular,nao-revisado,inspecionar mecanismo e fontes; redesenhar quando necessario
174,summary-biologia-embriologia-animal,Biologia,Embriologia Animal,scene:cadeia-de-derivacao,nao-revisado,inspecionar mecanismo e fontes; redesenhar quando necessario
175,summary-biologia-equinodermos,Biologia,Equinodermos,scene:tipologia,nao-revisado,inspecionar mecanismo e fontes; redesenhar quando necessario
176,summary-biologia-evolucao-biologica-construcao-historica,Biologia,Evolução Biológica: Construção Histórica,scene:contraste-de-posicoes,nao-revisado,inspecionar mecanismo e fontes; redesenhar quando necessario
177,summary-biologia-fisiologia-vegetal-hormonios-vegetais,Biologia,Fisiologia Vegetal: Hormônios Vegetais,instrument:hormonios-vegetais,nao-revisado,inspecionar mecanismo e fontes; redesenhar quando necessario
178,summary-biologia-fisiologia-vegetal-transporte-no-floema,Biologia,Fisiologia Vegetal: Transporte no Floema,scene:cadeia-de-derivacao,nao-revisado,inspecionar mecanismo e fontes; redesenhar quando necessario
179,summary-biologia-fisiologia-da-coordenacao-nervosa-i,Biologia,Fisiologia da Coordenação Nervosa I,scene:cadeia-de-derivacao,nao-revisado,inspecionar mecanismo e fontes; redesenhar quando necessario
180,summary-biologia-fisiologia-da-digestao,Biologia,Fisiologia da Digestão,scene:cadeia-de-derivacao,nao-revisado,inspecionar mecanismo e fontes; redesenhar quando necessario
181,summary-biologia-fisiologia-da-excrecao,Biologia,Fisiologia da Excreção,scene:cadeia-de-derivacao,nao-revisado,inspecionar mecanismo e fontes; redesenhar quando necessario
182,summary-biologia-fisiologia-da-respiracao,Biologia,Fisiologia da Respiração,instrument:fisiologia-respiracao,nao-revisado,inspecionar mecanismo e fontes; redesenhar quando necessario
183,summary-biologia-fisiologia-da-sustentacao-e-da-locomocao,Biologia,Fisiologia da Sustentação e da Locomoção,instrument:sustentacao-locomocao,nao-revisado,inspecionar mecanismo e fontes; redesenhar quando necessario
184,summary-biologia-fungos,Biologia,Fungos,board:fungos,nao-revisado,inspecionar mecanismo e fontes; redesenhar quando necessario
185,summary-biologia-heranca-sexual,Biologia,Herança Sexual,scene:tipologia,nao-revisado,inspecionar mecanismo e fontes; redesenhar quando necessario
186,summary-biologia-histologia-e-morfologia-vegetal,Biologia,Histologia e Morfologia Vegetal,instrument:histologia-vegetal,nao-revisado,inspecionar mecanismo e fontes; redesenhar quando necessario
187,summary-biologia-introducao-aos-cordados-e-os-peixes,Biologia,Introdução aos Cordados e os Peixes,instrument:cordados-peixes,nao-revisado,inspecionar mecanismo e fontes; redesenhar quando necessario
188,bio-ecologia-introducao,Biologia,Introdução à Ecologia,experiment:ecology,nao-revisado,inspecionar mecanismo e fontes; redesenhar quando necessario
189,summary-biologia-introducao-a-genetica,Biologia,Introdução à Genética,instrument:introducao-genetica,nao-revisado,inspecionar mecanismo e fontes; redesenhar quando necessario
190,summary-biologia-ligacao-genica,Biologia,Ligação Gênica,instrument:ligacao-genica,nao-revisado,inspecionar mecanismo e fontes; redesenhar quando necessario
191,summary-biologia-mecanismos-da-evolucao-biologica,Biologia,Mecanismos da Evolução Biológica,scene:tipologia,nao-revisado,inspecionar mecanismo e fontes; redesenhar quando necessario
192,summary-biologia-membranas-celulares,Biologia,Membranas Celulares,board:membrana,nao-revisado,inspecionar mecanismo e fontes; redesenhar quando necessario
193,summary-biologia-moluscos,Biologia,Moluscos,scene:tipologia,nao-revisado,inspecionar mecanismo e fontes; redesenhar quando necessario
194,summary-biologia-morfofisiologia-vegetal-caules-e-folhas,Biologia,Morfofisiologia Vegetal: Caules e Folhas,instrument:caules-folhas,nao-revisado,inspecionar mecanismo e fontes; redesenhar quando necessario
195,summary-biologia-mutacoes-cromossomicas-e-gametogenese,Biologia,Mutações Cromossômicas e Gametogênese,instrument:mutacoes-cromossomicas,nao-revisado,inspecionar mecanismo e fontes; redesenhar quando necessario
196,summary-biologia-mutacoes-genicas,Biologia,Mutações Gênicas,scene:tipologia,nao-revisado,inspecionar mecanismo e fontes; redesenhar quando necessario
197,summary-biologia-nucleo-celular,Biologia,Núcleo Celular,instrument:nucleo-celular,nao-revisado,inspecionar mecanismo e fontes; redesenhar quando necessario
198,summary-biologia-origem-da-vida-e-as-primeiras-celulas,Biologia,Origem da Vida e as Primeiras Células,scene:cadeia-de-derivacao,nao-revisado,inspecionar mecanismo e fontes; redesenhar quando necessario
199,summary-biologia-plantas-terrestres-i-briofitas-e-pteridofitas,Biologia,Plantas Terrestres I: Briófitas e Pteridófitas,scene:escala-de-graus,nao-revisado,inspecionar mecanismo e fontes; redesenhar quando necessario
200,summary-biologia-plantas-terrestres-ii-gimnospermas-e-angiospermas,Biologia,Plantas Terrestres II: Gimnospermas e Angiospermas,instrument:gimnospermas-angiospermas,nao-revisado,inspecionar mecanismo e fontes; redesenhar quando necessario
201,bio-ecologia-poluicao-ar,Biologia,Poluição do ar,instrument:poluicao-ar,nao-revisado,inspecionar mecanismo e fontes; redesenhar quando necessario
202,summary-biologia-poriferos-e-cnidarios,Biologia,Poríferos e Cnidários,instrument:poriferos-cnidarios,nao-revisado,inspecionar mecanismo e fontes; redesenhar quando necessario
203,summary-biologia-procariotos,Biologia,Procariotos,instrument:procariotos,nao-revisado,inspecionar mecanismo e fontes; redesenhar quando necessario
204,summary-biologia-proteinas-enzimas,Biologia,Proteínas: Enzimas,board:enzimas,nao-revisado,inspecionar mecanismo e fontes; redesenhar quando necessario
205,summary-biologia-protozoarios-e-protozooses,Biologia,Protozoários e Protozooses,scene:tipologia,nao-revisado,inspecionar mecanismo e fontes; redesenhar quando necessario
206,summary-biologia-reproducao-humana-e-metodos-contraceptivos,Biologia,Reprodução Humana e Métodos Contraceptivos,instrument:reproducao-humana,nao-revisado,inspecionar mecanismo e fontes; redesenhar quando necessario
207,summary-biologia-sangue-e-imunologia,Biologia,Sangue e Imunologia,board:abo,nao-revisado,inspecionar mecanismo e fontes; redesenhar quando necessario
208,summary-biologia-segunda-lei-de-mendel,Biologia,Segunda Lei de Mendel,board:mendel,nao-revisado,inspecionar mecanismo e fontes; redesenhar quando necessario
209,summary-biologia-segunda-lei-de-mendel-e-interacao-genica,Biologia,Segunda Lei de Mendel e Interação Gênica,board:mendel,nao-revisado,inspecionar mecanismo e fontes; redesenhar quando necessario
210,summary-biologia-sistemas-sensoriais-visao-e-audicao,Biologia,Sistemas Sensoriais: Visão e Audição,instrument:sistemas-sensoriais,nao-revisado,inspecionar mecanismo e fontes; redesenhar quando necessario
211,summary-biologia-traqueofitas-transpiracao-e-reposicao-rapida-de-agua,Biologia,Traqueófitas: Transpiração e Reposição Rápida de Água,scene:cadeia-de-derivacao,nao-revisado,inspecionar mecanismo e fontes; redesenhar quando necessario
212,summary-biologia-virus,Biologia,Vírus,scene:cadeia-de-derivacao,nao-revisado,inspecionar mecanismo e fontes; redesenhar quando necessario
213,summary-biologia-acidos-nucleicos,Biologia,Ácidos Nucleicos,instrument:acidos-nucleicos,nao-revisado,inspecionar mecanismo e fontes; redesenhar quando necessario
214,summary-matematica-a-geometria-metrica-plana,Matemática,A Geometria Métrica Plana,instrument:geometria-metrica-plana,nao-revisado,inspecionar mecanismo e fontes; redesenhar quando necessario
215,summary-matematica-a-geometria-da-proporcionalidade,Matemática,A Geometria da Proporcionalidade,instrument:geometria-proporcionalidade,nao-revisado,inspecionar mecanismo e fontes; redesenhar quando necessario
216,summary-matematica-a-geometria-dos-numeros-complexos,Matemática,A Geometria dos Números Complexos,instrument:complexos,nao-revisado,inspecionar mecanismo e fontes; redesenhar quando necessario
217,summary-matematica-a-relacao-fundamental-da-trigonometria,Matemática,A Relação Fundamental da Trigonometria,board:trigonometria,nao-revisado,inspecionar mecanismo e fontes; redesenhar quando necessario
218,summary-matematica-a-trigonometria-dos-numeros-reais,Matemática,A Trigonometria dos Números Reais,board:trigonometria,nao-revisado,inspecionar mecanismo e fontes; redesenhar quando necessario
219,summary-matematica-composicao-de-funcoes,Matemática,Composição de Funções,instrument:composicao-funcoes,nao-revisado,inspecionar mecanismo e fontes; redesenhar quando necessario
220,mat-probabilidade-contagem,Matemática,Contagem sistemática e probabilidade,board:contagem,nao-revisado,inspecionar mecanismo e fontes; redesenhar quando necessario
221,summary-matematica-cubos-e-paralelepipedos,Matemática,Cubos e Paralelepípedos,instrument:cubos-paralelepipedos,nao-revisado,inspecionar mecanismo e fontes; redesenhar quando necessario
222,summary-matematica-desigualdades,Matemática,Desigualdades,instrument:desigualdades,nao-revisado,inspecionar mecanismo e fontes; redesenhar quando necessario
223,summary-matematica-determinantes,Matemática,Determinantes,instrument:determinantes,nao-revisado,inspecionar mecanismo e fontes; redesenhar quando necessario
224,summary-matematica-discussao-de-sistemas-lineares,Matemática,Discussão de Sistemas Lineares,instrument:discussao-sistemas,nao-revisado,inspecionar mecanismo e fontes; redesenhar quando necessario
225,summary-matematica-distancia-entre-um-ponto-e-uma-reta,Matemática,Distância entre um Ponto e uma Reta,instrument:distancia-ponto-reta,nao-revisado,inspecionar mecanismo e fontes; redesenhar quando necessario
226,summary-matematica-equacoes-polinomiais,Matemática,Equações Polinomiais,instrument:equacoes-polinomiais,nao-revisado,inspecionar mecanismo e fontes; redesenhar quando necessario
227,summary-matematica-equacoes-do-2-grau,Matemática,Equações do 2º Grau,board:segundo-grau,nao-revisado,inspecionar mecanismo e fontes; redesenhar quando necessario
228,summary-matematica-equacoes-e-funcoes-logaritmicas,Matemática,Equações e Funções Logarítmicas,instrument:funcoes-logaritmicas,nao-revisado,inspecionar mecanismo e fontes; redesenhar quando necessario
229,summary-matematica-estatistica-descritiva,Matemática,Estatística Descritiva,instrument:estatistica-descritiva,nao-revisado,inspecionar mecanismo e fontes; redesenhar quando necessario
230,summary-matematica-estudo-analitico-da-reta,Matemática,Estudo Analítico da Reta,instrument:reta-analitica,nao-revisado,inspecionar mecanismo e fontes; redesenhar quando necessario
231,summary-matematica-estudo-do-sinal-de-funcoes,Matemática,Estudo do Sinal de Funções,instrument:estudo-do-sinal,nao-revisado,inspecionar mecanismo e fontes; redesenhar quando necessario
232,summary-matematica-eventos-disjuntos-e-eventos-independentes,Matemática,Eventos Disjuntos e Eventos Independentes,instrument:eventos,nao-revisado,inspecionar mecanismo e fontes; redesenhar quando necessario
233,summary-matematica-funcao-constante-e-funcao-afim,Matemática,Função Constante e Função Afim,instrument:funcao-afim,nao-revisado,inspecionar mecanismo e fontes; redesenhar quando necessario
234,summary-matematica-funcao-quadratica,Matemática,Função Quadrática,instrument:funcao-quadratica,nao-revisado,inspecionar mecanismo e fontes; redesenhar quando necessario
235,summary-matematica-funcoes-bijetoras,Matemática,Funções Bijetoras,instrument:funcoes-bijetoras,nao-revisado,inspecionar mecanismo e fontes; redesenhar quando necessario
236,summary-matematica-funcoes-trigonometricas,Matemática,Funções Trigonométricas,instrument:funcoes-trigonometricas,nao-revisado,inspecionar mecanismo e fontes; redesenhar quando necessario
237,summary-matematica-identificacao-de-simetrias-i,Matemática,Identificação de Simetrias I,instrument:simetrias-i,nao-revisado,inspecionar mecanismo e fontes; redesenhar quando necessario
238,summary-matematica-identificacao-de-simetrias-ii,Matemática,Identificação de Simetrias II,instrument:simetrias-ii,nao-revisado,inspecionar mecanismo e fontes; redesenhar quando necessario
239,summary-matematica-igualdades,Matemática,Igualdades,instrument:igualdades,nao-revisado,inspecionar mecanismo e fontes; redesenhar quando necessario
240,summary-matematica-introducao-ao-estudo-analitico-das-conicas,Matemática,Introdução ao Estudo Analítico das Cônicas,instrument:conicas,nao-revisado,inspecionar mecanismo e fontes; redesenhar quando necessario
241,summary-matematica-introducao-ao-modelo-exponencial,Matemática,Introdução ao Modelo Exponencial,board:exponencial,nao-revisado,inspecionar mecanismo e fontes; redesenhar quando necessario
242,summary-matematica-introducao-aos-logaritmos,Matemática,Introdução aos Logaritmos,board:logaritmos,nao-revisado,inspecionar mecanismo e fontes; redesenhar quando necessario
243,summary-matematica-introducao-a-geometria-analitica,Matemática,Introdução à Geometria Analítica,instrument:geometria-analitica,nao-revisado,inspecionar mecanismo e fontes; redesenhar quando necessario
244,summary-matematica-introducao-a-geometria-plana,Matemática,Introdução à Geometria Plana,instrument:geometria-plana-fundamentos,nao-revisado,inspecionar mecanismo e fontes; redesenhar quando necessario
245,summary-matematica-introducao-a-teoria-dos-numeros-inteiros,Matemática,Introdução à Teoria dos Números Inteiros,instrument:numeros-inteiros,nao-revisado,inspecionar mecanismo e fontes; redesenhar quando necessario
246,summary-matematica-introducao-as-funcoes,Matemática,Introdução às Funções,instrument:funcoes-introducao,nao-revisado,inspecionar mecanismo e fontes; redesenhar quando necessario
247,summary-matematica-introducao-as-sequencias,Matemática,Introdução às Sequências,board:progressoes,nao-revisado,inspecionar mecanismo e fontes; redesenhar quando necessario
248,summary-matematica-introducao-as-tecnicas-de-contagem,Matemática,Introdução às Técnicas de Contagem,board:contagem,nao-revisado,inspecionar mecanismo e fontes; redesenhar quando necessario
249,summary-matematica-inversao-de-funcoes,Matemática,Inversão de Funções,instrument:inversao-funcoes,nao-revisado,inspecionar mecanismo e fontes; redesenhar quando necessario
250,summary-matematica-lugar-geometrico-e-equacao-da-circunferencia,Matemática,Lugar Geométrico e Equação da Circunferência,instrument:circunferencia,nao-revisado,inspecionar mecanismo e fontes; redesenhar quando necessario
251,summary-matematica-modelagem-algebrica-de-problemas-i,Matemática,Modelagem Algébrica de Problemas I,instrument:modelagem-algebrica-i,nao-revisado,inspecionar mecanismo e fontes; redesenhar quando necessario
252,summary-matematica-modelagem-algebrica-de-problemas-ii,Matemática,Modelagem Algébrica de Problemas II,instrument:modelagem-algebrica-ii,nao-revisado,inspecionar mecanismo e fontes; redesenhar quando necessario
253,summary-matematica-modelagem-exponencial-de-problemas,Matemática,Modelagem Exponencial de Problemas,instrument:modelagem-exponencial,nao-revisado,inspecionar mecanismo e fontes; redesenhar quando necessario
254,summary-matematica-multiplicacao-de-matrizes,Matemática,Multiplicação de Matrizes,instrument:multiplicacao-matrizes,nao-revisado,inspecionar mecanismo e fontes; redesenhar quando necessario
255,summary-matematica-medias,Matemática,Médias,instrument:medias,nao-revisado,inspecionar mecanismo e fontes; redesenhar quando necessario
256,summary-matematica-modulo-de-um-numero-real,Matemática,Módulo de um Número Real,instrument:modulo-real,nao-revisado,inspecionar mecanismo e fontes; redesenhar quando necessario
257,summary-matematica-numeros-complexos,Matemática,Números Complexos,instrument:complexos,nao-revisado,inspecionar mecanismo e fontes; redesenhar quando necessario
258,summary-matematica-o-ponto-medio-e-o-baricentro-de-um-triangulo,Matemática,O Ponto Médio e o Baricentro de um Triângulo,instrument:ponto-medio,nao-revisado,inspecionar mecanismo e fontes; redesenhar quando necessario
259,summary-matematica-o-problema-da-fila,Matemática,O Problema da Fila,instrument:problema-fila,nao-revisado,inspecionar mecanismo e fontes; redesenhar quando necessario
260,summary-matematica-o-problema-do-grupo,Matemática,O Problema do Grupo,instrument:problema-grupo,nao-revisado,inspecionar mecanismo e fontes; redesenhar quando necessario
261,summary-matematica-o-sistema-de-numeracao-decimal,Matemática,O Sistema de Numeração Decimal,instrument:sistema-decimal,nao-revisado,inspecionar mecanismo e fontes; redesenhar quando necessario
262,summary-matematica-o-universo-tridimensional,Matemática,O Universo Tridimensional,instrument:universo-tridimensional,nao-revisado,inspecionar mecanismo e fontes; redesenhar quando necessario
263,summary-matematica-operacoes-com-probabilidades,Matemática,Operações com Probabilidades,instrument:operacoes-probabilidades,nao-revisado,inspecionar mecanismo e fontes; redesenhar quando necessario
264,summary-matematica-outras-razoes-trigonometricas,Matemática,Outras Razões Trigonométricas,instrument:outras-razoes-trig,nao-revisado,inspecionar mecanismo e fontes; redesenhar quando necessario
265,summary-matematica-piramides,Matemática,Pirâmides,instrument:piramides,nao-revisado,inspecionar mecanismo e fontes; redesenhar quando necessario
266,summary-matematica-polinomios,Matemática,Polinômios,instrument:polinomios,nao-revisado,inspecionar mecanismo e fontes; redesenhar quando necessario
267,summary-matematica-porcentagem,Matemática,Porcentagem,instrument:porcentagem,nao-revisado,inspecionar mecanismo e fontes; redesenhar quando necessario
268,summary-matematica-posicoes-relativas-entre-duas-retas,Matemática,Posições Relativas entre Duas Retas,instrument:duas-retas,nao-revisado,inspecionar mecanismo e fontes; redesenhar quando necessario
269,summary-matematica-posicoes-relativas-entre-uma-reta-e-uma-circunferencia,Matemática,Posições Relativas entre uma Reta e uma Circunferência,instrument:reta-e-circunferencia,nao-revisado,inspecionar mecanismo e fontes; redesenhar quando necessario
270,summary-matematica-potencias-e-radicais,Matemática,Potências e Radicais,experiment:powers,nao-revisado,inspecionar mecanismo e fontes; redesenhar quando necessario
271,summary-matematica-prismas,Matemática,Prismas,instrument:prismas,nao-revisado,inspecionar mecanismo e fontes; redesenhar quando necessario
272,summary-matematica-progressao-aritmetica,Matemática,Progressão Aritmética,instrument:progressao-aritmetica,nao-revisado,inspecionar mecanismo e fontes; redesenhar quando necessario
273,summary-matematica-progressao-geometrica,Matemática,Progressão Geométrica,instrument:progressao-geometrica,nao-revisado,inspecionar mecanismo e fontes; redesenhar quando necessario
274,summary-matematica-razao-e-proporcao,Matemática,Razão e Proporção,instrument:razao-proporcao,nao-revisado,inspecionar mecanismo e fontes; redesenhar quando necessario
275,summary-matematica-razoes-entre-volumes-de-solidos,Matemática,Razões entre Volumes de Sólidos,instrument:razoes-entre-volumes,nao-revisado,inspecionar mecanismo e fontes; redesenhar quando necessario
276,summary-matematica-razoes-entre-areas-de-figuras-planas,Matemática,Razões entre Áreas de Figuras Planas,instrument:razoes-areas-planas,nao-revisado,inspecionar mecanismo e fontes; redesenhar quando necessario
277,summary-matematica-relacoes-trigonometricas-em-poligonos,Matemática,Relações Trigonométricas em Polígonos,instrument:trig-poligonos,nao-revisado,inspecionar mecanismo e fontes; redesenhar quando necessario
278,summary-matematica-representacao-geometrica-de-inequacoes,Matemática,Representação Geométrica de Inequações,instrument:representacao-geometrica-inequacoes,nao-revisado,inspecionar mecanismo e fontes; redesenhar quando necessario
279,summary-matematica-semelhanca-de-triangulos,Matemática,Semelhança de Triângulos,instrument:semelhanca-triangulos,nao-revisado,inspecionar mecanismo e fontes; redesenhar quando necessario
280,summary-matematica-sequencias,Matemática,Sequências,board:progressoes,nao-revisado,inspecionar mecanismo e fontes; redesenhar quando necessario
281,summary-matematica-simetrias-e-congruencias,Matemática,Simetrias e Congruências,instrument:simetrias-congruencias,nao-revisado,inspecionar mecanismo e fontes; redesenhar quando necessario
282,summary-matematica-sistemas-de-equacoes,Matemática,Sistemas de Equações,instrument:sistemas-equacoes,nao-revisado,inspecionar mecanismo e fontes; redesenhar quando necessario
283,summary-matematica-solidos-de-revolucao,Matemática,Sólidos de Revolução,instrument:solidos-de-revolucao,nao-revisado,inspecionar mecanismo e fontes; redesenhar quando necessario
284,summary-matematica-tabelas-e-matrizes,Matemática,Tabelas e Matrizes,instrument:tabelas-matrizes,nao-revisado,inspecionar mecanismo e fontes; redesenhar quando necessario
285,summary-matematica-transformacoes-trigonometricas,Matemática,Transformações Trigonométricas,instrument:transformacoes-trigonometricas,nao-revisado,inspecionar mecanismo e fontes; redesenhar quando necessario
286,summary-matematica-transformacoes-em-graficos-de-funcoes,Matemática,Transformações em Gráficos de Funções,instrument:transformacoes-graficos,nao-revisado,inspecionar mecanismo e fontes; redesenhar quando necessario
287,summary-matematica-trigonometria-no-triangulo-retangulo,Matemática,Trigonometria no Triângulo Retângulo,board:trigonometria,nao-revisado,inspecionar mecanismo e fontes; redesenhar quando necessario
288,summary-matematica-triangulo-retangulo,Matemática,Triângulo Retângulo,instrument:triangulo-retangulo-metrico,nao-revisado,inspecionar mecanismo e fontes; redesenhar quando necessario
289,summary-matematica-tecnicas-algebricas,Matemática,Técnicas Algébricas,instrument:tecnicas-algebricas,nao-revisado,inspecionar mecanismo e fontes; redesenhar quando necessario
290,summary-matematica-tecnicas-de-contagem,Matemática,Técnicas de Contagem,board:contagem,nao-revisado,inspecionar mecanismo e fontes; redesenhar quando necessario
291,summary-matematica-area-do-circulo-e-de-suas-partes,Matemática,Área do Círculo e de suas Partes,instrument:area-circulo-partes,nao-revisado,inspecionar mecanismo e fontes; redesenhar quando necessario
292,summary-matematica-areas-de-figuras-planas,Matemática,Áreas de Figuras Planas,instrument:areas-figuras-planas,nao-revisado,inspecionar mecanismo e fontes; redesenhar quando necessario
293,summary-matematica-areas-de-poligonos,Matemática,Áreas de Polígonos,instrument:areas-poligonos,nao-revisado,inspecionar mecanismo e fontes; redesenhar quando necessario
294,summary-matematica-angulos-e-circunferencias,Matemática,Ângulos e Circunferências,instrument:angulos-circunferencia,nao-revisado,inspecionar mecanismo e fontes; redesenhar quando necessario
295,summary-matematica-angulos-em-poligonos,Matemática,Ângulos em Polígonos,instrument:angulos-poligono,nao-revisado,inspecionar mecanismo e fontes; redesenhar quando necessario
296,summary-matematica-angulos-em-triangulos,Matemática,Ângulos em Triângulos,instrument:angulos-triangulo,nao-revisado,inspecionar mecanismo e fontes; redesenhar quando necessario
297,summary-geografia-as-redes-de-transportes,Geografia,As Redes de Transportes,scene:tipologia,nao-revisado,inspecionar mecanismo e fontes; redesenhar quando necessario
298,summary-geografia-biogeografia-mundial,Geografia,Biogeografia Mundial,scene:tipologia,nao-revisado,inspecionar mecanismo e fontes; redesenhar quando necessario
299,summary-geografia-biogeografia-do-brasil-i,Geografia,Biogeografia do Brasil I,instrument:biogeografia-brasil-i,nao-revisado,inspecionar mecanismo e fontes; redesenhar quando necessario
300,summary-geografia-biogeografia-do-brasil-ii,Geografia,Biogeografia do Brasil II,instrument:biogeografia-brasil-ii,nao-revisado,inspecionar mecanismo e fontes; redesenhar quando necessario
301,summary-geografia-blocos-economicos,Geografia,Blocos Econômicos,scene:escala-de-graus,nao-revisado,inspecionar mecanismo e fontes; redesenhar quando necessario
302,summary-geografia-cartografia-digital,Geografia,Cartografia Digital,instrument:digital-map,nao-revisado,inspecionar mecanismo e fontes; redesenhar quando necessario
303,summary-geografia-clima-mundial,Geografia,Clima Mundial,scene:criterios-conjuntivos,nao-revisado,inspecionar mecanismo e fontes; redesenhar quando necessario
304,summary-geografia-climatologia-do-brasil,Geografia,Climatologia do Brasil,scene:tipologia,nao-revisado,inspecionar mecanismo e fontes; redesenhar quando necessario
305,summary-geografia-conflitos-no-mundo-arabe,Geografia,Conflitos no Mundo Árabe,instrument:conflitos-mundo-arabe,nao-revisado,inspecionar mecanismo e fontes; redesenhar quando necessario
306,summary-geografia-coordenadas-geograficas,Geografia,Coordenadas Geográficas,experiment:coordinates,nao-revisado,inspecionar mecanismo e fontes; redesenhar quando necessario
307,summary-geografia-desafios-ambientais-do-seculo-xxi,Geografia,Desafios Ambientais do Século XXI,instrument:commons,nao-revisado,inspecionar mecanismo e fontes; redesenhar quando necessario
308,summary-geografia-desigualdades-globais,Geografia,Desigualdades Globais,scene:cadeia-de-derivacao,nao-revisado,inspecionar mecanismo e fontes; redesenhar quando necessario
309,summary-geografia-dinamica-demografica,Geografia,Dinâmica Demográfica,scene:escala-de-graus,nao-revisado,inspecionar mecanismo e fontes; redesenhar quando necessario
310,summary-geografia-do-mundo-bipolar-ao-multipolar,Geografia,Do Mundo Bipolar ao Multipolar,scene:cadeia-de-derivacao,nao-revisado,inspecionar mecanismo e fontes; redesenhar quando necessario
311,summary-geografia-dominios-morfoclimaticos,Geografia,Domínios Morfoclimáticos,scene:tipologia,nao-revisado,inspecionar mecanismo e fontes; redesenhar quando necessario
312,summary-geografia-energia-eletrica-no-mundo,Geografia,Energia Elétrica no Mundo,instrument:energia-eletrica-mundo,nao-revisado,inspecionar mecanismo e fontes; redesenhar quando necessario
313,summary-geografia-gedeconomia-mundial,Geografia,Gedeconomia Mundial,instrument:geoeconomics,nao-revisado,inspecionar mecanismo e fontes; redesenhar quando necessario
314,summary-geografia-geografia-das-redes-mundiais,Geografia,Geografia das Redes Mundiais,instrument:redes-mundiais,nao-revisado,inspecionar mecanismo e fontes; redesenhar quando necessario
315,summary-geografia-geografia-das-religioes,Geografia,Geografia das Religiões,instrument:geografia-religioes,nao-revisado,inspecionar mecanismo e fontes; redesenhar quando necessario
316,summary-geografia-geografia-do-oriente-medio,Geografia,Geografia do Oriente Médio,instrument:geografia-oriente-medio,nao-revisado,inspecionar mecanismo e fontes; redesenhar quando necessario
317,summary-geografia-geografia-do-turismo,Geografia,Geografia do Turismo,scene:tipologia,nao-revisado,inspecionar mecanismo e fontes; redesenhar quando necessario
318,summary-geografia-geologia-e-geomorfologia,Geografia,Geologia e Geomorfologia,scene:tipologia,nao-revisado,inspecionar mecanismo e fontes; redesenhar quando necessario
319,summary-geografia-geomorfologia-mundial,Geografia,Geomorfologia Mundial,scene:tipologia,nao-revisado,inspecionar mecanismo e fontes; redesenhar quando necessario
320,summary-geografia-geopolitica-ambiental,Geografia,Geopolítica Ambiental,instrument:governanca-ambiental,nao-revisado,inspecionar mecanismo e fontes; redesenhar quando necessario
321,summary-geografia-geopolitica-dos-recursos-hidricos,Geografia,Geopolítica dos Recursos Hídricos,scene:cadeia-de-derivacao,nao-revisado,inspecionar mecanismo e fontes; redesenhar quando necessario
322,summary-geografia-geopolitica-e-geoeconomia-da-america-latina,Geografia,Geopolítica e Geoeconomia da América Latina,instrument:geopolitica-america-latina,nao-revisado,inspecionar mecanismo e fontes; redesenhar quando necessario
323,summary-geografia-geopolitica-e-geoeconomia-da-asia,Geografia,Geopolítica e Geoeconomia da Ásia,instrument:geopolitica-asia,nao-revisado,inspecionar mecanismo e fontes; redesenhar quando necessario
324,summary-geografia-globalizacao-e-processos-economicos-atuais,Geografia,Globalização e Processos Econômicos Atuais,instrument:supply-chain,nao-revisado,inspecionar mecanismo e fontes; redesenhar quando necessario
325,summary-geografia-hidrogeografia-mundial,Geografia,Hidrogeografia Mundial,instrument:world-basin,nao-revisado,inspecionar mecanismo e fontes; redesenhar quando necessario
326,summary-geografia-hidrogeografia-do-brasil,Geografia,Hidrogeografia do Brasil,instrument:brazilian-basins,nao-revisado,inspecionar mecanismo e fontes; redesenhar quando necessario
327,summary-geografia-industria-i,Geografia,Indústria I,scene:tipologia,nao-revisado,inspecionar mecanismo e fontes; redesenhar quando necessario
328,summary-geografia-industria-ii,Geografia,Indústria II,instrument:technopole,nao-revisado,inspecionar mecanismo e fontes; redesenhar quando necessario
329,summary-geografia-linguagem-cartografica,Geografia,Linguagem Cartográfica,instrument:linguagem-cartografica,nao-revisado,inspecionar mecanismo e fontes; redesenhar quando necessario
330,summary-geografia-matriz-energetica,Geografia,Matriz Energética,instrument:matriz-energetica,nao-revisado,inspecionar mecanismo e fontes; redesenhar quando necessario
331,summary-geografia-mobilidade-populacional,Geografia,Mobilidade Populacional,scene:criterios-conjuntivos,nao-revisado,inspecionar mecanismo e fontes; redesenhar quando necessario
332,summary-geografia-movimentos-da-terra,Geografia,Movimentos da Terra,scene:cadeia-de-derivacao,nao-revisado,inspecionar mecanismo e fontes; redesenhar quando necessario
333,summary-geografia-o-espaco-agrario-brasileiro,Geografia,O Espaço Agrário Brasileiro,instrument:agrarian,nao-revisado,inspecionar mecanismo e fontes; redesenhar quando necessario
334,summary-geografia-o-espaco-industrial-brasileiro-i,Geografia,O Espaço Industrial Brasileiro I,scene:camadas-de-determinacao,nao-revisado,inspecionar mecanismo e fontes; redesenhar quando necessario
335,summary-geografia-o-espaco-industrial-brasileiro-ii,Geografia,O Espaço Industrial Brasileiro II,instrument:espaco-industrial-brasileiro-ii,nao-revisado,inspecionar mecanismo e fontes; redesenhar quando necessario
336,summary-geografia-o-espaco-urbano-i,Geografia,O Espaço Urbano I,scene:escala-de-graus,nao-revisado,inspecionar mecanismo e fontes; redesenhar quando necessario
337,summary-geografia-o-espaco-urbano-ii,Geografia,O Espaço Urbano II,scene:camadas-de-determinacao,nao-revisado,inspecionar mecanismo e fontes; redesenhar quando necessario
338,summary-geografia-paisagem-espaco-geografico-e-ciencia-geografica,Geografia,"Paisagem, Espaço Geográfico e Ciência Geográfica",scene:contraste-de-posicoes,nao-revisado,inspecionar mecanismo e fontes; redesenhar quando necessario
339,summary-geografia-pedologia,Geografia,Pedologia,scene:tipologia,nao-revisado,inspecionar mecanismo e fontes; redesenhar quando necessario
340,summary-geografia-politicas-ambientais-brasileiras,Geografia,Políticas Ambientais Brasileiras,instrument:politicas-ambientais-brasileiras,nao-revisado,inspecionar mecanismo e fontes; redesenhar quando necessario
341,summary-geografia-producao-agricola-mundial,Geografia,Produção Agrícola Mundial,scene:tipologia,nao-revisado,inspecionar mecanismo e fontes; redesenhar quando necessario
342,summary-geografia-producao-mineral,Geografia,Produção Mineral,instrument:mining,nao-revisado,inspecionar mecanismo e fontes; redesenhar quando necessario
343,summary-geografia-questao-palestina,Geografia,Questão Palestina,instrument:questao-palestina,nao-revisado,inspecionar mecanismo e fontes; redesenhar quando necessario
344,summary-geografia-relevo-brasileiro,Geografia,Relevo Brasileiro,scene:tipologia,nao-revisado,inspecionar mecanismo e fontes; redesenhar quando necessario
345,summary-geografia-representacoes-graficas-e-cartograficas,Geografia,Representações Gráficas e Cartográficas,instrument:map-elements,nao-revisado,inspecionar mecanismo e fontes; redesenhar quando necessario
346,summary-geografia-sistema-de-fusos-horarios,Geografia,Sistema de Fusos Horários,instrument:fusos-horarios,nao-revisado,inspecionar mecanismo e fontes; redesenhar quando necessario
347,summary-geografia-tensoes-geopoliticas-na-europa,Geografia,Tensões Geopolíticas na Europa,instrument:conflito-europa,nao-revisado,inspecionar mecanismo e fontes; redesenhar quando necessario
348,summary-geografia-terrorismo-internacional,Geografia,Terrorismo Internacional,instrument:terrorismo-internacional,nao-revisado,inspecionar mecanismo e fontes; redesenhar quando necessario
349,geo-bonus-demografico,Geografia,Transição e bônus demográfico,scene:escala-de-graus,nao-revisado,inspecionar mecanismo e fontes; redesenhar quando necessario
350,summary-geografia-unilateralismo-e-multilateralismo,Geografia,Unilateralismo e Multilateralismo,instrument:unilateralismo-multilateralismo,nao-revisado,inspecionar mecanismo e fontes; redesenhar quando necessario
351,summary-geografia-uniao-europeia,Geografia,União Europeia,instrument:uniao-europeia,nao-revisado,inspecionar mecanismo e fontes; redesenhar quando necessario
352,summary-geografia-africa-no-mundo-atual,Geografia,África no Mundo Atual,instrument:africa-mundo-atual,nao-revisado,inspecionar mecanismo e fontes; redesenhar quando necessario
353,summary-geografia-agua-na-superficie-terrestre,Geografia,Água na Superfície Terrestre,instrument:agua-superficie,nao-revisado,inspecionar mecanismo e fontes; redesenhar quando necessario
354,summary-historia-a-crise-do-antigo-sistema-colonial,História,A Crise do Antigo Sistema Colonial,scene:tipologia,nao-revisado,inspecionar mecanismo e fontes; redesenhar quando necessario
355,summary-historia-a-era-vargas,História,A Era Vargas,scene:cadeia-de-derivacao,nao-revisado,inspecionar mecanismo e fontes; redesenhar quando necessario
356,summary-historia-a-era-vargas-o-estado-novo,História,A Era Vargas: o Estado Novo,scene:cadeia-de-derivacao,nao-revisado,inspecionar mecanismo e fontes; redesenhar quando necessario
357,summary-historia-a-era-vargas-o-governo-constitucional-1934-1937,História,A Era Vargas: o Governo Constitucional (1934-1937),scene:cadeia-de-derivacao,nao-revisado,inspecionar mecanismo e fontes; redesenhar quando necessario
358,summary-historia-a-historia-e-o-brasil,História,A História e o Brasil,scene:contraste-de-posicoes,nao-revisado,inspecionar mecanismo e fontes; redesenhar quando necessario
359,summary-historia-a-independencia-do-brasil,História,A Independência do Brasil,board:independencia-brasil,nao-revisado,inspecionar mecanismo e fontes; redesenhar quando necessario
360,summary-historia-a-interiorizacao-da-colonizacao,História,A Interiorização da Colonização,instrument:interiorizacao-colonial,nao-revisado,inspecionar mecanismo e fontes; redesenhar quando necessario
361,summary-historia-a-mineracao-no-brasil-colonial,História,A Mineração no Brasil Colonial,instrument:mineracao-colonial,nao-revisado,inspecionar mecanismo e fontes; redesenhar quando necessario
362,summary-historia-a-montagem-da-colonizacao,História,A Montagem da Colonização,scene:criterios-conjuntivos,nao-revisado,inspecionar mecanismo e fontes; redesenhar quando necessario
363,summary-historia-a-primeira-globalizacao,História,A Primeira Globalização,scene:camadas-de-determinacao,nao-revisado,inspecionar mecanismo e fontes; redesenhar quando necessario
364,summary-historia-a-primeira-republica-o-declinio-oligarquico-1889-1930,História,A Primeira República: o Declínio Oligárquico (1889-1930),scene:camadas-de-determinacao,nao-revisado,inspecionar mecanismo e fontes; redesenhar quando necessario
365,summary-historia-a-republica-da-espada,História,A República da Espada,instrument:republica-da-espada,nao-revisado,inspecionar mecanismo e fontes; redesenhar quando necessario
366,summary-historia-absolutismo,História,Absolutismo,scene:tipologia,nao-revisado,inspecionar mecanismo e fontes; redesenhar quando necessario
367,summary-historia-alta-idade-media-e-feudalismo,História,Alta Idade Média e Feudalismo,scene:tipologia,nao-revisado,inspecionar mecanismo e fontes; redesenhar quando necessario
368,summary-historia-america-espanhola,História,América Espanhola,scene:escala-de-graus,nao-revisado,inspecionar mecanismo e fontes; redesenhar quando necessario
369,summary-historia-america-latina-no-seculo-xx,História,América Latina no Século XX,instrument:america-latina-seculo-xx,nao-revisado,inspecionar mecanismo e fontes; redesenhar quando necessario
370,summary-historia-america-no-seculo-xix,História,América no Século XIX,instrument:america-xix,nao-revisado,inspecionar mecanismo e fontes; redesenhar quando necessario
371,summary-historia-antiguidade-classica-o-mundo-grego,História,Antiguidade Clássica: o Mundo Grego,scene:tipologia,nao-revisado,inspecionar mecanismo e fontes; redesenhar quando necessario
372,summary-historia-antiguidade-classica-o-mundo-romano,História,Antiguidade Clássica: o Mundo Romano,scene:cadeia-de-derivacao,nao-revisado,inspecionar mecanismo e fontes; redesenhar quando necessario
373,summary-historia-ascensao-e-dominio-das-oligarquias,História,Ascensão e Domínio das Oligarquias,scene:camadas-de-determinacao,nao-revisado,inspecionar mecanismo e fontes; redesenhar quando necessario
374,summary-historia-baixa-idade-media,História,Baixa Idade Média,scene:cadeia-de-derivacao,nao-revisado,inspecionar mecanismo e fontes; redesenhar quando necessario
375,summary-historia-brasil-imperio-formacao-do-estado-nacional-brasileiro,História,Brasil Império: Formação do Estado Nacional Brasileiro,scene:cadeia-de-derivacao,nao-revisado,inspecionar mecanismo e fontes; redesenhar quando necessario
376,summary-historia-brasil-imperio-segundo-reinado-1840-1889,História,Brasil Império: Segundo Reinado (1840-1889),instrument:segundo-reinado,nao-revisado,inspecionar mecanismo e fontes; redesenhar quando necessario
377,summary-historia-brasil-imperio-o-declinio-do-segundo-reinado,História,Brasil Império: o Declínio do Segundo Reinado,scene:criterios-conjuntivos,nao-revisado,inspecionar mecanismo e fontes; redesenhar quando necessario
378,summary-historia-brasil-imperio-o-periodo-regencial-1831-1840,História,Brasil Império: o Período Regencial (1831-1840),scene:tipologia,nao-revisado,inspecionar mecanismo e fontes; redesenhar quando necessario
379,summary-historia-descolonizacao-afro-asiatica,História,Descolonização Afro-Asiática,scene:tipologia,nao-revisado,inspecionar mecanismo e fontes; redesenhar quando necessario
380,summary-historia-dinamica-interna-da-colonizacao,História,Dinâmica Interna da Colonização,instrument:dinamica-interna-colonizacao,nao-revisado,inspecionar mecanismo e fontes; redesenhar quando necessario
381,summary-historia-disputas-europeias-no-brasil-colonial,História,Disputas Europeias no Brasil Colonial,instrument:disputas-europeias-brasil-colonial,nao-revisado,inspecionar mecanismo e fontes; redesenhar quando necessario
382,summary-historia-europa-no-seculo-xix,História,Europa no Século XIX,scene:contraste-de-posicoes,nao-revisado,inspecionar mecanismo e fontes; redesenhar quando necessario
383,summary-historia-grandes-navegacoes-e-conquista-colonial,História,Grandes Navegações e Conquista Colonial,scene:cadeia-de-derivacao,nao-revisado,inspecionar mecanismo e fontes; redesenhar quando necessario
384,summary-historia-grandes-revolucoes-do-seculo-xx,História,Grandes Revoluções do Século XX,instrument:grandes-revolucoes-seculo-xx,nao-revisado,inspecionar mecanismo e fontes; redesenhar quando necessario
385,summary-historia-guerra-fria,História,Guerra Fria,instrument:guerra-fria,nao-revisado,inspecionar mecanismo e fontes; redesenhar quando necessario
386,summary-historia-iluminismo,História,Iluminismo,scene:tipologia,nao-revisado,inspecionar mecanismo e fontes; redesenhar quando necessario
387,summary-historia-imperialismo-e-belle-epoque,História,Imperialismo e Belle Époque,scene:tipologia,nao-revisado,inspecionar mecanismo e fontes; redesenhar quando necessario
388,summary-historia-introducao-a-historia-e-primeiras-civilizacoes,História,Introdução à História e Primeiras Civilizações,experiment:sources,nao-revisado,inspecionar mecanismo e fontes; redesenhar quando necessario
389,summary-historia-o-brasil-atual,História,O Brasil Atual,scene:criterios-conjuntivos,nao-revisado,inspecionar mecanismo e fontes; redesenhar quando necessario
390,summary-historia-o-fim-da-guerra-fria,História,O Fim da Guerra Fria,scene:cadeia-de-derivacao,nao-revisado,inspecionar mecanismo e fontes; redesenhar quando necessario
391,summary-historia-o-nazismo-na-alemanha,História,O Nazismo na Alemanha,scene:criterios-conjuntivos,nao-revisado,inspecionar mecanismo e fontes; redesenhar quando necessario
392,summary-historia-o-periodo-entreguerras-1918-1939,História,O Período Entreguerras (1918-1939),scene:cadeia-de-derivacao,nao-revisado,inspecionar mecanismo e fontes; redesenhar quando necessario
393,summary-historia-primeira-guerra-mundial-1914-1918,História,Primeira Guerra Mundial (1914-1918),scene:criterios-conjuntivos,nao-revisado,inspecionar mecanismo e fontes; redesenhar quando necessario
394,summary-historia-reforma-religiosa,História,Reforma Religiosa,scene:movimento-dialetico,nao-revisado,inspecionar mecanismo e fontes; redesenhar quando necessario
395,summary-historia-regime-militar-1964-1985-i,História,Regime Militar (1964-1985) I,instrument:regime-militar-i,nao-revisado,inspecionar mecanismo e fontes; redesenhar quando necessario
396,summary-historia-regime-militar-1964-1985-ii,História,Regime Militar (1964-1985) II,instrument:regime-militar-ii,nao-revisado,inspecionar mecanismo e fontes; redesenhar quando necessario
397,summary-historia-republica-liberal-1945-1964-democracia-em-tempos-de-guerra-fria,História,República Liberal (1945-1964): Democracia em Tempos de Guerra Fria,instrument:republica-liberal-democracia,nao-revisado,inspecionar mecanismo e fontes; redesenhar quando necessario
398,summary-historia-republica-liberal-1945-1964-desenvolvimentismo-e-populismo,História,República Liberal (1945-1964): Desenvolvimentismo e Populismo,instrument:republica-liberal-desenvolvimentismo,nao-revisado,inspecionar mecanismo e fontes; redesenhar quando necessario
399,summary-historia-segunda-guerra-mundial-1939-1945,História,Segunda Guerra Mundial (1939-1945),instrument:segunda-guerra,nao-revisado,inspecionar mecanismo e fontes; redesenhar quando necessario
400,summary-historia-vida-urbana-e-renascimento-cultural,História,Vida Urbana e Renascimento Cultural,scene:camadas-de-determinacao,nao-revisado,inspecionar mecanismo e fontes; redesenhar quando necessario
401,summary-filosofia-a-alegoria-da-linha-dividida-e-o-conhecimento,Filosofia,A Alegoria da Linha Dividida e o Conhecimento,scene:escala-de-graus,nao-revisado,inspecionar mecanismo e fontes; redesenhar quando necessario
402,summary-filosofia-a-critica-da-razao-pura,Filosofia,A Crítica da Razão Pura,scene:contraste-de-posicoes,nao-revisado,inspecionar mecanismo e fontes; redesenhar quando necessario
403,summary-filosofia-a-critica-de-hume-a-causalidade,Filosofia,A Crítica de Hume à Causalidade,scene:cadeia-de-derivacao,nao-revisado,inspecionar mecanismo e fontes; redesenhar quando necessario
404,summary-filosofia-a-escola-de-frankfurt-e-a-industria-cultural,Filosofia,A Escola de Frankfurt e a Indústria Cultural,scene:camadas-de-determinacao,nao-revisado,inspecionar mecanismo e fontes; redesenhar quando necessario
405,summary-filosofia-a-luta-de-classes-na-filosofia-marxista,Filosofia,A Luta de Classes na Filosofia Marxista,scene:camadas-de-determinacao,nao-revisado,inspecionar mecanismo e fontes; redesenhar quando necessario
406,summary-filosofia-a-relacao-entre-fe-e-razao,Filosofia,A Relação entre Fé e Razão,scene:contraste-de-posicoes,nao-revisado,inspecionar mecanismo e fontes; redesenhar quando necessario
407,summary-filosofia-a-teoria-das-ideias-de-platao,Filosofia,A Teoria das Ideias de Platão,scene:contraste-de-posicoes,nao-revisado,inspecionar mecanismo e fontes; redesenhar quando necessario
408,summary-filosofia-a-etica-kantiana-e-o-imperativo-categorico,Filosofia,A Ética Kantiana e o Imperativo Categórico,scene:cadeia-de-derivacao,nao-revisado,inspecionar mecanismo e fontes; redesenhar quando necessario
409,summary-filosofia-a-etica-a-nicomaco-e-a-doutrina-do-meio-termo,Filosofia,A Ética a Nicômaco e a Doutrina do Meio-Termo,scene:escala-de-graus,nao-revisado,inspecionar mecanismo e fontes; redesenhar quando necessario
410,summary-filosofia-alienacao-e-mais-valia,Filosofia,Alienação e Mais-Valia,scene:contraste-de-posicoes,nao-revisado,inspecionar mecanismo e fontes; redesenhar quando necessario
411,summary-filosofia-descartes-e-o-metodo-a-duvida-hiperbolica,Filosofia,Descartes e o Método: a Dúvida Hiperbólica,scene:escala-de-graus,nao-revisado,inspecionar mecanismo e fontes; redesenhar quando necessario
412,summary-filosofia-empirismo-britanico-locke-berkeley-e-hume,Filosofia,"Empirismo Britânico: Locke, Berkeley e Hume",scene:contraste-de-posicoes,nao-revisado,inspecionar mecanismo e fontes; redesenhar quando necessario
413,summary-filosofia-escolastica-e-santo-tomas-de-aquino,Filosofia,Escolástica e Santo Tomás de Aquino,scene:cadeia-de-derivacao,nao-revisado,inspecionar mecanismo e fontes; redesenhar quando necessario
414,summary-filosofia-filosofia-politica-contemporanea,Filosofia,Filosofia Política Contemporânea,scene:contraste-de-posicoes,nao-revisado,inspecionar mecanismo e fontes; redesenhar quando necessario
415,summary-filosofia-foucault-e-as-relacoes-de-poder,Filosofia,Foucault e as Relações de Poder,scene:contraste-de-posicoes,nao-revisado,inspecionar mecanismo e fontes; redesenhar quando necessario
416,summary-filosofia-hegel-e-a-dialetica,Filosofia,Hegel e a Dialética,scene:movimento-dialetico,nao-revisado,inspecionar mecanismo e fontes; redesenhar quando necessario
417,summary-filosofia-heraclito-e-parmenides-o-ser-e-o-devir,Filosofia,Heráclito e Parmênides: o Ser e o Devir,scene:contraste-de-posicoes,nao-revisado,inspecionar mecanismo e fontes; redesenhar quando necessario
418,summary-filosofia-hobbes-e-o-estado-de-natureza,Filosofia,Hobbes e o Estado de Natureza,scene:cadeia-de-derivacao,nao-revisado,inspecionar mecanismo e fontes; redesenhar quando necessario
419,summary-filosofia-justica-e-direitos-humanos,Filosofia,Justiça e Direitos Humanos,scene:contraste-de-posicoes,nao-revisado,inspecionar mecanismo e fontes; redesenhar quando necessario
420,summary-filosofia-locke-e-os-direitos-naturais,Filosofia,Locke e os Direitos Naturais,scene:cadeia-de-derivacao,nao-revisado,inspecionar mecanismo e fontes; redesenhar quando necessario
421,summary-filosofia-logica-e-metafisica-aristotelicas,Filosofia,Lógica e Metafísica Aristotélicas,scene:cadeia-de-derivacao,nao-revisado,inspecionar mecanismo e fontes; redesenhar quando necessario
422,summary-filosofia-nietzsche-e-a-critica-aos-valores-morais,Filosofia,Nietzsche e a Crítica aos Valores Morais,scene:movimento-dialetico,nao-revisado,inspecionar mecanismo e fontes; redesenhar quando necessario
423,summary-filosofia-o-existencialismo-de-sartre,Filosofia,O Existencialismo de Sartre,scene:cadeia-de-derivacao,nao-revisado,inspecionar mecanismo e fontes; redesenhar quando necessario
424,summary-filosofia-o-ideal-iluminista-de-razao-e-progresso,Filosofia,O Ideal Iluminista de Razão e Progresso,scene:contraste-de-posicoes,nao-revisado,inspecionar mecanismo e fontes; redesenhar quando necessario
425,summary-filosofia-o-materialismo-historico,Filosofia,O Materialismo Histórico,scene:camadas-de-determinacao,nao-revisado,inspecionar mecanismo e fontes; redesenhar quando necessario
426,summary-filosofia-o-mito-da-caverna,Filosofia,O Mito da Caverna,scene:escala-de-graus,nao-revisado,inspecionar mecanismo e fontes; redesenhar quando necessario
427,summary-filosofia-o-metodo-socratico-e-a-maieutica,Filosofia,O Método Socrático e a Maiêutica,scene:movimento-dialetico,nao-revisado,inspecionar mecanismo e fontes; redesenhar quando necessario
428,summary-filosofia-o-nascimento-da-filosofia-do-mito-ao-logos,Filosofia,O Nascimento da Filosofia: do Mito ao Logos,experiment:myth,nao-revisado,inspecionar mecanismo e fontes; redesenhar quando necessario
429,summary-filosofia-os-filosofos-da-physis-tales-anaximandro-e-anaximenes,Filosofia,"Os Filósofos da Physis: Tales, Anaximandro e Anaxímenes",scene:contraste-de-posicoes,nao-revisado,inspecionar mecanismo e fontes; redesenhar quando necessario
430,summary-filosofia-os-sofistas-e-a-crise-da-verdade,Filosofia,Os Sofistas e a Crise da Verdade,scene:contraste-de-posicoes,nao-revisado,inspecionar mecanismo e fontes; redesenhar quando necessario
431,summary-filosofia-patristica-e-santo-agostinho,Filosofia,Patrística e Santo Agostinho,scene:contraste-de-posicoes,nao-revisado,inspecionar mecanismo e fontes; redesenhar quando necessario
432,summary-filosofia-politica-aristotelica-o-homem-como-animal-politico,Filosofia,Política Aristotélica: o Homem como Animal Político,scene:contraste-de-posicoes,nao-revisado,inspecionar mecanismo e fontes; redesenhar quando necessario
433,summary-filosofia-racionalismo-continental-espinosa-e-leibniz,Filosofia,Racionalismo Continental: Espinosa e Leibniz,scene:contraste-de-posicoes,nao-revisado,inspecionar mecanismo e fontes; redesenhar quando necessario
434,summary-filosofia-rousseau-e-a-vontade-geral,Filosofia,Rousseau e a Vontade Geral,scene:cadeia-de-derivacao,nao-revisado,inspecionar mecanismo e fontes; redesenhar quando necessario
435,summary-filosofia-etica-aplicada-e-bioetica,Filosofia,Ética Aplicada e Bioética,scene:contraste-de-posicoes,nao-revisado,inspecionar mecanismo e fontes; redesenhar quando necessario
436,summary-sociologia-a-luta-de-classes-na-analise-sociologica,Sociologia,A Luta de Classes na Análise Sociológica,scene:contraste-de-posicoes,nao-revisado,inspecionar mecanismo e fontes; redesenhar quando necessario
437,summary-sociologia-a-sociedade-da-informacao,Sociologia,A Sociedade da Informação,scene:criterios-conjuntivos,nao-revisado,inspecionar mecanismo e fontes; redesenhar quando necessario
438,summary-sociologia-anomia-e-coesao-social,Sociologia,Anomia e Coesão Social,scene:grade-de-eixos,nao-revisado,inspecionar mecanismo e fontes; redesenhar quando necessario
439,summary-sociologia-cidadania-e-direitos,Sociologia,Cidadania e Direitos,scene:escala-de-graus,nao-revisado,inspecionar mecanismo e fontes; redesenhar quando necessario
440,summary-sociologia-classes-sociais-e-mobilidade-social,Sociologia,Classes Sociais e Mobilidade Social,scene:grade-de-eixos,nao-revisado,inspecionar mecanismo e fontes; redesenhar quando necessario
441,summary-sociologia-cultura-e-etnocentrismo,Sociologia,Cultura e Etnocentrismo,scene:contraste-de-posicoes,nao-revisado,inspecionar mecanismo e fontes; redesenhar quando necessario
442,summary-sociologia-democracia-e-participacao-politica,Sociologia,Democracia e Participação Política,scene:tipologia,nao-revisado,inspecionar mecanismo e fontes; redesenhar quando necessario
443,summary-sociologia-desigualdade-racial-no-brasil,Sociologia,Desigualdade Racial no Brasil,scene:contraste-de-posicoes,nao-revisado,inspecionar mecanismo e fontes; redesenhar quando necessario
444,summary-sociologia-desigualdade-de-genero,Sociologia,Desigualdade de Gênero,scene:cadeia-de-derivacao,nao-revisado,inspecionar mecanismo e fontes; redesenhar quando necessario
445,summary-sociologia-divisao-social-do-trabalho,Sociologia,Divisão Social do Trabalho,scene:contraste-de-posicoes,nao-revisado,inspecionar mecanismo e fontes; redesenhar quando necessario
446,summary-sociologia-dominacao-e-poder-em-weber,Sociologia,Dominação e Poder em Weber,scene:tipologia,nao-revisado,inspecionar mecanismo e fontes; redesenhar quando necessario
447,summary-sociologia-educacao-e-socializacao-em-durkheim,Sociologia,Educação e Socialização em Durkheim,scene:cadeia-de-derivacao,nao-revisado,inspecionar mecanismo e fontes; redesenhar quando necessario
448,summary-sociologia-globalizacao-economica-e-cultural,Sociologia,Globalização Econômica e Cultural,scene:tipologia,nao-revisado,inspecionar mecanismo e fontes; redesenhar quando necessario
449,summary-sociologia-identidade-e-diferenca,Sociologia,Identidade e Diferença,scene:criterios-conjuntivos,nao-revisado,inspecionar mecanismo e fontes; redesenhar quando necessario
450,summary-sociologia-ideologia-e-alienacao,Sociologia,Ideologia e Alienação,scene:camadas-de-determinacao,nao-revisado,inspecionar mecanismo e fontes; redesenhar quando necessario
451,summary-sociologia-modo-de-producao-e-estrutura-social,Sociologia,Modo de Produção e Estrutura Social,scene:camadas-de-determinacao,nao-revisado,inspecionar mecanismo e fontes; redesenhar quando necessario
452,summary-sociologia-movimentos-sociais-classicos-e-contemporaneos,Sociologia,Movimentos Sociais Clássicos e Contemporâneos,scene:tipologia,nao-revisado,inspecionar mecanismo e fontes; redesenhar quando necessario
453,summary-sociologia-multiculturalismo-e-relativismo-cultural,Sociologia,Multiculturalismo e Relativismo Cultural,scene:contraste-de-posicoes,nao-revisado,inspecionar mecanismo e fontes; redesenhar quando necessario
454,summary-sociologia-o-contexto-historico-do-surgimento-da-sociologia,Sociologia,O Contexto Histórico do Surgimento da Sociologia,scene:contraste-de-posicoes,nao-revisado,inspecionar mecanismo e fontes; redesenhar quando necessario
455,summary-sociologia-o-estado-nacao-na-era-global,Sociologia,O Estado-Nação na Era Global,scene:tipologia,nao-revisado,inspecionar mecanismo e fontes; redesenhar quando necessario
456,summary-sociologia-o-que-e-o-fato-social,Sociologia,O que é o Fato Social,scene:criterios-conjuntivos,nao-revisado,inspecionar mecanismo e fontes; redesenhar quando necessario
457,summary-sociologia-precarizacao-e-uberizacao-do-trabalho,Sociologia,Precarização e Uberização do Trabalho,scene:cadeia-de-derivacao,nao-revisado,inspecionar mecanismo e fontes; redesenhar quando necessario
458,summary-sociologia-sociologia-e-senso-comum,Sociologia,Sociologia e Senso Comum,scene:contraste-de-posicoes,nao-revisado,inspecionar mecanismo e fontes; redesenhar quando necessario
459,summary-sociologia-solidariedade-mecanica-e-solidariedade-organica,Sociologia,Solidariedade Mecânica e Solidariedade Orgânica,experiment:solidarity,nao-revisado,inspecionar mecanismo e fontes; redesenhar quando necessario
460,summary-sociologia-tipos-de-acao-social,Sociologia,Tipos de Ação Social,scene:tipologia,nao-revisado,inspecionar mecanismo e fontes; redesenhar quando necessario
461,summary-sociologia-transformacoes-no-mundo-do-trabalho,Sociologia,Transformações no Mundo do Trabalho,scene:contraste-de-posicoes,nao-revisado,inspecionar mecanismo e fontes; redesenhar quando necessario
462,summary-sociologia-etica-protestante-e-o-espirito-do-capitalismo,Sociologia,Ética Protestante e o Espírito do Capitalismo,scene:cadeia-de-derivacao,nao-revisado,inspecionar mecanismo e fontes; redesenhar quando necessario
463,summary-literatura-a-arte-e-suas-linguagens,Literatura,A Arte e suas Linguagens,instrument:art-languages,nao-revisado,inspecionar mecanismo e fontes; redesenhar quando necessario
464,summary-literatura-a-estetica-barroca,Literatura,A Estética Barroca,instrument:baroque,nao-revisado,inspecionar mecanismo e fontes; redesenhar quando necessario
465,summary-literatura-a-estetica-neoclassica,Literatura,A Estética Neoclássica,instrument:neoclassic,nao-revisado,inspecionar mecanismo e fontes; redesenhar quando necessario
466,summary-literatura-a-estetica-realista,Literatura,A Estética Realista,instrument:realism,nao-revisado,inspecionar mecanismo e fontes; redesenhar quando necessario
467,summary-literatura-a-estetica-romantica-poesia,Literatura,A Estética Romântica: Poesia,instrument:romantic-poetry,nao-revisado,inspecionar mecanismo e fontes; redesenhar quando necessario
468,summary-literatura-a-estetica-romantica-prosa,Literatura,A Estética Romântica: Prosa,scene:tipologia,nao-revisado,inspecionar mecanismo e fontes; redesenhar quando necessario
469,summary-literatura-artes-plasticas-brasileiras,Literatura,Artes Plásticas Brasileiras,instrument:brazilian-visual-arts,nao-revisado,inspecionar mecanismo e fontes; redesenhar quando necessario
470,summary-literatura-brasil-primeiros-registros,Literatura,Brasil: Primeiros Registros,instrument:first-records,nao-revisado,inspecionar mecanismo e fontes; redesenhar quando necessario
471,summary-literatura-cancioneiro-popular-brasileiro,Literatura,Cancioneiro Popular Brasileiro,instrument:popular-songbook,nao-revisado,inspecionar mecanismo e fontes; redesenhar quando necessario
472,summary-literatura-carlos-drummond-de-andrade,Literatura,Carlos Drummond de Andrade,instrument:carlos-drummond,nao-revisado,inspecionar mecanismo e fontes; redesenhar quando necessario
473,summary-literatura-clarice-lispector,Literatura,Clarice Lispector,instrument:clarice-lispector,nao-revisado,inspecionar mecanismo e fontes; redesenhar quando necessario
474,summary-literatura-elementos-da-narrativa,Literatura,Elementos da Narrativa,instrument:narrative-elements,nao-revisado,inspecionar mecanismo e fontes; redesenhar quando necessario
475,summary-literatura-fernando-pessoa,Literatura,Fernando Pessoa,scene:tipologia,nao-revisado,inspecionar mecanismo e fontes; redesenhar quando necessario
476,summary-literatura-graciliano-ramos,Literatura,Graciliano Ramos,instrument:graciliano-ramos,nao-revisado,inspecionar mecanismo e fontes; redesenhar quando necessario
477,summary-literatura-guimaraes-rosa,Literatura,Guimarães Rosa,instrument:guimaraes-rosa,nao-revisado,inspecionar mecanismo e fontes; redesenhar quando necessario
478,summary-literatura-joao-cabral-de-melo-neto,Literatura,João Cabral de Melo Neto,instrument:joao-cabral,nao-revisado,inspecionar mecanismo e fontes; redesenhar quando necessario
479,summary-literatura-literatura-lusofona-contemporanea,Literatura,Literatura Lusófona Contemporânea,instrument:lusophone-contemporary,nao-revisado,inspecionar mecanismo e fontes; redesenhar quando necessario
480,summary-literatura-machado-de-assis,Literatura,Machado de Assis,instrument:machado-de-assis,nao-revisado,inspecionar mecanismo e fontes; redesenhar quando necessario
481,summary-literatura-modernismo-no-brasil-primeira-geracao,Literatura,Modernismo no Brasil: Primeira Geração,instrument:modernism-first-generation,nao-revisado,inspecionar mecanismo e fontes; redesenhar quando necessario
482,summary-literatura-naturalismo,Literatura,Naturalismo,instrument:naturalism,nao-revisado,inspecionar mecanismo e fontes; redesenhar quando necessario
483,summary-literatura-parnasianismo,Literatura,Parnasianismo,instrument:parnassianism,nao-revisado,inspecionar mecanismo e fontes; redesenhar quando necessario
484,summary-literatura-poesia-brasileira-contemporanea,Literatura,Poesia Brasileira Contemporânea,scene:tipologia,nao-revisado,inspecionar mecanismo e fontes; redesenhar quando necessario
485,summary-literatura-poesia-brasileira-1960-1980,Literatura,Poesia Brasileira: 1960-1980,scene:tipologia,nao-revisado,inspecionar mecanismo e fontes; redesenhar quando necessario
486,summary-literatura-poesia-concreta,Literatura,Poesia Concreta,instrument:concrete-poetry,nao-revisado,inspecionar mecanismo e fontes; redesenhar quando necessario
487,summary-literatura-prosa-brasileira-contemporanea,Literatura,Prosa Brasileira Contemporânea,scene:tipologia,nao-revisado,inspecionar mecanismo e fontes; redesenhar quando necessario
488,summary-literatura-prosa-brasileira-1960-1980,Literatura,Prosa Brasileira: 1960-1980,instrument:prose-1960-1980,nao-revisado,inspecionar mecanismo e fontes; redesenhar quando necessario
489,summary-literatura-pre-modernismo,Literatura,Pré-Modernismo,instrument:pre-modernism,nao-revisado,inspecionar mecanismo e fontes; redesenhar quando necessario
490,summary-literatura-realismo-portugues-eca-de-queiros,Literatura,Realismo Português: Eça de Queirós,instrument:eca-de-queiros,nao-revisado,inspecionar mecanismo e fontes; redesenhar quando necessario
491,summary-literatura-renascimento-e-camoes,Literatura,Renascimento e Camões,instrument:renaissance-camoes,nao-revisado,inspecionar mecanismo e fontes; redesenhar quando necessario
492,summary-literatura-segunda-geracao-modernista-poesia,Literatura,Segunda Geração Modernista: Poesia,instrument:modernism-second-generation,nao-revisado,inspecionar mecanismo e fontes; redesenhar quando necessario
493,summary-literatura-segunda-geracao-modernista-prosa,Literatura,Segunda Geração Modernista: Prosa,scene:contraste-de-posicoes,nao-revisado,inspecionar mecanismo e fontes; redesenhar quando necessario
494,summary-literatura-semana-de-arte-moderna,Literatura,Semana de Arte Moderna,instrument:modern-art-week,nao-revisado,inspecionar mecanismo e fontes; redesenhar quando necessario
495,summary-literatura-simbolismo,Literatura,Simbolismo,instrument:symbolism,nao-revisado,inspecionar mecanismo e fontes; redesenhar quando necessario
496,summary-literatura-teatro-brasileiro,Literatura,Teatro Brasileiro,instrument:brazilian-theater,nao-revisado,inspecionar mecanismo e fontes; redesenhar quando necessario
497,summary-literatura-texto-literario-x-texto-nao-literario,Literatura,Texto Literário x Texto não Literário,experiment:literary,nao-revisado,inspecionar mecanismo e fontes; redesenhar quando necessario
498,summary-literatura-trovadorismo-e-humanismo,Literatura,Trovadorismo e Humanismo,scene:tipologia,nao-revisado,inspecionar mecanismo e fontes; redesenhar quando necessario
499,summary-literatura-vanguardas-artisticas,Literatura,Vanguardas Artísticas,scene:tipologia,nao-revisado,inspecionar mecanismo e fontes; redesenhar quando necessario
500,summary-gramatica-adverbio-e-locucoes-adverbiais-circunstanciadores,Gramática,Advérbio e Locuções Adverbiais: Circunstanciadores,instrument:adverbio-circunstanciadores,nao-revisado,inspecionar mecanismo e fontes; redesenhar quando necessario
501,summary-gramatica-ambiguidade-duplicidade-no-lexico-e-na-sintaxe,Gramática,Ambiguidade: Duplicidade no Léxico e na Sintaxe,instrument:ambiguidade,nao-revisado,inspecionar mecanismo e fontes; redesenhar quando necessario
502,summary-gramatica-artigo-numeral-e-adjetivo-no-sintagma-nominal,Gramática,"Artigo, Numeral e Adjetivo no Sintagma Nominal",instrument:sintagma-nominal,nao-revisado,inspecionar mecanismo e fontes; redesenhar quando necessario
503,summary-gramatica-concordancia,Gramática,Concordância,instrument:concordancia,nao-revisado,inspecionar mecanismo e fontes; redesenhar quando necessario
504,summary-gramatica-crase,Gramática,Crase,instrument:crase,nao-revisado,inspecionar mecanismo e fontes; redesenhar quando necessario
505,summary-gramatica-funcoes-sintaticas-nominais-e-vocativo,Gramática,Funções Sintáticas Nominais e Vocativo,instrument:funcoes-sintaticas-nominais,nao-revisado,inspecionar mecanismo e fontes; redesenhar quando necessario
506,summary-gramatica-lingua-um-sistema-complexo,Gramática,Língua: um Sistema Complexo,instrument:lingua-sistema,nao-revisado,inspecionar mecanismo e fontes; redesenhar quando necessario
507,summary-gramatica-mecanismo-de-regencia,Gramática,Mecanismo de Regência,instrument:mecanismo-regencia,nao-revisado,inspecionar mecanismo e fontes; redesenhar quando necessario
508,summary-gramatica-o-lexico-em-contexto-variadas-possibilidades-semanticas,Gramática,O Léxico em Contexto: Variadas Possibilidades Semânticas,instrument:lexico-em-contexto,nao-revisado,inspecionar mecanismo e fontes; redesenhar quando necessario
509,summary-gramatica-oracoes-adjetivas,Gramática,Orações Adjetivas,instrument:oracoes-adjetivas,nao-revisado,inspecionar mecanismo e fontes; redesenhar quando necessario
510,summary-gramatica-oracoes-adverbiais,Gramática,Orações Adverbiais,instrument:oracoes-adverbiais,nao-revisado,inspecionar mecanismo e fontes; redesenhar quando necessario
511,summary-gramatica-oracoes-coordenadas,Gramática,Orações Coordenadas,instrument:oracoes-coordenadas,nao-revisado,inspecionar mecanismo e fontes; redesenhar quando necessario
512,summary-gramatica-oracoes-substantivas,Gramática,Orações Substantivas,instrument:oracoes-substantivas,nao-revisado,inspecionar mecanismo e fontes; redesenhar quando necessario
513,summary-gramatica-pontuacao-i-principios-para-o-uso-da-virgula,Gramática,Pontuação I: Princípios para o Uso da Vírgula,instrument:pontuacao-i,nao-revisado,inspecionar mecanismo e fontes; redesenhar quando necessario
514,summary-gramatica-pontuacao-ii-virgula-entre-oracoes-e-outros-sinais-de-pontuacao,Gramática,Pontuação II: Vírgula entre Orações e Outros Sinais de Pontuação,instrument:pontuacao-ii,nao-revisado,inspecionar mecanismo e fontes; redesenhar quando necessario
515,summary-gramatica-processos-de-formacao-de-palavras,Gramática,Processos de Formação de Palavras,instrument:formacao-palavras,nao-revisado,inspecionar mecanismo e fontes; redesenhar quando necessario
516,summary-gramatica-pronomes,Gramática,Pronomes,instrument:pronomes,nao-revisado,inspecionar mecanismo e fontes; redesenhar quando necessario
517,summary-gramatica-significados-implicitos,Gramática,Significados Implícitos,instrument:significados-implicitos,nao-revisado,inspecionar mecanismo e fontes; redesenhar quando necessario
518,summary-gramatica-substantivo-os-nomes-e-a-visao-do-enunciador,Gramática,Substantivo: os Nomes e a Visão do Enunciador,instrument:substantivo-visao-enunciador,nao-revisado,inspecionar mecanismo e fontes; redesenhar quando necessario
519,summary-gramatica-tipos-de-discurso,Gramática,Tipos de Discurso,instrument:tipos-de-discurso,nao-revisado,inspecionar mecanismo e fontes; redesenhar quando necessario
520,summary-gramatica-tipos-de-sujeito,Gramática,Tipos de Sujeito,instrument:tipos-de-sujeito,nao-revisado,inspecionar mecanismo e fontes; redesenhar quando necessario
521,summary-gramatica-tipos-de-texto-explorando-elementos-concretos-e-conceitos-abstratos,Gramática,Tipos de Texto: Explorando Elementos Concretos e Conceitos Abstratos,instrument:tipos-de-texto,nao-revisado,inspecionar mecanismo e fontes; redesenhar quando necessario
522,summary-gramatica-variacao-linguistica,Gramática,Variação Linguística,experiment:variation,nao-revisado,inspecionar mecanismo e fontes; redesenhar quando necessario
523,summary-gramatica-verbo,Gramática,Verbo,instrument:verbo,nao-revisado,inspecionar mecanismo e fontes; redesenhar quando necessario
524,summary-gramatica-verbo-e-sintaxe-da-oracao,Gramática,Verbo e Sintaxe da Oração,instrument:verbo-sintaxe-oracao,nao-revisado,inspecionar mecanismo e fontes; redesenhar quando necessario
525,summary-gramatica-vozes-verbais,Gramática,Vozes Verbais,instrument:vozes-verbais,nao-revisado,inspecionar mecanismo e fontes; redesenhar quando necessario
526,summary-entendimento-de-texto-fatores-de-textualidade,Entendimento de Texto,Fatores de Textualidade,experiment:cohesion,nao-revisado,inspecionar mecanismo e fontes; redesenhar quando necessario
527,summary-entendimento-de-texto-figuras-de-linguagem,Entendimento de Texto,Figuras de Linguagem,instrument:figuras,nao-revisado,inspecionar mecanismo e fontes; redesenhar quando necessario
528,summary-entendimento-de-texto-funcao-poetica-e-linguagem-literaria,Entendimento de Texto,Função Poética e Linguagem Literária,instrument:poetica,nao-revisado,inspecionar mecanismo e fontes; redesenhar quando necessario
529,summary-entendimento-de-texto-funcoes-da-linguagem,Entendimento de Texto,Funções da Linguagem,instrument:funcoes,nao-revisado,inspecionar mecanismo e fontes; redesenhar quando necessario
530,summary-entendimento-de-texto-generos-narrativos-e-niveis-de-compreensao,Entendimento de Texto,Gêneros Narrativos e Níveis de Compreensão,instrument:narrativos,nao-revisado,inspecionar mecanismo e fontes; redesenhar quando necessario
531,summary-entendimento-de-texto-generos-textuais,Entendimento de Texto,Gêneros Textuais,instrument:generos,nao-revisado,inspecionar mecanismo e fontes; redesenhar quando necessario
532,summary-entendimento-de-texto-generos-nao-verbais-fundamentos-de-leitura,Entendimento de Texto,Gêneros não Verbais: Fundamentos de Leitura,instrument:nao-verbais,nao-revisado,inspecionar mecanismo e fontes; redesenhar quando necessario
533,summary-entendimento-de-texto-intertextualidade-e-interdiscursividade,Entendimento de Texto,Intertextualidade e Interdiscursividade,instrument:intertextualidade,nao-revisado,inspecionar mecanismo e fontes; redesenhar quando necessario
534,summary-entendimento-de-texto-leitura-de-textos-comicos,Entendimento de Texto,Leitura de Textos Cômicos,instrument:comicos,nao-revisado,inspecionar mecanismo e fontes; redesenhar quando necessario
535,summary-entendimento-de-texto-modelos-de-leitura-e-distorcoes-interpretativas,Entendimento de Texto,Modelos de Leitura e Distorções Interpretativas,instrument:distorcoes,nao-revisado,inspecionar mecanismo e fontes; redesenhar quando necessario
536,summary-entendimento-de-texto-os-dois-niveis-da-leitura,Entendimento de Texto,Os Dois Níveis da Leitura,instrument:niveis-leitura,nao-revisado,inspecionar mecanismo e fontes; redesenhar quando necessario
537,summary-entendimento-de-texto-tecnologias-digitais-da-informacao-e-comunicacao-tdic-impactos-sociais,Entendimento de Texto,Tecnologias Digitais da Informação e Comunicação (TDIC): Impactos Sociais,instrument:tdic,nao-revisado,inspecionar mecanismo e fontes; redesenhar quando necessario
538,summary-lingua-inglesa-text-comprehension-bacteria,Língua Inglesa,Text Comprehension: Bacteria,instrument:bacteria,nao-revisado,inspecionar mecanismo e fontes; redesenhar quando necessario
539,summary-lingua-inglesa-text-comprehension-calories-and-energy,Língua Inglesa,Text Comprehension: Calories and Energy,instrument:calories-energy,nao-revisado,inspecionar mecanismo e fontes; redesenhar quando necessario
540,summary-lingua-inglesa-text-comprehension-digital-technology,Língua Inglesa,Text Comprehension: Digital Technology,instrument:digital-technology,nao-revisado,inspecionar mecanismo e fontes; redesenhar quando necessario
541,summary-lingua-inglesa-text-comprehension-discrimination-against-women,Língua Inglesa,Text Comprehension: Discrimination Against Women,instrument:discrimination-against-women,nao-revisado,inspecionar mecanismo e fontes; redesenhar quando necessario
542,summary-lingua-inglesa-text-comprehension-earthquakes,Língua Inglesa,Text Comprehension: Earthquakes,instrument:earthquakes,nao-revisado,inspecionar mecanismo e fontes; redesenhar quando necessario
543,summary-lingua-inglesa-text-comprehension-ecology-greenhouse-gases,Língua Inglesa,Text Comprehension: Ecology (Greenhouse Gases),instrument:greenhouse-gases,nao-revisado,inspecionar mecanismo e fontes; redesenhar quando necessario
544,summary-lingua-inglesa-text-comprehension-global-warming,Língua Inglesa,Text Comprehension: Global Warming,instrument:global-warming,nao-revisado,inspecionar mecanismo e fontes; redesenhar quando necessario
545,summary-lingua-inglesa-text-comprehension-health-probiotics,Língua Inglesa,Text Comprehension: Health – Probiotics,instrument:health-probiotics,nao-revisado,inspecionar mecanismo e fontes; redesenhar quando necessario
546,summary-lingua-inglesa-text-comprehension-hurricanes,Língua Inglesa,Text Comprehension: Hurricanes,instrument:hurricanes,nao-revisado,inspecionar mecanismo e fontes; redesenhar quando necessario
547,summary-lingua-inglesa-text-comprehension-novels-short-stories,Língua Inglesa,Text Comprehension: Novels/Short Stories,instrument:novels-short-stories,nao-revisado,inspecionar mecanismo e fontes; redesenhar quando necessario
548,summary-lingua-inglesa-text-comprehension-pollution,Língua Inglesa,Text Comprehension: Pollution,instrument:pollution,nao-revisado,inspecionar mecanismo e fontes; redesenhar quando necessario
549,summary-lingua-inglesa-text-comprehension-songs-and-poems,Língua Inglesa,Text Comprehension: Songs and Poems,instrument:songs-poems,nao-revisado,inspecionar mecanismo e fontes; redesenhar quando necessario
550,summary-lingua-inglesa-text-comprehension-stem-cells,Língua Inglesa,Text Comprehension: Stem Cells,instrument:stem-cells,nao-revisado,inspecionar mecanismo e fontes; redesenhar quando necessario
551,summary-lingua-inglesa-text-comprehension-taxonomy-and-terminology,Língua Inglesa,Text Comprehension: Taxonomy and Terminology,experiment:inference,nao-revisado,inspecionar mecanismo e fontes; redesenhar quando necessario
552,summary-lingua-inglesa-text-comprehension-the-human-brain,Língua Inglesa,Text Comprehension: The Human Brain,instrument:human-brain,nao-revisado,inspecionar mecanismo e fontes; redesenhar quando necessario
553,summary-lingua-inglesa-text-comprehension-viruses,Língua Inglesa,Text Comprehension: Viruses,instrument:viruses,nao-revisado,inspecionar mecanismo e fontes; redesenhar quando necessario
554,summary-lingua-inglesa-text-comprehension-women-empowerment,Língua Inglesa,Text Comprehension: Women Empowerment,instrument:women-empowerment,nao-revisado,inspecionar mecanismo e fontes; redesenhar quando necessario
555,summary-redacao-a-dissertacao-no-vestibular-mitos-e-verdades,Redação,A Dissertação no Vestibular: Mitos e Verdades,instrument:dissertacao-mitos,nao-revisado,inspecionar mecanismo e fontes; redesenhar quando necessario
556,summary-redacao-analisando-tema-abstrato-de-redacao,Redação,Analisando Tema Abstrato de Redação,instrument:tema-abstrato,nao-revisado,inspecionar mecanismo e fontes; redesenhar quando necessario
557,summary-redacao-analisando-tema-de-redacao-cidadania-e-poder,Redação,Analisando Tema de Redação: Cidadania e Poder,instrument:tema-cidadania,nao-revisado,inspecionar mecanismo e fontes; redesenhar quando necessario
558,summary-redacao-analisando-tema-de-redacao-corpo-saude-e-sexualidade,Redação,"Analisando Tema de Redação: Corpo, Saúde e Sexualidade",instrument:tema-corpo-saude,nao-revisado,inspecionar mecanismo e fontes; redesenhar quando necessario
559,summary-redacao-analisando-tema-de-redacao-educacao-e-trabalho,Redação,Analisando Tema de Redação: Educação e Trabalho,instrument:tema-educacao-trabalho,nao-revisado,inspecionar mecanismo e fontes; redesenhar quando necessario
560,summary-redacao-analisando-tema-de-redacao-meio-ambiente,Redação,Analisando Tema de Redação: Meio Ambiente,instrument:tema-meio-ambiente,nao-revisado,inspecionar mecanismo e fontes; redesenhar quando necessario
561,summary-redacao-analisando-tema-de-redacao-midia-e-sociedade,Redação,Analisando Tema de Redação: Mídia e Sociedade,instrument:tema-midia,nao-revisado,inspecionar mecanismo e fontes; redesenhar quando necessario
562,summary-redacao-analisando-tema-de-redacao-violencia-leis-e-punicao,Redação,"Analisando Tema de Redação: Violência, Leis e Punição",instrument:tema-violencia,nao-revisado,inspecionar mecanismo e fontes; redesenhar quando necessario
563,summary-redacao-analisando-o-tema-de-redacao-arte-cultura-e-relacoes-sociais,Redação,"Analisando o Tema de Redação: Arte, Cultura e Relações Sociais",instrument:tema-arte-cultura,nao-revisado,inspecionar mecanismo e fontes; redesenhar quando necessario
564,summary-redacao-argumentacao-quase-logica-e-efeito-de-verdade,Redação,Argumentação Quase-Lógica e Efeito de Verdade,instrument:quase-logica,nao-revisado,inspecionar mecanismo e fontes; redesenhar quando necessario
565,summary-redacao-argumentacao-e-coerencia-externa,Redação,Argumentação e Coerência Externa,instrument:coerencia-externa,nao-revisado,inspecionar mecanismo e fontes; redesenhar quando necessario
566,summary-redacao-argumentacao-e-coerencia-interna,Redação,Argumentação e Coerência Interna,instrument:coerencia-interna,nao-revisado,inspecionar mecanismo e fontes; redesenhar quando necessario
567,summary-redacao-argumentacao-auditorio-particular-e-universal,Redação,Argumentação: Auditório Particular e Universal,instrument:auditorio,nao-revisado,inspecionar mecanismo e fontes; redesenhar quando necessario
568,summary-redacao-coesao-no-texto-dissertativo-analise-de-problemas,Redação,Coesão no Texto Dissertativo: Análise de Problemas,instrument:coesao-problemas,nao-revisado,inspecionar mecanismo e fontes; redesenhar quando necessario
569,summary-redacao-conclusao-por-sintese-ou-retomada-da-tese,Redação,Conclusão por Síntese ou Retomada da Tese,instrument:conclusao-sintese,nao-revisado,inspecionar mecanismo e fontes; redesenhar quando necessario
570,summary-redacao-conclusao-sumarizacao-focalizacao-e-expressividade,Redação,"Conclusão: Sumarização, Focalização e Expressividade",instrument:conclusao-foco,nao-revisado,inspecionar mecanismo e fontes; redesenhar quando necessario
571,summary-redacao-diferentes-graus-de-adequacao-a-proposta,Redação,Diferentes Graus de Adequação à Proposta,instrument:adequacao-proposta,nao-revisado,inspecionar mecanismo e fontes; redesenhar quando necessario
572,summary-redacao-estrutura-classica-do-texto-dissertativo,Redação,Estrutura Clássica do Texto Dissertativo,instrument:estrutura-dissertativa,nao-revisado,inspecionar mecanismo e fontes; redesenhar quando necessario
573,summary-redacao-generos-e-sua-relacao-com-a-estrutura-do-texto,Redação,Gêneros e sua Relação com a Estrutura do Texto,instrument:genero-estrutura,nao-revisado,inspecionar mecanismo e fontes; redesenhar quando necessario
574,summary-redacao-incrementando-o-repertorio-arte-cultura-e-relacoes-sociais,Redação,"Incrementando o Repertório: Arte, Cultura e Relações Sociais",instrument:rep-arte-cultura,nao-revisado,inspecionar mecanismo e fontes; redesenhar quando necessario
575,summary-redacao-incrementando-o-repertorio-cidadania-e-poder,Redação,Incrementando o Repertório: Cidadania e Poder,instrument:rep-cidadania,nao-revisado,inspecionar mecanismo e fontes; redesenhar quando necessario
576,summary-redacao-incrementando-o-repertorio-corpo-saude-e-sexualidade,Redação,"Incrementando o Repertório: Corpo, Saúde e Sexualidade",instrument:rep-corpo-saude,nao-revisado,inspecionar mecanismo e fontes; redesenhar quando necessario
577,summary-redacao-incrementando-o-repertorio-educacao-e-trabalho,Redação,Incrementando o Repertório: Educação e Trabalho,instrument:rep-educacao-trabalho,nao-revisado,inspecionar mecanismo e fontes; redesenhar quando necessario
578,summary-redacao-incrementando-o-repertorio-meio-ambiente,Redação,Incrementando o Repertório: Meio Ambiente,instrument:rep-meio-ambiente,nao-revisado,inspecionar mecanismo e fontes; redesenhar quando necessario
579,summary-redacao-incrementando-o-repertorio-midia-e-sociedade,Redação,Incrementando o Repertório: Mídia e Sociedade,instrument:rep-midia,nao-revisado,inspecionar mecanismo e fontes; redesenhar quando necessario
580,summary-redacao-incrementando-o-repertorio-temas-abstratos,Redação,Incrementando o Repertório: Temas Abstratos,instrument:rep-abstratos,nao-revisado,inspecionar mecanismo e fontes; redesenhar quando necessario
581,summary-redacao-incrementando-o-repertorio-violencia-leis-e-punicao,Redação,"Incrementando o Repertório: Violência, Leis e Punição",instrument:rep-violencia,nao-revisado,inspecionar mecanismo e fontes; redesenhar quando necessario
582,summary-redacao-lendo-a-coletanea-a-apreensao-de-sentidos-i,Redação,Lendo a Coletânea: a Apreensão de Sentidos I,instrument:coletanea-sentidos-i,nao-revisado,inspecionar mecanismo e fontes; redesenhar quando necessario
583,summary-redacao-lendo-a-coletanea-a-apreensao-de-sentidos-ii,Redação,Lendo a Coletânea: a Apreensão de Sentidos II,instrument:coletanea-sentidos-ii,nao-revisado,inspecionar mecanismo e fontes; redesenhar quando necessario
584,summary-redacao-lendo-a-coletanea-a-compreensao-e-o-texto-autoral-i,Redação,Lendo a Coletânea: a Compreensão e o Texto Autoral I,instrument:coletanea-autoria-i,nao-revisado,inspecionar mecanismo e fontes; redesenhar quando necessario
585,summary-redacao-lendo-a-coletanea-a-compreensao-e-o-texto-autoral-ii,Redação,Lendo a Coletânea: a Compreensão e o Texto Autoral II,instrument:coletanea-autoria-ii,nao-revisado,inspecionar mecanismo e fontes; redesenhar quando necessario
586,summary-redacao-o-que-se-avalia-na-dissertacao-competencias-e-habilidades,Redação,O que se Avalia na Dissertação: Competências e Habilidades,instrument:avaliacao-dissertacao,nao-revisado,inspecionar mecanismo e fontes; redesenhar quando necessario
587,summary-redacao-organizando-as-ideias-brainstorm-e-mind-maps,Redação,Organizando as Ideias: Brainstorm e Mind Maps,instrument:organizacao-ideias,nao-revisado,inspecionar mecanismo e fontes; redesenhar quando necessario
588,summary-redacao-os-direitos-humanos-de-1-geracao-direitos-individuais,Redação,Os Direitos Humanos de 1ª Geração: Direitos Individuais,instrument:direitos-1,nao-revisado,inspecionar mecanismo e fontes; redesenhar quando necessario
589,summary-redacao-os-direitos-humanos-de-2-e-3-geracao-direitos-sociais-coletivos-e-difusos,Redação,"Os Direitos Humanos de 2ª e 3ª Geração: Direitos Sociais, Coletivos e Difusos",instrument:direitos-23,nao-revisado,inspecionar mecanismo e fontes; redesenhar quando necessario
590,summary-redacao-paragrafo-de-introducao-delimitando-a-opiniao,Redação,Parágrafo de Introdução: Delimitando a Opinião,instrument:intro-tese,nao-revisado,inspecionar mecanismo e fontes; redesenhar quando necessario
591,summary-redacao-paragrafo-de-introducao-como-contextualizar,Redação,Parágrafo de Introdução: como Contextualizar,instrument:intro-contexto,nao-revisado,inspecionar mecanismo e fontes; redesenhar quando necessario
592,summary-redacao-projeto-de-texto-em-favor-da-progressao-textual,Redação,Projeto de Texto em Favor da Progressão Textual,experiment:argument,nao-revisado,inspecionar mecanismo e fontes; redesenhar quando necessario
593,summary-redacao-proposta-de-intervencao-atores-sociais-e-cidadania,Redação,Proposta de Intervenção: Atores Sociais e Cidadania,instrument:intervencao-atores,nao-revisado,inspecionar mecanismo e fontes; redesenhar quando necessario
594,summary-redacao-proposta-de-intervencao-coerencia-argumentativa,Redação,Proposta de Intervenção: Coerência Argumentativa,instrument:intervencao-coerencia,nao-revisado,inspecionar mecanismo e fontes; redesenhar quando necessario
595,summary-redacao-proposta-de-intervencao-respeito-aos-direitos-humanos,Redação,Proposta de Intervenção: Respeito aos Direitos Humanos,instrument:intervencao-direitos,nao-revisado,inspecionar mecanismo e fontes; redesenhar quando necessario
596,summary-redacao-proposta-de-intervencao-viabilizacao-e-inovacao,Redação,Proposta de Intervenção: Viabilização e Inovação,instrument:intervencao-viabilidade,nao-revisado,inspecionar mecanismo e fontes; redesenhar quando necessario
597,summary-redacao-qual-sera-o-tema-deste-ano-grandes-eixos-tematicos,Redação,Qual Será o Tema deste Ano: Grandes Eixos Temáticos,instrument:eixos-tematicos,nao-revisado,inspecionar mecanismo e fontes; redesenhar quando necessario
598,summary-redacao-recursos-argumentativos-dados-numericos-e-exemplos,Redação,Recursos Argumentativos: Dados Numéricos e Exemplos,instrument:dados-exemplos,nao-revisado,inspecionar mecanismo e fontes; redesenhar quando necessario
599,summary-redacao-recursos-argumentativos-fatos-da-atualidade,Redação,Recursos Argumentativos: Fatos da Atualidade,instrument:fatos-atualidade,nao-revisado,inspecionar mecanismo e fontes; redesenhar quando necessario
600,summary-redacao-recursos-argumentativos-interdiscursividade-e-intertextualidade,Redação,Recursos Argumentativos: Interdiscursividade e Intertextualidade,instrument:interdiscursividade,nao-revisado,inspecionar mecanismo e fontes; redesenhar quando necessario
601,summary-redacao-recursos-argumentativos-multiplos-dominios-do-saber,Redação,Recursos Argumentativos: Múltiplos Domínios do Saber,instrument:multiplos-dominios,nao-revisado,inspecionar mecanismo e fontes; redesenhar quando necessario
602,summary-redacao-recursos-argumentativos-temas-de-redacao-ja-analisados,Redação,Recursos Argumentativos: Temas de Redação já Analisados,instrument:temas-analisados,nao-revisado,inspecionar mecanismo e fontes; redesenhar quando necessario
603,summary-redacao-recursos-argumentativos-vozes-prestigiadas,Redação,Recursos Argumentativos: Vozes Prestigiadas,instrument:vozes-prestigiadas,nao-revisado,inspecionar mecanismo e fontes; redesenhar quando necessario
604,summary-redacao-recursos-linguisticos-norma-clareza-e-expressividade,Redação,"Recursos Linguísticos: Norma, Clareza e Expressividade",instrument:linguagem-clareza,nao-revisado,inspecionar mecanismo e fontes; redesenhar quando necessario
605,summary-redacao-recursos-de-coesao-referencial-no-texto-dissertativo,Redação,Recursos de Coesão Referencial no Texto Dissertativo,instrument:coesao-referencial,nao-revisado,inspecionar mecanismo e fontes; redesenhar quando necessario
606,summary-redacao-recursos-de-coesao-sequencial-no-texto-dissertativo,Redação,Recursos de Coesão Sequencial no Texto Dissertativo,instrument:coesao-sequencial,nao-revisado,inspecionar mecanismo e fontes; redesenhar quando necessario
607,summary-redacao-redacoes-nota-1000-trunfos-a-inspirar,Redação,Redações Nota 1000: Trunfos a Inspirar,instrument:nota-mil,nao-revisado,inspecionar mecanismo e fontes; redesenhar quando necessario
608,summary-redacao-redacoes-na-midia-como-aprimorar,Redação,Redações na Mídia: como Aprimorar,instrument:redacao-midia,nao-revisado,inspecionar mecanismo e fontes; redesenhar quando necessario
609,summary-redacao-refutando-o-ponto-contrario,Redação,Refutando o Ponto Contrário,instrument:refutacao,nao-revisado,inspecionar mecanismo e fontes; redesenhar quando necessario
610,summary-redacao-repertorio-o-diferencial-de-redacoes-de-sucesso,Redação,Repertório: o Diferencial de Redações de Sucesso,instrument:repertorio,nao-revisado,inspecionar mecanismo e fontes; redesenhar quando necessario
611,summary-redacao-ressalvando-o-ponto-de-vista-contrario,Redação,Ressalvando o Ponto de Vista Contrário,instrument:ressalva,nao-revisado,inspecionar mecanismo e fontes; redesenhar quando necessario
612,summary-redacao-tangenciamento-e-fuga-a-fronteira-do-tema,Redação,Tangenciamento e Fuga: a Fronteira do Tema,instrument:fronteira-tema,nao-revisado,inspecionar mecanismo e fontes; redesenhar quando necessario
613,atu-cop30-belem,Atualidades,"COP30 em Belém: avanços, limites e leitura de prova",instrument:cop30-belem,nao-revisado,inspecionar mecanismo e fontes; redesenhar quando necessario
